ruleId,ruleName,severity,precision,cwe,file,startLine,startColumn,endLine,endColumn,message,helpUri,contextStart,contextEnd,snippet
cpp/unbounded-write,cpp/unbounded-write,9.3,medium,"CWE-120,CWE-787,CWE-805",/media/shafi/Research/STAILOR/dataset/55980/libxml2_55980_vul/xmlmemory.c,529,5,529,11,"This 'call to strcpy' with input from [an environment variable](1) may overflow the destination.
This 'call to strcpy' with input from [a command-line argument](2) may overflow the destination.
This 'call to strcpy' with input from [a command-line argument](3) may overflow the destination.
This 'call to strcpy' with input from [a command-line argument](4) may overflow the destination.",,524,534,"
    s = (char *) HDR_2_CLIENT(p);

    if (xmlMemStopAtBlock == p->mh_number) xmlMallocBreakpoint();

    strcpy(s,str);

    TEST_POINT

    if (xmlMemTraceBlockAt == s) {
	xmlGenericError(xmlGenericErrorContext,"
local/cpp/cwe-120-overflow,local/cpp/cwe-120-overflow,warning,low,CWE-120,/media/shafi/Research/STAILOR/dataset/55980/libxml2_55980_vul/SAX2.c,2629,6,2629,12,CWE-120: Potential Buffer Overflow via memcpy (unchecked length).,,2624,2634,"		    return;
		}
		ctxt->nodemem = size;
		lastChild->content = newbuf;
	    }
	    memcpy(&lastChild->content[ctxt->nodelen], ch, len);
	    ctxt->nodelen += len;
	    lastChild->content[ctxt->nodelen] = 0;
	} else if (coalesceText) {
	    if (xmlTextConcat(lastChild, ch, len)) {
		xmlSAX2ErrMemory(ctxt, ""xmlSAX2Characters"");"
local/cpp/cwe-120-overflow,local/cpp/cwe-120-overflow,warning,low,CWE-120,/media/shafi/Research/STAILOR/dataset/55980/libxml2_55980_vul/dict.c,705,5,705,11,CWE-120: Potential Buffer Overflow via memset (unchecked length).,,700,710,"    dict->dict = xmlMalloc(size * sizeof(xmlDictEntry));
    if (dict->dict == NULL) {
	dict->dict = olddict;
	return(-1);
    }
    memset(dict->dict, 0, size * sizeof(xmlDictEntry));
    dict->size = size;

    /*	If the two loops are merged, there would be situations where
	a new entry needs to allocated and data copied into it from
	the main dict. It is nicer to run through the array twice, first"
local/cpp/cwe-120-overflow,local/cpp/cwe-120-overflow,warning,low,CWE-120,/media/shafi/Research/STAILOR/dataset/55980/libxml2_55980_vul/SAX2.c,1884,6,1884,12,CWE-120: Potential Buffer Overflow via memcpy (unchecked length).,,1879,1889,"
	if ((len < (int) (2 * sizeof(void *))) &&
	    (ctxt->options & XML_PARSE_COMPACT)) {
	    /* store the string in the node overriding properties and nsDef */
	    xmlChar *tmp = (xmlChar *) &(ret->properties);
	    memcpy(tmp, str, len);
	    tmp[len] = 0;
	    intern = tmp;
	} else if ((len <= 3) && ((cur == '""') || (cur == '\'') ||
	    ((cur == '<') && (str[len + 1] != '!')))) {
	    intern = xmlDictLookup(ctxt->dict, str, len);"
local/cpp/cwe-120-overflow,local/cpp/cwe-120-overflow,warning,low,CWE-120,/media/shafi/Research/STAILOR/dataset/55980/libxml2_55980_vul/dict.c,601,6,601,12,CWE-120: Potential Buffer Overflow via memset (unchecked length).,,596,606,"	dict->nbElems = 0;
        dict->dict = xmlMalloc(MIN_DICT_SIZE * sizeof(xmlDictEntry));
	dict->strings = NULL;
	dict->subdict = NULL;
        if (dict->dict) {
	    memset(dict->dict, 0, MIN_DICT_SIZE * sizeof(xmlDictEntry));
#ifdef DICT_RANDOMIZATION
            dict->seed = __xmlRandom();
#else
            dict->seed = 0;
#endif"
local/cpp/cwe-120-overflow,local/cpp/cwe-120-overflow,warning,low,CWE-120,/media/shafi/Research/STAILOR/dataset/55980/libxml2_55980_vul/dict.c,358,5,358,11,CWE-120: Potential Buffer Overflow via memcpy (unchecked length).,,353,363,"        fprintf(stderr, ""+"");
#endif
    }
found_pool:
    ret = pool->free;
    memcpy(pool->free, prefix, plen);
    pool->free += plen;
    *(pool->free++) = ':';
    memcpy(pool->free, name, namelen);
    pool->free += namelen;
    *(pool->free++) = 0;"
local/cpp/cwe-120-overflow,local/cpp/cwe-120-overflow,warning,low,CWE-120,/media/shafi/Research/STAILOR/dataset/55980/libxml2_55980_vul/dict.c,361,5,361,11,CWE-120: Potential Buffer Overflow via memcpy (unchecked length).,,356,366,"found_pool:
    ret = pool->free;
    memcpy(pool->free, prefix, plen);
    pool->free += plen;
    *(pool->free++) = ':';
    memcpy(pool->free, name, namelen);
    pool->free += namelen;
    *(pool->free++) = 0;
    pool->nbStrings++;
    return(ret);
}"
local/cpp/cwe-120-overflow,local/cpp/cwe-120-overflow,warning,low,CWE-120,/media/shafi/Research/STAILOR/dataset/55980/libxml2_55980_vul/dict.c,290,5,290,11,CWE-120: Potential Buffer Overflow via memcpy (unchecked length).,,285,295,"        fprintf(stderr, ""+"");
#endif
    }
found_pool:
    ret = pool->free;
    memcpy(pool->free, name, namelen);
    pool->free += namelen;
    *(pool->free++) = 0;
    pool->nbStrings++;
    return(ret);
}"
local/cpp/cwe-120-overflow,local/cpp/cwe-120-overflow,warning,low,CWE-120,/media/shafi/Research/STAILOR/dataset/55980/libxml2_55980_vul/encoding.c,1151,6,1151,13,CWE-120: Potential Buffer Overflow via memmove (unchecked length).,,1146,1156,"    for (i = 0;i < xmlCharEncodingAliasesNb;i++) {
	if (!strcmp(xmlCharEncodingAliases[i].alias, alias)) {
	    xmlFree((char *) xmlCharEncodingAliases[i].name);
	    xmlFree((char *) xmlCharEncodingAliases[i].alias);
	    xmlCharEncodingAliasesNb--;
	    memmove(&xmlCharEncodingAliases[i], &xmlCharEncodingAliases[i + 1],
		    sizeof(xmlCharEncodingAlias) * (xmlCharEncodingAliasesNb - i));
	    return(0);
	}
    }
    return(-1);"
local/cpp/cwe-120-overflow,local/cpp/cwe-120-overflow,warning,low,CWE-120,/media/shafi/Research/STAILOR/dataset/55980/libxml2_55980_vul/buf.c,823,5,823,12,CWE-120: Potential Buffer Overflow via memmove (unchecked length).,,818,828,"	    xmlBufMemoryError(buf, ""growing buffer"");
            return XML_ERR_NO_MEMORY;
        }
    }

    memmove(&buf->content[buf->use], str, len);
    buf->use += len;
    buf->content[buf->use] = 0;
    UPDATE_COMPAT(buf)
    return 0;
}"
local/cpp/cwe-120-overflow,local/cpp/cwe-120-overflow,warning,low,CWE-120,/media/shafi/Research/STAILOR/dataset/55980/libxml2_55980_vul/buf.c,721,6,721,13,CWE-120: Potential Buffer Overflow via memmove (unchecked length).,,716,726,"    if ((buf->alloc == XML_BUFFER_ALLOC_IO) && (buf->contentIO != NULL)) {
        start_buf = buf->content - buf->contentIO;

        if (start_buf > newSize) {
	    /* move data back to start */
	    memmove(buf->contentIO, buf->content, buf->use);
	    buf->content = buf->contentIO;
	    buf->content[buf->use] = 0;
	    buf->size += start_buf;
	} else {
	    rebuf = (xmlChar *) xmlRealloc(buf->contentIO, start_buf + newSize);"
local/cpp/cwe-120-overflow,local/cpp/cwe-120-overflow,warning,low,CWE-120,/media/shafi/Research/STAILOR/dataset/55980/libxml2_55980_vul/buf.c,749,3,749,9,CWE-120: Potential Buffer Overflow via memcpy (unchecked length).,,744,754,"	     * better to make a new allocation and copy only the used range
	     * and free the old one.
	     */
	    rebuf = (xmlChar *) xmlMallocAtomic(newSize);
	    if (rebuf != NULL) {
		memcpy(rebuf, buf->content, buf->use);
		xmlFree(buf->content);
		rebuf[buf->use] = 0;
	    }
	}
	if (rebuf == NULL) {"
local/cpp/cwe-120-overflow,local/cpp/cwe-120-overflow,warning,low,CWE-120,/media/shafi/Research/STAILOR/dataset/55980/libxml2_55980_vul/encoding.c,391,5,391,11,CWE-120: Potential Buffer Overflow via memcpy (unchecked length).,,386,396,"    /*
     * FIXME: Conversion functions must assure valid UTF-8, so we have
     * to check for UTF-8 validity. Preferably, this converter shouldn't
     * be used at all.
     */
    memcpy(out, inb, len);

    *outlen = len;
    *inlenb = len;
    return(*outlen);
}"
local/cpp/cwe-120-overflow,local/cpp/cwe-120-overflow,warning,low,CWE-120,/media/shafi/Research/STAILOR/dataset/55980/libxml2_55980_vul/buf.c,364,3,364,10,CWE-120: Potential Buffer Overflow via memmove (unchecked length).,,359,369,"	 * on IO buffers
	 */
	if ((buf->alloc == XML_BUFFER_ALLOC_IO) && (buf->contentIO != NULL)) {
	    size_t start_buf = buf->content - buf->contentIO;
	    if (start_buf >= buf->size) {
		memmove(buf->contentIO, &buf->content[0], buf->use);
		buf->content = buf->contentIO;
		buf->content[buf->use] = 0;
		buf->size += start_buf;
	    }
	}"
local/cpp/cwe-120-overflow,local/cpp/cwe-120-overflow,warning,low,CWE-120,/media/shafi/Research/STAILOR/dataset/55980/libxml2_55980_vul/buf.c,371,2,371,9,CWE-120: Potential Buffer Overflow via memmove (unchecked length).,,366,376,"		buf->content[buf->use] = 0;
		buf->size += start_buf;
	    }
	}
    } else {
	memmove(buf->content, &buf->content[len], buf->use);
	buf->content[buf->use] = 0;
    }
    UPDATE_COMPAT(buf)
    return(len);
}"
local/cpp/cwe-120-overflow,local/cpp/cwe-120-overflow,warning,low,CWE-120,/media/shafi/Research/STAILOR/dataset/55980/libxml2_55980_vul/hash.c,259,5,259,11,CWE-120: Potential Buffer Overflow via memset (unchecked length).,,254,264,"    table->table = xmlMalloc(size * sizeof(xmlHashEntry));
    if (table->table == NULL) {
	table->table = oldtable;
	return(-1);
    }
    memset(table->table, 0, size * sizeof(xmlHashEntry));
    table->size = size;

    /*	If the two loops are merged, there would be situations where
	a new entry needs to allocated and data copied into it from
	the main table. So instead, we run through the array twice, first"
local/cpp/cwe-120-overflow,local/cpp/cwe-120-overflow,warning,low,CWE-120,/media/shafi/Research/STAILOR/dataset/55980/libxml2_55980_vul/hash.c,191,6,191,12,CWE-120: Potential Buffer Overflow via memset (unchecked length).,,186,196,"        table->dict = NULL;
        table->size = size;
	table->nbElems = 0;
        table->table = xmlMalloc(size * sizeof(xmlHashEntry));
        if (table->table) {
	    memset(table->table, 0, size * sizeof(xmlHashEntry));
#ifdef HASH_RANDOMIZATION
            table->random_seed = __xmlRandom();
#endif
	    return(table);
        }"
local/cpp/cwe-120-overflow,local/cpp/cwe-120-overflow,warning,low,CWE-120,/media/shafi/Research/STAILOR/dataset/55980/libxml2_55980_vul/nanohttp.c,1325,5,1325,11,CWE-120: Potential Buffer Overflow via memcpy (unchecked length).,,1320,1330,"	return 0;

    /* (Avoid strdup because it's not portable.) */
    envlen = strlen(env) + 1;
    cpy = xmlMalloc(envlen);
    memcpy(cpy, env, envlen);
    env = cpy;

    /* The remainder of the function is basically a tokenizing: */
    while (isspace(*env))
    	++env;"
local/cpp/cwe-120-overflow,local/cpp/cwe-120-overflow,warning,low,CWE-120,/media/shafi/Research/STAILOR/dataset/55980/libxml2_55980_vul/nanohttp.c,1242,5,1242,11,CWE-120: Potential Buffer Overflow via memcpy (unchecked length).,,1237,1247,"    while (ctxt->inptr - ctxt->inrptr < len) {
        if (xmlNanoHTTPRecv(ctxt) <= 0) break;
    }
    if (ctxt->inptr - ctxt->inrptr < len)
        len = ctxt->inptr - ctxt->inrptr;
    memcpy(dest, ctxt->inrptr, len);
    ctxt->inrptr += len;
    return(len);
}

/**"
local/cpp/cwe-120-overflow,local/cpp/cwe-120-overflow,warning,low,CWE-120,/media/shafi/Research/STAILOR/dataset/55980/libxml2_55980_vul/nanohttp.c,1123,3,1123,9,CWE-120: Potential Buffer Overflow via memcpy (unchecked length).,,1118,1128,"		/* A records (IPv4) */
		if ((unsigned int) h->h_length > sizeof(ia)) {
		    __xmlIOErr(XML_FROM_HTTP, 0, ""address size mismatch\n"");
		    return INVALID_SOCKET;
		}
		memcpy (&ia, h->h_addr_list[i], h->h_length);
		sockin.sin_family = h->h_addrtype;
		sockin.sin_addr = ia;
		sockin.sin_port = (unsigned short)htons ((unsigned short)port);
		addr = (struct sockaddr *) &sockin;
	    } else"
local/cpp/cwe-120-overflow,local/cpp/cwe-120-overflow,warning,low,CWE-120,/media/shafi/Research/STAILOR/dataset/55980/libxml2_55980_vul/c14n.c,328,2,328,8,CWE-120: Potential Buffer Overflow via memset (unchecked length).,,323,333,"        cur->nodeTab = (xmlNodePtr*) xmlMalloc(XML_NAMESPACES_DEFAULT * sizeof(xmlNodePtr));
	if ((cur->nsTab == NULL) || (cur->nodeTab == NULL)) {
	    xmlC14NErrMemory(""adding node to stack"");
	    return;
	}
	memset(cur->nsTab, 0 , XML_NAMESPACES_DEFAULT * sizeof(xmlNsPtr));
	memset(cur->nodeTab, 0 , XML_NAMESPACES_DEFAULT * sizeof(xmlNodePtr));
        cur->nsMax = XML_NAMESPACES_DEFAULT;
    } else if(cur->nsMax == cur->nsCurEnd) {
	void *tmp;
	int tmpSize;"
local/cpp/cwe-120-overflow,local/cpp/cwe-120-overflow,warning,low,CWE-120,/media/shafi/Research/STAILOR/dataset/55980/libxml2_55980_vul/c14n.c,329,2,329,8,CWE-120: Potential Buffer Overflow via memset (unchecked length).,,324,334,"	if ((cur->nsTab == NULL) || (cur->nodeTab == NULL)) {
	    xmlC14NErrMemory(""adding node to stack"");
	    return;
	}
	memset(cur->nsTab, 0 , XML_NAMESPACES_DEFAULT * sizeof(xmlNsPtr));
	memset(cur->nodeTab, 0 , XML_NAMESPACES_DEFAULT * sizeof(xmlNodePtr));
        cur->nsMax = XML_NAMESPACES_DEFAULT;
    } else if(cur->nsMax == cur->nsCurEnd) {
	void *tmp;
	int tmpSize;
"
local/cpp/cwe-120-overflow,local/cpp/cwe-120-overflow,warning,low,CWE-120,/media/shafi/Research/STAILOR/dataset/55980/libxml2_55980_vul/c14n.c,300,2,300,8,CWE-120: Potential Buffer Overflow via memset (unchecked length).,,295,305,"    if(cur == NULL) {
        xmlC14NErrParam(""destroying namespaces stack"");
        return;
    }
    if(cur->nsTab != NULL) {
	memset(cur->nsTab, 0, cur->nsMax * sizeof(xmlNsPtr));
	xmlFree(cur->nsTab);
    }
    if(cur->nodeTab != NULL) {
	memset(cur->nodeTab, 0, cur->nsMax * sizeof(xmlNodePtr));
	xmlFree(cur->nodeTab);"
local/cpp/cwe-120-overflow,local/cpp/cwe-120-overflow,warning,low,CWE-120,/media/shafi/Research/STAILOR/dataset/55980/libxml2_55980_vul/c14n.c,304,2,304,8,CWE-120: Potential Buffer Overflow via memset (unchecked length).,,299,309,"    if(cur->nsTab != NULL) {
	memset(cur->nsTab, 0, cur->nsMax * sizeof(xmlNsPtr));
	xmlFree(cur->nsTab);
    }
    if(cur->nodeTab != NULL) {
	memset(cur->nodeTab, 0, cur->nsMax * sizeof(xmlNodePtr));
	xmlFree(cur->nodeTab);
    }
    memset(cur, 0, sizeof(xmlC14NVisibleNsStack));
    xmlFree(cur);
"
local/cpp/cwe-120-overflow,local/cpp/cwe-120-overflow,warning,low,CWE-120,/media/shafi/Research/STAILOR/dataset/55980/libxml2_55980_vul/runtest.c,4731,12,4731,17,CWE-120: Potential Buffer Overflow via fgets (unchecked length).,,4726,4736,"	fclose(input);
	return(-1);
    }
    ret = 0;

    while (fgets(expr, 4500, input) != NULL) {
	if (expr[0] == '#')
	    continue;
	len = strlen(expr);
	len--;
	while ((len >= 0) &&"
local/cpp/cwe-120-overflow,local/cpp/cwe-120-overflow,warning,low,CWE-120,/media/shafi/Research/STAILOR/dataset/55980/libxml2_55980_vul/nanohttp.c,527,13,527,20,CWE-120: Potential Buffer Overflow via memmove (unchecked length).,,522,532,"        }
        if (ctxt->inrptr > ctxt->in + XML_NANO_HTTP_CHUNK) {
            int delta = ctxt->inrptr - ctxt->in;
            int len = ctxt->inptr - ctxt->inrptr;

            memmove(ctxt->in, ctxt->inrptr, len);
            ctxt->inrptr -= delta;
            ctxt->content -= delta;
            ctxt->inptr -= delta;
        }
        if ((ctxt->in + ctxt->inlen) < (ctxt->inptr + XML_NANO_HTTP_CHUNK)) {"
local/cpp/cwe-120-overflow,local/cpp/cwe-120-overflow,warning,low,CWE-120,/media/shafi/Research/STAILOR/dataset/55980/libxml2_55980_vul/runtest.c,4595,12,4595,17,CWE-120: Potential Buffer Overflow via fgets (unchecked length).,,4590,4600,"    if (output == NULL) {
	fprintf(stderr, ""failed to open output file %s\n"", temp);
        free(temp);
	return(-1);
    }
    while (fgets(expression, 4500, input) != NULL) {
	len = strlen(expression);
	len--;
	while ((len >= 0) &&
	       ((expression[len] == '\n') || (expression[len] == '\t') ||
		(expression[len] == '\r') || (expression[len] == ' '))) len--;"
local/cpp/cwe-120-overflow,local/cpp/cwe-120-overflow,warning,low,CWE-120,/media/shafi/Research/STAILOR/dataset/55980/libxml2_55980_vul/nanohttp.c,550,22,550,26,CWE-120: Potential Buffer Overflow via recv (unchecked length).,,545,555,"            }
            ctxt->inptr = ctxt->in + d_inptr;
            ctxt->content = ctxt->in + d_content;
            ctxt->inrptr = ctxt->in + d_inrptr;
        }
        ctxt->last = recv(ctxt->fd, ctxt->inptr, XML_NANO_HTTP_CHUNK, 0);
        if (ctxt->last > 0) {
            ctxt->inptr += ctxt->last;
            return (ctxt->last);
        }
        if (ctxt->last == 0) {"
local/cpp/cwe-120-overflow,local/cpp/cwe-120-overflow,warning,low,CWE-120,/media/shafi/Research/STAILOR/dataset/55980/libxml2_55980_vul/runtest.c,4264,5,4264,11,CWE-120: Potential Buffer Overflow via memcpy (unchecked length).,,4259,4269,"    int ret = 0;

    base = baseFilename(filename);
    len = strlen(base);
    len -= 4;
    memcpy(prefix, base, len);
    prefix[len] = 0;

    if (snprintf(buf, 499, ""result/c14n/%s/%s"", subdir, prefix) >= 499)
        buf[499] = 0;
    result = strdup(buf);"
local/cpp/cwe-120-overflow,local/cpp/cwe-120-overflow,warning,low,CWE-120,/media/shafi/Research/STAILOR/dataset/55980/libxml2_55980_vul/catalog.c,997,11,997,15,CWE-120: Potential Buffer Overflow via read (unchecked length).,,992,1002,"	fclose(fd);
#endif
        return (NULL);
    }
#ifdef HAVE_STAT
    len = read(fd, content, size);
    close(fd);
#else
    len = fread(content, 1, size, fd);
    fclose(fd);
#endif"
local/cpp/cwe-120-overflow,local/cpp/cwe-120-overflow,warning,low,CWE-120,/media/shafi/Research/STAILOR/dataset/55980/libxml2_55980_vul/testThreads.c,115,9,115,15,CWE-120: Potential Buffer Overflow via memset (unchecked length).,,110,120,"
    xmlInitParser();
    for (repeat = 0;repeat < TEST_REPEAT_COUNT;repeat++) {
	xmlLoadCatalog(catalog);

        memset(tid, 0xff, sizeof(*tid)*num_threads);

	for (i = 0; i < num_threads; i++) {
	    ret = pthread_create(&tid[i], NULL, thread_specific_data,
				 (void *) &threadParams[i]);
	    if (ret != 0) {"
local/cpp/cwe-120-overflow,local/cpp/cwe-120-overflow,warning,low,CWE-120,/media/shafi/Research/STAILOR/dataset/55980/libxml2_55980_vul/HTMLparser.c,2325,6,2325,12,CWE-120: Potential Buffer Overflow via memcpy (unchecked length).,,2320,2330,"		cp = ent->name;
	    len = strlen(cp);
	    if (out + 2 + len > outend)
		break;
	    *out++ = '&';
	    memcpy(out, cp, len);
	    out += len;
	    *out++ = ';';
	}
	processed = in;
    }"
local/cpp/cwe-120-overflow,local/cpp/cwe-120-overflow,warning,low,CWE-120,/media/shafi/Research/STAILOR/dataset/55980/libxml2_55980_vul/HTMLparser.c,2226,6,2226,12,CWE-120: Potential Buffer Overflow via memcpy (unchecked length).,,2221,2231,"	      cp = ent->name;
	    len = strlen(cp);
	    if (out + 2 + len >= outend)
		break;
	    *out++ = '&';
	    memcpy(out, cp, len);
	    out += len;
	    *out++ = ';';
	}
	processed = in;
    }"
local/cpp/cwe-120-overflow,local/cpp/cwe-120-overflow,warning,low,CWE-120,/media/shafi/Research/STAILOR/dataset/55980/libxml2_55980_vul/runtest.c,3891,5,3891,11,CWE-120: Potential Buffer Overflow via memcpy (unchecked length).,,3886,3896,"    xmlTextReaderPtr reader;
    xmlDocPtr doc;

    len = strlen(filename);
    len -= 4;
    memcpy(xml, filename, len);
    xml[len] = 0;
    if (snprintf(result, 499, ""result/pattern/%s"", baseFilename(xml)) >= 499)
        result[499] = 0;
    memcpy(xml + len, "".xml"", 5);
"
local/cpp/cwe-120-overflow,local/cpp/cwe-120-overflow,warning,low,CWE-120,/media/shafi/Research/STAILOR/dataset/55980/libxml2_55980_vul/runtest.c,3895,5,3895,11,CWE-120: Potential Buffer Overflow via memcpy (unchecked length).,,3890,3900,"    len -= 4;
    memcpy(xml, filename, len);
    xml[len] = 0;
    if (snprintf(result, 499, ""result/pattern/%s"", baseFilename(xml)) >= 499)
        result[499] = 0;
    memcpy(xml + len, "".xml"", 5);

    if (!checkTestFile(xml) && !update_results) {
	fprintf(stderr, ""Missing xml file %s\n"", xml);
	return(-1);
    }"
local/cpp/cwe-120-overflow,local/cpp/cwe-120-overflow,warning,low,CWE-120,/media/shafi/Research/STAILOR/dataset/55980/libxml2_55980_vul/runtest.c,3922,6,3922,11,CWE-120: Potential Buffer Overflow via fgets (unchecked length).,,3917,3927,"    }
    while (1) {
	/*
	 * read one line in string buffer.
	 */
	if (fgets (&str[0], sizeof (str) - 1, f) == NULL)
	   break;

	/*
	 * remove the ending spaces
	 */"
local/cpp/cwe-120-overflow,local/cpp/cwe-120-overflow,warning,low,CWE-120,/media/shafi/Research/STAILOR/dataset/55980/libxml2_55980_vul/runtest.c,3736,5,3736,11,CWE-120: Potential Buffer Overflow via memcpy (unchecked length).,,3731,3741,"    if ((len > 499) || (len < 5)) {
	fprintf(stderr, ""len(base) == %d !\n"", len);
	return(-1);
    }
    len -= 4; /* remove trailing .rng */
    memcpy(prefix, base, len);
    prefix[len] = 0;

    /*
     * strictly unifying the error messages is nearly impossible this
     * hack is also done in the Makefile"
local/cpp/cwe-120-overflow,local/cpp/cwe-120-overflow,warning,low,CWE-120,/media/shafi/Research/STAILOR/dataset/55980/libxml2_55980_vul/runtest.c,3651,5,3651,11,CWE-120: Potential Buffer Overflow via memcpy (unchecked length).,,3646,3656,"    if ((len > 499) || (len < 5)) {
        xmlRelaxNGFree(schemas);
	return(-1);
    }
    len -= 4; /* remove trailing .rng */
    memcpy(prefix, base, len);
    prefix[len] = 0;

    if (snprintf(pattern, 499, ""./test/relaxng/%s_?.xml"", prefix) >= 499)
        pattern[499] = 0;
"
local/cpp/cwe-120-overflow,local/cpp/cwe-120-overflow,warning,low,CWE-120,/media/shafi/Research/STAILOR/dataset/55980/libxml2_55980_vul/runtest.c,3486,5,3486,11,CWE-120: Potential Buffer Overflow via memcpy (unchecked length).,,3481,3491,"        len -= 2; /* remove subtest number */
    }
    if (base[len - 2] == '_') {
        len -= 2; /* remove subtest number */
    }
    memcpy(prefix, base, len);
    prefix[len] = 0;

    if (snprintf(pattern, 499, ""./test/schemas/%s_*.xml"", prefix) >= 499)
        pattern[499] = 0;
"
local/cpp/cwe-120-overflow,local/cpp/cwe-120-overflow,warning,low,CWE-120,/media/shafi/Research/STAILOR/dataset/55980/libxml2_55980_vul/runtest.c,3494,2,3494,8,CWE-120: Potential Buffer Overflow via memcpy (unchecked length).,,3489,3499,"    if (snprintf(pattern, 499, ""./test/schemas/%s_*.xml"", prefix) >= 499)
        pattern[499] = 0;

    if (base[len] == '_') {
        len += 2;
	memcpy(prefix, base, len);
	prefix[len] = 0;
    }

    globbuf.gl_offs = 0;
    glob(pattern, GLOB_DOOFFS, NULL, &globbuf);"
local/cpp/cwe-120-overflow,local/cpp/cwe-120-overflow,warning,low,CWE-120,/media/shafi/Research/STAILOR/dataset/55980/libxml2_55980_vul/runtest.c,3305,4,3305,10,CWE-120: Potential Buffer Overflow via memcpy (unchecked length).,,3300,3310,"
   if ((context == NULL) || (buffer == NULL) || (len < 0))
       return(-1);

   if (len > urip_rlen) len = urip_rlen;
   memcpy(buffer, ptr, len);
   urip_rlen -= len;
   return(len);
}

static int"
local/cpp/cwe-120-overflow,local/cpp/cwe-120-overflow,warning,low,CWE-120,/media/shafi/Research/STAILOR/dataset/55980/libxml2_55980_vul/runtest.c,3116,6,3116,11,CWE-120: Potential Buffer Overflow via fgets (unchecked length).,,3111,3121,"
    while (1) {
	/*
	 * read one line in string buffer.
	 */
	if (fgets (&str[0], sizeof (str) - 1, f) == NULL)
	   break;

	/*
	 * remove the ending spaces
	 */"
local/cpp/cwe-120-overflow,local/cpp/cwe-120-overflow,warning,low,CWE-120,/media/shafi/Research/STAILOR/dataset/55980/libxml2_55980_vul/relaxng.c,9384,5,9384,11,CWE-120: Potential Buffer Overflow via memset (unchecked length).,,9379,9389,"    list = (xmlNodePtr *) xmlMalloc(nbgroups * sizeof(xmlNodePtr));
    if (list == NULL) {
        xmlRngVErrMemory(ctxt, ""validating\n"");
        return (-1);
    }
    memset(list, 0, nbgroups * sizeof(xmlNodePtr));
    lasts = (xmlNodePtr *) xmlMalloc(nbgroups * sizeof(xmlNodePtr));
    if (lasts == NULL) {
        xmlRngVErrMemory(ctxt, ""validating\n"");
        return (-1);
    }"
local/cpp/cwe-120-overflow,local/cpp/cwe-120-overflow,warning,low,CWE-120,/media/shafi/Research/STAILOR/dataset/55980/libxml2_55980_vul/relaxng.c,9390,5,9390,11,CWE-120: Potential Buffer Overflow via memset (unchecked length).,,9385,9395,"    lasts = (xmlNodePtr *) xmlMalloc(nbgroups * sizeof(xmlNodePtr));
    if (lasts == NULL) {
        xmlRngVErrMemory(ctxt, ""validating\n"");
        return (-1);
    }
    memset(lasts, 0, nbgroups * sizeof(xmlNodePtr));

    /*
     * Walk the sequence of children finding the right group and
     * sorting them in sequences.
     */"
local/cpp/cwe-120-overflow,local/cpp/cwe-120-overflow,warning,low,CWE-120,/media/shafi/Research/STAILOR/dataset/55980/libxml2_55980_vul/runtest.c,2809,12,2809,17,CWE-120: Potential Buffer Overflow via fgets (unchecked length).,,2804,2814,"        xmlGenericError(xmlGenericErrorContext,
		""Cannot open %s for reading\n"", filename);
        free(temp);
	return(-1);
    }
    while (fgets(expression, 4500, input) != NULL) {
	len = strlen(expression);
	len--;
	while ((len >= 0) &&
	       ((expression[len] == '\n') || (expression[len] == '\t') ||
		(expression[len] == '\r') || (expression[len] == ' '))) len--;"
local/cpp/cwe-120-overflow,local/cpp/cwe-120-overflow,warning,low,CWE-120,/media/shafi/Research/STAILOR/dataset/55980/libxml2_55980_vul/testrecurse.c,628,5,628,12,CWE-120: Potential Buffer Overflow via strncpy (unchecked length).,,623,633,"    if (suffix == NULL)
        suffix = "".tmp"";
    if (out == NULL)
        out = """";

    strncpy(suffixbuff,suffix,499);
#ifdef VMS
    if(strstr(base,""."") && suffixbuff[0]=='.')
      suffixbuff[0]='_';
#endif
"
local/cpp/cwe-120-overflow,local/cpp/cwe-120-overflow,warning,low,CWE-120,/media/shafi/Research/STAILOR/dataset/55980/libxml2_55980_vul/testrecurse.c,247,2,247,8,CWE-120: Potential Buffer Overflow via memcpy (unchecked length).,,242,252,"            rlen = 0;
            return(0);
        }
        len = rlen;
        rlen = 0;
	memcpy(buffer, current, len);
        curseg ++;
        if (curseg == MAX_NODES) {
	    fprintf(stderr, ""\n"");
            rlen = strlen(finish);
            current = finish;"
local/cpp/cwe-120-overflow,local/cpp/cwe-120-overflow,warning,low,CWE-120,/media/shafi/Research/STAILOR/dataset/55980/libxml2_55980_vul/testrecurse.c,260,2,260,8,CWE-120: Potential Buffer Overflow via memcpy (unchecked length).,,255,265,"	        fprintf(stderr, ""."");
            rlen = strlen(segment);
            current = segment;
	}
    } else {
	memcpy(buffer, current, len);
	rlen -= len;
        current += len;
    }
    return (len);
}"
local/cpp/cwe-120-overflow,local/cpp/cwe-120-overflow,warning,low,CWE-120,/media/shafi/Research/STAILOR/dataset/55980/libxml2_55980_vul/testchar.c,602,5,602,11,CWE-120: Potential Buffer Overflow via memset (unchecked length).,,597,607,"    xmlParserCtxtPtr ctxt;
    xmlParserInputBufferPtr buf;
    xmlParserInputPtr input;
    int test_ret = 0;

    memset(data, 0, 5);

    /*
     * Set up a parsing context using the above data buffer as
     * the current input source.
     */"
local/cpp/cwe-120-overflow,local/cpp/cwe-120-overflow,warning,low,CWE-120,/media/shafi/Research/STAILOR/dataset/55980/libxml2_55980_vul/uri.c,2334,6,2334,12,CWE-120: Potential Buffer Overflow via memcpy (unchecked length).,,2329,2339,"     * Finish up with the end of the URI
     */
    if (uptr != NULL) {
        if ((vptr > val) && (len > 0) &&
	    (uptr[0] == '/') && (vptr[-1] == '/')) {
	    memcpy (vptr, uptr + 1, len - 1);
	    vptr[len - 2] = 0;
	} else {
	    memcpy (vptr, uptr, len);
	    vptr[len - 1] = 0;
	}"
local/cpp/cwe-120-overflow,local/cpp/cwe-120-overflow,warning,low,CWE-120,/media/shafi/Research/STAILOR/dataset/55980/libxml2_55980_vul/uri.c,2337,6,2337,12,CWE-120: Potential Buffer Overflow via memcpy (unchecked length).,,2332,2342,"        if ((vptr > val) && (len > 0) &&
	    (uptr[0] == '/') && (vptr[-1] == '/')) {
	    memcpy (vptr, uptr + 1, len - 1);
	    vptr[len - 2] = 0;
	} else {
	    memcpy (vptr, uptr, len);
	    vptr[len - 1] = 0;
	}
    } else {
	vptr[len - 1] = 0;
    }"
local/cpp/cwe-120-overflow,local/cpp/cwe-120-overflow,warning,low,CWE-120,/media/shafi/Research/STAILOR/dataset/55980/libxml2_55980_vul/runtest.c,747,19,747,23,CWE-120: Potential Buffer Overflow via read (unchecked length).,,742,752,"	return(-1);
    if ((fd = open(filename, RD_FLAGS)) < 0) {
        free(base);
	return(-1);
    }
    while ((res = read(fd, &base[siz], info.st_size - siz)) > 0) {
        siz += res;
    }
    close(fd);
#if !defined(_WIN32)
    if (siz != info.st_size) {"
local/cpp/cwe-120-overflow,local/cpp/cwe-120-overflow,warning,low,CWE-120,/media/shafi/Research/STAILOR/dataset/55980/libxml2_55980_vul/runtest.c,710,15,710,19,CWE-120: Potential Buffer Overflow via read (unchecked length).,,705,715,"    if (fd < 0) {
	fprintf(stderr, ""failed to open %s for reading"", filename);
        return(-1);
    }
    while (idx < size) {
        res = read(fd, bytes, 4096);
	if (res <= 0)
	    break;
	if (res + idx > size)
	    break;
	if (memcmp(bytes, &mem[idx], res) != 0) {"
local/cpp/cwe-120-overflow,local/cpp/cwe-120-overflow,warning,low,CWE-120,/media/shafi/Research/STAILOR/dataset/55980/libxml2_55980_vul/runtest.c,628,20,628,24,CWE-120: Potential Buffer Overflow via read (unchecked length).,,623,633,"            close(fd1);
            return(-1);
        }
        total = 0;
        do {
            res1 = read(fd1, bytes1, 4096);
            if (res1 <= 0)
                break;
            total += res1;
            res2 = write(fd2, bytes1, res1);
            if (res2 <= 0 || res2 != res1)"
local/cpp/cwe-120-overflow,local/cpp/cwe-120-overflow,warning,low,CWE-120,/media/shafi/Research/STAILOR/dataset/55980/libxml2_55980_vul/runtest.c,648,16,648,20,CWE-120: Potential Buffer Overflow via read (unchecked length).,,643,653,"    fd1 = open(r1, RD_FLAGS);
    if (fd1 < 0)
        return(-1);
    fd2 = open(r2, RD_FLAGS);
    while (1) {
        res1 = read(fd1, bytes1, 4096);
        res2 = fd2 >= 0 ? read(fd2, bytes2, 4096) : 0;
	if ((res1 != res2) || (res1 < 0)) {
	    close(fd1);
            if (fd2 >= 0)
                close(fd2);"
local/cpp/cwe-120-overflow,local/cpp/cwe-120-overflow,warning,low,CWE-120,/media/shafi/Research/STAILOR/dataset/55980/libxml2_55980_vul/runtest.c,649,27,649,31,CWE-120: Potential Buffer Overflow via read (unchecked length).,,644,654,"    if (fd1 < 0)
        return(-1);
    fd2 = open(r2, RD_FLAGS);
    while (1) {
        res1 = read(fd1, bytes1, 4096);
        res2 = fd2 >= 0 ? read(fd2, bytes2, 4096) : 0;
	if ((res1 != res2) || (res1 < 0)) {
	    close(fd1);
            if (fd2 >= 0)
                close(fd2);
	    return(1);"
local/cpp/cwe-120-overflow,local/cpp/cwe-120-overflow,warning,low,CWE-120,/media/shafi/Research/STAILOR/dataset/55980/libxml2_55980_vul/runtest.c,583,5,583,12,CWE-120: Potential Buffer Overflow via strncpy (unchecked length).,,578,588,"    if (suffix == NULL)
        suffix = "".tmp"";
    if (out == NULL)
        out = """";

    strncpy(suffixbuff,suffix,499);
#ifdef VMS
    if(strstr(base,""."") && suffixbuff[0]=='.')
      suffixbuff[0]='_';
#endif
"
local/cpp/cwe-120-overflow,local/cpp/cwe-120-overflow,warning,low,CWE-120,/media/shafi/Research/STAILOR/dataset/55980/libxml2_55980_vul/testlimits.c,336,13,336,19,CWE-120: Potential Buffer Overflow via memcpy (unchecked length).,,331,341,"    }
    if (instate == 0) {
        if (len >= rlen) {
            len = rlen;
            rlen = 0;
            memcpy(buffer, current, len);
            instate = 1;
            curlen = 0;
        } else {
            memcpy(buffer, current, len);
            rlen -= len;"
local/cpp/cwe-120-overflow,local/cpp/cwe-120-overflow,warning,low,CWE-120,/media/shafi/Research/STAILOR/dataset/55980/libxml2_55980_vul/testlimits.c,340,13,340,19,CWE-120: Potential Buffer Overflow via memcpy (unchecked length).,,335,345,"            rlen = 0;
            memcpy(buffer, current, len);
            instate = 1;
            curlen = 0;
        } else {
            memcpy(buffer, current, len);
            rlen -= len;
            current += len;
        }
    } else if (instate == 2) {
        if (len >= rlen) {"
local/cpp/cwe-120-overflow,local/cpp/cwe-120-overflow,warning,low,CWE-120,/media/shafi/Research/STAILOR/dataset/55980/libxml2_55980_vul/testlimits.c,348,13,348,19,CWE-120: Potential Buffer Overflow via memcpy (unchecked length).,,343,353,"        }
    } else if (instate == 2) {
        if (len >= rlen) {
            len = rlen;
            rlen = 0;
            memcpy(buffer, current, len);
            instate = 3;
            curlen = 0;
        } else {
            memcpy(buffer, current, len);
            rlen -= len;"
local/cpp/cwe-120-overflow,local/cpp/cwe-120-overflow,warning,low,CWE-120,/media/shafi/Research/STAILOR/dataset/55980/libxml2_55980_vul/testlimits.c,352,13,352,19,CWE-120: Potential Buffer Overflow via memcpy (unchecked length).,,347,357,"            rlen = 0;
            memcpy(buffer, current, len);
            instate = 3;
            curlen = 0;
        } else {
            memcpy(buffer, current, len);
            rlen -= len;
            current += len;
        }
    } else if (instate == 1) {
        if (len > CHUNK) len = CHUNK;"
local/cpp/cwe-120-overflow,local/cpp/cwe-120-overflow,warning,low,CWE-120,/media/shafi/Research/STAILOR/dataset/55980/libxml2_55980_vul/testlimits.c,358,9,358,15,CWE-120: Potential Buffer Overflow via memcpy (unchecked length).,,353,363,"            rlen -= len;
            current += len;
        }
    } else if (instate == 1) {
        if (len > CHUNK) len = CHUNK;
        memcpy(buffer, &filling[0], len);
        curlen += len;
        if (curlen >= maxlen) {
            rlen = strlen(crazy) - crazy_indx;
            current = &crazy[crazy_indx];
            instate = 2;"
local/cpp/cwe-120-overflow,local/cpp/cwe-120-overflow,warning,low,CWE-120,/media/shafi/Research/STAILOR/dataset/55980/libxml2_55980_vul/testlimits.c,189,13,189,19,CWE-120: Potential Buffer Overflow via memcpy (unchecked length).,,184,194,"
    if (instate == 0) {
        if (len >= rlen) {
            len = rlen;
            rlen = 0;
            memcpy(buffer, current, len);
            instate = 1;
            curlen = 0;
            dotlen = maxlen / 10;
        } else {
            memcpy(buffer, current, len);"
local/cpp/cwe-120-overflow,local/cpp/cwe-120-overflow,warning,low,CWE-120,/media/shafi/Research/STAILOR/dataset/55980/libxml2_55980_vul/testlimits.c,194,13,194,19,CWE-120: Potential Buffer Overflow via memcpy (unchecked length).,,189,199,"            memcpy(buffer, current, len);
            instate = 1;
            curlen = 0;
            dotlen = maxlen / 10;
        } else {
            memcpy(buffer, current, len);
            rlen -= len;
            current += len;
        }
    } else if (instate == 2) {
        if (len >= rlen) {"
local/cpp/cwe-120-overflow,local/cpp/cwe-120-overflow,warning,low,CWE-120,/media/shafi/Research/STAILOR/dataset/55980/libxml2_55980_vul/testlimits.c,202,13,202,19,CWE-120: Potential Buffer Overflow via memcpy (unchecked length).,,197,207,"        }
    } else if (instate == 2) {
        if (len >= rlen) {
            len = rlen;
            rlen = 0;
            memcpy(buffer, current, len);
            instate = 3;
            curlen = 0;
        } else {
            memcpy(buffer, current, len);
            rlen -= len;"
local/cpp/cwe-120-overflow,local/cpp/cwe-120-overflow,warning,low,CWE-120,/media/shafi/Research/STAILOR/dataset/55980/libxml2_55980_vul/testlimits.c,206,13,206,19,CWE-120: Potential Buffer Overflow via memcpy (unchecked length).,,201,211,"            rlen = 0;
            memcpy(buffer, current, len);
            instate = 3;
            curlen = 0;
        } else {
            memcpy(buffer, current, len);
            rlen -= len;
            current += len;
        }
    } else if (instate == 1) {
        if (len > CHUNK) len = CHUNK;"
local/cpp/cwe-120-overflow,local/cpp/cwe-120-overflow,warning,low,CWE-120,/media/shafi/Research/STAILOR/dataset/55980/libxml2_55980_vul/testlimits.c,212,9,212,15,CWE-120: Potential Buffer Overflow via memcpy (unchecked length).,,207,217,"            rlen -= len;
            current += len;
        }
    } else if (instate == 1) {
        if (len > CHUNK) len = CHUNK;
        memcpy(buffer, &filling[0], len);
        curlen += len;
        if (curlen >= maxlen) {
            rlen = strlen(hugeTests[currentTest].end);
            current = hugeTests[currentTest].end;
            instate = 2;"
local/cpp/cwe-120-overflow,local/cpp/cwe-120-overflow,warning,low,CWE-120,/media/shafi/Research/STAILOR/dataset/55980/libxml2_55980_vul/tree.c,7688,13,7688,20,CWE-120: Potential Buffer Overflow via memmove (unchecked length).,,7683,7693,"	if (start_buf > (unsigned int) len) {
	    /*
	     * We can add it in the space previously shrunk
	     */
	    buf->content -= len;
            memmove(&buf->content[0], str, len);
	    buf->use += len;
	    buf->size += len;
            buf->content[buf->use] = 0;
	    return(0);
	}"
local/cpp/cwe-120-overflow,local/cpp/cwe-120-overflow,warning,low,CWE-120,/media/shafi/Research/STAILOR/dataset/55980/libxml2_55980_vul/tree.c,7708,5,7708,12,CWE-120: Potential Buffer Overflow via memmove (unchecked length).,,7703,7713,"	    xmlTreeErrMemory(""growing buffer"");
            return XML_ERR_NO_MEMORY;
        }
    }

    memmove(&buf->content[len], &buf->content[0], buf->use);
    memmove(&buf->content[0], str, len);
    buf->use += len;
    buf->content[buf->use] = 0;
    return 0;
}"
local/cpp/cwe-120-overflow,local/cpp/cwe-120-overflow,warning,low,CWE-120,/media/shafi/Research/STAILOR/dataset/55980/libxml2_55980_vul/tree.c,7709,5,7709,12,CWE-120: Potential Buffer Overflow via memmove (unchecked length).,,7704,7714,"            return XML_ERR_NO_MEMORY;
        }
    }

    memmove(&buf->content[len], &buf->content[0], buf->use);
    memmove(&buf->content[0], str, len);
    buf->use += len;
    buf->content[buf->use] = 0;
    return 0;
}
"
local/cpp/cwe-120-overflow,local/cpp/cwe-120-overflow,warning,low,CWE-120,/media/shafi/Research/STAILOR/dataset/55980/libxml2_55980_vul/tree.c,7635,5,7635,12,CWE-120: Potential Buffer Overflow via memmove (unchecked length).,,7630,7640,"	    xmlTreeErrMemory(""growing buffer"");
            return XML_ERR_NO_MEMORY;
        }
    }

    memmove(&buf->content[buf->use], str, len);
    buf->use += len;
    buf->content[buf->use] = 0;
    return 0;
}
"
local/cpp/cwe-120-overflow,local/cpp/cwe-120-overflow,warning,low,CWE-120,/media/shafi/Research/STAILOR/dataset/55980/libxml2_55980_vul/tree.c,7544,6,7544,13,CWE-120: Potential Buffer Overflow via memmove (unchecked length).,,7539,7549,"    if ((buf->alloc == XML_BUFFER_ALLOC_IO) && (buf->contentIO != NULL)) {
        start_buf = buf->content - buf->contentIO;

        if (start_buf > newSize) {
	    /* move data back to start */
	    memmove(buf->contentIO, buf->content, buf->use);
	    buf->content = buf->contentIO;
	    buf->content[buf->use] = 0;
	    buf->size += start_buf;
	} else {
	    rebuf = (xmlChar *) xmlRealloc(buf->contentIO, start_buf + newSize);"
local/cpp/cwe-120-overflow,local/cpp/cwe-120-overflow,warning,low,CWE-120,/media/shafi/Research/STAILOR/dataset/55980/libxml2_55980_vul/tree.c,7572,3,7572,9,CWE-120: Potential Buffer Overflow via memcpy (unchecked length).,,7567,7577,"	     * better to make a new allocation and copy only the used range
	     * and free the old one.
	     */
	    rebuf = (xmlChar *) xmlMallocAtomic(newSize);
	    if (rebuf != NULL) {
		memcpy(rebuf, buf->content, buf->use);
		xmlFree(buf->content);
		rebuf[buf->use] = 0;
	    }
	}
	if (rebuf == NULL) {"
local/cpp/cwe-120-overflow,local/cpp/cwe-120-overflow,warning,low,CWE-120,/media/shafi/Research/STAILOR/dataset/55980/libxml2_55980_vul/python/libxml.c,3566,5,3566,11,CWE-120: Potential Buffer Overflow via memset (unchecked length).,,3561,3571,"    if (strings == NULL) {
        PyErr_SetString(PyExc_MemoryError, """");
        return -1;
    }

    memset(strings, 0 , sizeof(xmlChar *) * count);

    {
        int idx;
        for (idx=0; idx < count; ++idx) {
            char* s = PyBytes_AsString"
local/cpp/cwe-120-overflow,local/cpp/cwe-120-overflow,warning,low,CWE-120,/media/shafi/Research/STAILOR/dataset/55980/libxml2_55980_vul/xmlcatalog.c,81,10,81,15,CWE-120: Potential Buffer Overflow via fgets (unchecked length).,,76,86,"    int len;

    if (prompt != NULL)
	fprintf(stdout, ""%s"", prompt);
    fflush(stdout);
    if (!fgets(line_read, 500, stdin))
        return(NULL);
    line_read[500] = 0;
    len = strlen(line_read);
    ret = (char *) malloc(len + 1);
    if (ret != NULL) {"
local/cpp/cwe-120-overflow,local/cpp/cwe-120-overflow,warning,low,CWE-120,/media/shafi/Research/STAILOR/dataset/55980/libxml2_55980_vul/xmlcatalog.c,87,2,87,8,CWE-120: Potential Buffer Overflow via memcpy (unchecked length).,,82,92,"        return(NULL);
    line_read[500] = 0;
    len = strlen(line_read);
    ret = (char *) malloc(len + 1);
    if (ret != NULL) {
	memcpy (ret, line_read, len + 1);
    }
    return(ret);
#endif
}
"
local/cpp/cwe-120-overflow,local/cpp/cwe-120-overflow,warning,low,CWE-120,/media/shafi/Research/STAILOR/dataset/55980/libxml2_55980_vul/tree.c,7338,3,7338,10,CWE-120: Potential Buffer Overflow via memmove (unchecked length).,,7333,7343,"	 * on IO buffers
	 */
	if ((buf->alloc == XML_BUFFER_ALLOC_IO) && (buf->contentIO != NULL)) {
	    size_t start_buf = buf->content - buf->contentIO;
	    if (start_buf >= buf->size) {
		memmove(buf->contentIO, &buf->content[0], buf->use);
		buf->content = buf->contentIO;
		buf->content[buf->use] = 0;
		buf->size += start_buf;
	    }
	}"
local/cpp/cwe-120-overflow,local/cpp/cwe-120-overflow,warning,low,CWE-120,/media/shafi/Research/STAILOR/dataset/55980/libxml2_55980_vul/tree.c,7345,2,7345,9,CWE-120: Potential Buffer Overflow via memmove (unchecked length).,,7340,7350,"		buf->content[buf->use] = 0;
		buf->size += start_buf;
	    }
	}
    } else {
	memmove(buf->content, &buf->content[len], buf->use);
	buf->content[buf->use] = 0;
    }
    return(len);
}
"
local/cpp/cwe-120-overflow,local/cpp/cwe-120-overflow,warning,low,CWE-120,/media/shafi/Research/STAILOR/dataset/55980/libxml2_55980_vul/python/libxml.c,3512,5,3512,11,CWE-120: Potential Buffer Overflow via memset (unchecked length).,,3507,3517,"    if (nodeSet->nodeTab == NULL) {
        xmlFree(nodeSet);
        PyErr_SetString(PyExc_MemoryError, """");
        return -1;
    }
    memset(nodeSet->nodeTab, 0 ,
           nodeSet->nodeMax * sizeof(xmlNodePtr));

    {
        int idx;
        for (idx=0; idx < nodeSet->nodeMax; ++idx) {"
local/cpp/cwe-120-overflow,local/cpp/cwe-120-overflow,warning,low,CWE-120,/media/shafi/Research/STAILOR/dataset/55980/libxml2_55980_vul/xmlmemory.c,448,5,448,11,CWE-120: Potential Buffer Overflow via memset (unchecked length).,,443,453,"        Mem_Tag_Err(p);
        goto error;
    }
    if (xmlMemStopAtBlock == p->mh_number) xmlMallocBreakpoint();
    p->mh_tag = ~MEMTAG;
    memset(target, -1, p->mh_size);
    xmlMutexLock(xmlMemMutex);
    debugMemSize -= p->mh_size;
    debugMemBlocks--;
#ifdef DEBUG_MEMORY
    size = p->mh_size;"
local/cpp/cwe-120-overflow,local/cpp/cwe-120-overflow,warning,low,CWE-120,/media/shafi/Research/STAILOR/dataset/55980/libxml2_55980_vul/xmlregexp.c,6215,2,6215,8,CWE-120: Potential Buffer Overflow via memcpy (unchecked length).,,6210,6220,"	str = (xmlChar *) xmlMallocAtomic(lenn + lenp + 2);
	if (str == NULL) {
	    xmlRegFreeAtom(atom);
	    return(NULL);
	}
	memcpy(&str[0], token, lenp);
	str[lenp] = '|';
	memcpy(&str[lenp + 1], token2, lenn);
	str[lenn + lenp + 1] = 0;

	atom->valuep = str;"
local/cpp/cwe-120-overflow,local/cpp/cwe-120-overflow,warning,low,CWE-120,/media/shafi/Research/STAILOR/dataset/55980/libxml2_55980_vul/xmlregexp.c,6217,2,6217,8,CWE-120: Potential Buffer Overflow via memcpy (unchecked length).,,6212,6222,"	    xmlRegFreeAtom(atom);
	    return(NULL);
	}
	memcpy(&str[0], token, lenp);
	str[lenp] = '|';
	memcpy(&str[lenp + 1], token2, lenn);
	str[lenn + lenp + 1] = 0;

	atom->valuep = str;
    }
    atom->data = data;"
local/cpp/cwe-120-overflow,local/cpp/cwe-120-overflow,warning,low,CWE-120,/media/shafi/Research/STAILOR/dataset/55980/libxml2_55980_vul/xmlregexp.c,6060,2,6060,8,CWE-120: Potential Buffer Overflow via memcpy (unchecked length).,,6055,6065,"	str = (xmlChar *) xmlMallocAtomic(lenn + lenp + 2);
	if (str == NULL) {
	    xmlRegFreeAtom(atom);
	    return(NULL);
	}
	memcpy(&str[0], token, lenp);
	str[lenp] = '|';
	memcpy(&str[lenp + 1], token2, lenn);
	str[lenn + lenp + 1] = 0;

	atom->valuep = str;"
local/cpp/cwe-120-overflow,local/cpp/cwe-120-overflow,warning,low,CWE-120,/media/shafi/Research/STAILOR/dataset/55980/libxml2_55980_vul/xmlregexp.c,6062,2,6062,8,CWE-120: Potential Buffer Overflow via memcpy (unchecked length).,,6057,6067,"	    xmlRegFreeAtom(atom);
	    return(NULL);
	}
	memcpy(&str[0], token, lenp);
	str[lenp] = '|';
	memcpy(&str[lenp + 1], token2, lenn);
	str[lenn + lenp + 1] = 0;

	atom->valuep = str;
    }
    atom->data = data;"
local/cpp/cwe-120-overflow,local/cpp/cwe-120-overflow,warning,low,CWE-120,/media/shafi/Research/STAILOR/dataset/55980/libxml2_55980_vul/xmlregexp.c,5990,2,5990,8,CWE-120: Potential Buffer Overflow via memcpy (unchecked length).,,5985,5995,"	str = (xmlChar *) xmlMallocAtomic(lenn + lenp + 2);
	if (str == NULL) {
	    xmlRegFreeAtom(atom);
	    return(NULL);
	}
	memcpy(&str[0], token, lenp);
	str[lenp] = '|';
	memcpy(&str[lenp + 1], token2, lenn);
	str[lenn + lenp + 1] = 0;

	atom->valuep = str;"
local/cpp/cwe-120-overflow,local/cpp/cwe-120-overflow,warning,low,CWE-120,/media/shafi/Research/STAILOR/dataset/55980/libxml2_55980_vul/xmlregexp.c,5992,2,5992,8,CWE-120: Potential Buffer Overflow via memcpy (unchecked length).,,5987,5997,"	    xmlRegFreeAtom(atom);
	    return(NULL);
	}
	memcpy(&str[0], token, lenp);
	str[lenp] = '|';
	memcpy(&str[lenp + 1], token2, lenn);
	str[lenn + lenp + 1] = 0;

	atom->valuep = str;
    }
    snprintf((char *) err_msg, 199, ""not %s"", (const char *) atom->valuep);"
local/cpp/cwe-120-overflow,local/cpp/cwe-120-overflow,warning,low,CWE-120,/media/shafi/Research/STAILOR/dataset/55980/libxml2_55980_vul/xmlregexp.c,5928,2,5928,8,CWE-120: Potential Buffer Overflow via memcpy (unchecked length).,,5923,5933,"	str = (xmlChar *) xmlMallocAtomic(lenn + lenp + 2);
	if (str == NULL) {
	    xmlRegFreeAtom(atom);
	    return(NULL);
	}
	memcpy(&str[0], token, lenp);
	str[lenp] = '|';
	memcpy(&str[lenp + 1], token2, lenn);
	str[lenn + lenp + 1] = 0;

	atom->valuep = str;"
local/cpp/cwe-120-overflow,local/cpp/cwe-120-overflow,warning,low,CWE-120,/media/shafi/Research/STAILOR/dataset/55980/libxml2_55980_vul/xmlregexp.c,5930,2,5930,8,CWE-120: Potential Buffer Overflow via memcpy (unchecked length).,,5925,5935,"	    xmlRegFreeAtom(atom);
	    return(NULL);
	}
	memcpy(&str[0], token, lenp);
	str[lenp] = '|';
	memcpy(&str[lenp + 1], token2, lenn);
	str[lenn + lenp + 1] = 0;

	atom->valuep = str;
    }
"
local/cpp/cwe-120-overflow,local/cpp/cwe-120-overflow,warning,low,CWE-120,/media/shafi/Research/STAILOR/dataset/55980/libxml2_55980_vul/xmlIO.c,3708,5,3708,12,CWE-120: Potential Buffer Overflow via strncpy (unchecked length).,,3703,3713,"#   define IS_XMLPGD_SEP(ch) ((ch=='/')||(ch=='\\'))
#else
#   define IS_XMLPGD_SEP(ch) (ch=='/')
#endif

    strncpy(dir, filename, 1023);
    dir[1023] = 0;
    cur = &dir[strlen(dir)];
    while (cur > dir) {
         if (IS_XMLPGD_SEP(*cur)) break;
	 cur --;"
local/cpp/cwe-120-overflow,local/cpp/cwe-120-overflow,warning,low,CWE-120,/media/shafi/Research/STAILOR/dataset/55980/libxml2_55980_vul/xmlsave.c,298,9,298,15,CWE-120: Potential Buffer Overflow via memset (unchecked length).,,293,303,"    if (ctxt == NULL) return;
    if ((ctxt->encoding == NULL) && (ctxt->escape == NULL))
        ctxt->escape = xmlEscapeEntities;
    len = xmlStrlen((xmlChar *)xmlTreeIndentString);
    if ((xmlTreeIndentString == NULL) || (len == 0)) {
        memset(&ctxt->indent[0], 0, MAX_INDENT + 1);
    } else {
	ctxt->indent_size = len;
	ctxt->indent_nr = MAX_INDENT / ctxt->indent_size;
	for (i = 0;i < ctxt->indent_nr;i++)
	    memcpy(&ctxt->indent[i * ctxt->indent_size], xmlTreeIndentString,"
local/cpp/cwe-120-overflow,local/cpp/cwe-120-overflow,warning,low,CWE-120,/media/shafi/Research/STAILOR/dataset/55980/libxml2_55980_vul/xmlsave.c,303,6,303,12,CWE-120: Potential Buffer Overflow via memcpy (unchecked length).,,298,308,"        memset(&ctxt->indent[0], 0, MAX_INDENT + 1);
    } else {
	ctxt->indent_size = len;
	ctxt->indent_nr = MAX_INDENT / ctxt->indent_size;
	for (i = 0;i < ctxt->indent_nr;i++)
	    memcpy(&ctxt->indent[i * ctxt->indent_size], xmlTreeIndentString,
		   ctxt->indent_size);
        ctxt->indent[ctxt->indent_nr * ctxt->indent_size] = 0;
    }

    if (xmlSaveNoEmptyTags) {"
local/cpp/cwe-120-overflow,local/cpp/cwe-120-overflow,warning,low,CWE-120,/media/shafi/Research/STAILOR/dataset/55980/libxml2_55980_vul/xmlregexp.c,4255,5,4255,11,CWE-120: Potential Buffer Overflow via memcpy (unchecked length).,,4250,4260,"	    return(-1);
	}
    } else {
	str = buf;
    }
    memcpy(&str[0], value, lenp);
    str[lenp] = XML_REG_STRING_SEPARATOR;
    memcpy(&str[lenp + 1], value2, lenn);
    str[lenn + lenp + 1] = 0;

    if (exec->comp->compact != NULL)"
local/cpp/cwe-120-overflow,local/cpp/cwe-120-overflow,warning,low,CWE-120,/media/shafi/Research/STAILOR/dataset/55980/libxml2_55980_vul/xmlregexp.c,4257,5,4257,11,CWE-120: Potential Buffer Overflow via memcpy (unchecked length).,,4252,4262,"    } else {
	str = buf;
    }
    memcpy(&str[0], value, lenp);
    str[lenp] = XML_REG_STRING_SEPARATOR;
    memcpy(&str[lenp + 1], value2, lenn);
    str[lenn + lenp + 1] = 0;

    if (exec->comp->compact != NULL)
	ret = xmlRegCompactPushString(exec, exec->comp, str, data);
    else"
local/cpp/cwe-120-overflow,local/cpp/cwe-120-overflow,warning,low,CWE-120,/media/shafi/Research/STAILOR/dataset/55980/libxml2_55980_vul/xmlregexp.c,4115,7,4115,13,CWE-120: Potential Buffer Overflow via memcpy (unchecked length).,,4110,4120,"		     */
		    if (exec->errString != NULL)
			xmlFree(exec->errString);
		    exec->errString = xmlStrdup(value);
		    exec->errState = exec->state;
		    memcpy(exec->errCounts, exec->counts,
			   exec->comp->nbCounters * sizeof(int));
		}
		exec->state = exec->comp->states[trans->to];
		exec->transno = 0;
		if (trans->atom != NULL) {"
local/cpp/cwe-120-overflow,local/cpp/cwe-120-overflow,warning,low,CWE-120,/media/shafi/Research/STAILOR/dataset/55980/libxml2_55980_vul/python/libxml.c,391,2,391,8,CWE-120: Potential Buffer Overflow via memcpy (unchecked length).,,386,396,"	printf(""xmlPythonFileRead: result is not a String\n"");
	Py_DECREF(ret);
	return(-1);
    }
    if (lenread > len)
	memcpy(buffer, data, len);
    else
	memcpy(buffer, data, lenread);
    Py_DECREF(ret);
    return(lenread);
}"
local/cpp/cwe-120-overflow,local/cpp/cwe-120-overflow,warning,low,CWE-120,/media/shafi/Research/STAILOR/dataset/55980/libxml2_55980_vul/python/libxml.c,393,2,393,8,CWE-120: Potential Buffer Overflow via memcpy (unchecked length).,,388,398,"	return(-1);
    }
    if (lenread > len)
	memcpy(buffer, data, len);
    else
	memcpy(buffer, data, lenread);
    Py_DECREF(ret);
    return(lenread);
}

/**"
local/cpp/cwe-120-overflow,local/cpp/cwe-120-overflow,warning,low,CWE-120,/media/shafi/Research/STAILOR/dataset/55980/libxml2_55980_vul/python/libxml.c,326,2,326,8,CWE-120: Potential Buffer Overflow via memcpy (unchecked length).,,321,331,"	printf(""xmlPythonFileReadRaw: result is not a String\n"");
	Py_DECREF(ret);
	return(-1);
    }
    if (lenread > len)
	memcpy(buffer, data, len);
    else
	memcpy(buffer, data, lenread);
    Py_DECREF(ret);
    return(lenread);
}"
local/cpp/cwe-120-overflow,local/cpp/cwe-120-overflow,warning,low,CWE-120,/media/shafi/Research/STAILOR/dataset/55980/libxml2_55980_vul/python/libxml.c,328,2,328,8,CWE-120: Potential Buffer Overflow via memcpy (unchecked length).,,323,333,"	return(-1);
    }
    if (lenread > len)
	memcpy(buffer, data, len);
    else
	memcpy(buffer, data, lenread);
    Py_DECREF(ret);
    return(lenread);
}

/**"
local/cpp/cwe-120-overflow,local/cpp/cwe-120-overflow,warning,low,CWE-120,/media/shafi/Research/STAILOR/dataset/55980/libxml2_55980_vul/xmlregexp.c,4164,21,4164,27,CWE-120: Potential Buffer Overflow via memcpy (unchecked length).,,4159,4169,"		if (exec->errString != NULL)
		    xmlFree(exec->errString);
		exec->errString = xmlStrdup(value);
		exec->errState = exec->state;
                if (exec->comp->nbCounters)
                    memcpy(exec->errCounts, exec->counts,
                           exec->comp->nbCounters * sizeof(int));
	    }

	    /*
	     * Failed to find a way out"
local/cpp/cwe-120-overflow,local/cpp/cwe-120-overflow,warning,low,CWE-120,/media/shafi/Research/STAILOR/dataset/55980/libxml2_55980_vul/xmllint.c,759,10,759,15,CWE-120: Potential Buffer Overflow via fgets (unchecked length).,,754,764,"    int len;

    if (prompt != NULL)
	fprintf(stdout, ""%s"", prompt);
    fflush(stdout);
    if (!fgets(line_read, 500, stdin))
        return(NULL);
    line_read[500] = 0;
    len = strlen(line_read);
    ret = (char *) malloc(len + 1);
    if (ret != NULL) {"
local/cpp/cwe-120-overflow,local/cpp/cwe-120-overflow,warning,low,CWE-120,/media/shafi/Research/STAILOR/dataset/55980/libxml2_55980_vul/xmllint.c,765,2,765,8,CWE-120: Potential Buffer Overflow via memcpy (unchecked length).,,760,770,"        return(NULL);
    line_read[500] = 0;
    len = strlen(line_read);
    ret = (char *) malloc(len + 1);
    if (ret != NULL) {
	memcpy (ret, line_read, len + 1);
    }
    return(ret);
#endif
}
#endif /* LIBXML_XPATH_ENABLED */"
local/cpp/cwe-120-overflow,local/cpp/cwe-120-overflow,warning,low,CWE-120,/media/shafi/Research/STAILOR/dataset/55980/libxml2_55980_vul/xmlregexp.c,3616,9,3616,15,CWE-120: Potential Buffer Overflow via memset (unchecked length).,,3611,3621,"	if (exec->counts == NULL) {
	    xmlRegexpErrMemory(NULL, ""creating execution context"");
	    xmlFree(exec);
	    return(NULL);
	}
        memset(exec->counts, 0, comp->nbCounters * sizeof(int) * 2);
	exec->errCounts = &exec->counts[comp->nbCounters];
    } else {
	exec->counts = NULL;
	exec->errCounts = NULL;
    }"
local/cpp/cwe-120-overflow,local/cpp/cwe-120-overflow,warning,low,CWE-120,/media/shafi/Research/STAILOR/dataset/55980/libxml2_55980_vul/xmlregexp.c,3284,9,3284,15,CWE-120: Potential Buffer Overflow via memset (unchecked length).,,3279,3289,"	exec->counts = (int *) xmlMalloc(comp->nbCounters * sizeof(int));
	if (exec->counts == NULL) {
	    xmlRegexpErrMemory(NULL, ""running regexp"");
	    return(-1);
	}
        memset(exec->counts, 0, comp->nbCounters * sizeof(int));
    } else
	exec->counts = NULL;
    while ((exec->status == 0) && (exec->state != NULL) &&
	   ((exec->inputString[exec->index] != 0) ||
	    ((exec->state != NULL) &&"
local/cpp/cwe-120-overflow,local/cpp/cwe-120-overflow,warning,low,CWE-120,/media/shafi/Research/STAILOR/dataset/55980/libxml2_55980_vul/xmlstring.c,882,5,882,11,CWE-120: Potential Buffer Overflow via memcpy (unchecked length).,,877,887,"    i = xmlUTF8Strsize(utf, len);
    ret = (xmlChar *) xmlMallocAtomic((size_t) i + 1);
    if (ret == NULL) {
        return(NULL);
    }
    memcpy(ret, utf, i);
    ret[i] = 0;
    return(ret);
}

/**"
local/cpp/cwe-120-overflow,local/cpp/cwe-120-overflow,warning,low,CWE-120,/media/shafi/Research/STAILOR/dataset/55980/libxml2_55980_vul/xmllint.c,492,5,492,11,CWE-120: Potential Buffer Overflow via memset (unchecked length).,,487,497,"    /*
     * xmlEncodeEntitiesReentrant assumes valid UTF-8, but the buffer might
     * end with a truncated UTF-8 sequence. This is a hack to at least avoid
     * an out-of-bounds read.
     */
    memset(&buffer[sizeof(buffer)-4], 0, 4);
    result = (char *) xmlEncodeEntitiesReentrant(NULL, BAD_CAST buffer);
    if (result) {
	xmlGenericError(xmlGenericErrorContext, ""%s"", result);
	xmlFree(result);
    }"
local/cpp/cwe-120-overflow,local/cpp/cwe-120-overflow,warning,low,CWE-120,/media/shafi/Research/STAILOR/dataset/55980/libxml2_55980_vul/parser.c,4995,3,4995,9,CWE-120: Potential Buffer Overflow via memcpy (unchecked length).,,4990,5000,"			ctxt->instate = state;
			return;
		    }
		    buf = new_buf;
		}
		memcpy(&buf[len], ctxt->input->cur, nbchar);
		len += nbchar;
		buf[len] = 0;
	    }
	}
        if (len > maxLength) {"
local/cpp/cwe-120-overflow,local/cpp/cwe-120-overflow,warning,low,CWE-120,/media/shafi/Research/STAILOR/dataset/55980/libxml2_55980_vul/xmlregexp.c,3241,6,3241,12,CWE-120: Potential Buffer Overflow via memcpy (unchecked length).,,3236,3246,"	    fprintf(stderr, ""exec save: allocation failed"");
	    exec->status = -6;
	    return;
	}
	if (exec->counts) {
	    memcpy(exec->counts, exec->rollbacks[exec->nbRollbacks].counts,
	       exec->comp->nbCounters * sizeof(int));
	}
    }

#ifdef DEBUG_REGEXP_EXEC"
local/cpp/cwe-120-overflow,local/cpp/cwe-120-overflow,warning,low,CWE-120,/media/shafi/Research/STAILOR/dataset/55980/libxml2_55980_vul/xmlIO.c,733,11,733,15,CWE-120: Potential Buffer Overflow via read (unchecked length).,,728,738," */
static int
xmlFdRead (void * context, char * buffer, int len) {
    int ret;

    ret = read((int) (ptrdiff_t) context, &buffer[0], len);
    if (ret < 0) xmlIOErr(0, ""read()"");
    return(ret);
}

#ifdef LIBXML_OUTPUT_ENABLED"
local/cpp/cwe-120-overflow,local/cpp/cwe-120-overflow,warning,low,CWE-120,/media/shafi/Research/STAILOR/dataset/55980/libxml2_55980_vul/xmlregexp.c,3184,2,3184,8,CWE-120: Potential Buffer Overflow via memset (unchecked length).,,3179,3189,"	if (exec->rollbacks == NULL) {
	    xmlRegexpErrMemory(NULL, ""saving regexp"");
	    exec->maxRollbacks = 0;
	    return;
	}
	memset(exec->rollbacks, 0,
	       exec->maxRollbacks * sizeof(xmlRegExecRollback));
    } else if (exec->nbRollbacks >= exec->maxRollbacks) {
	xmlRegExecRollback *tmp;
	int len = exec->maxRollbacks;
"
local/cpp/cwe-120-overflow,local/cpp/cwe-120-overflow,warning,low,CWE-120,/media/shafi/Research/STAILOR/dataset/55980/libxml2_55980_vul/xmlregexp.c,3200,2,3200,8,CWE-120: Potential Buffer Overflow via memset (unchecked length).,,3195,3205,"	    exec->maxRollbacks /= 2;
	    return;
	}
	exec->rollbacks = tmp;
	tmp = &exec->rollbacks[len];
	memset(tmp, 0, (exec->maxRollbacks - len) * sizeof(xmlRegExecRollback));
    }
    exec->rollbacks[exec->nbRollbacks].state = exec->state;
    exec->rollbacks[exec->nbRollbacks].index = exec->index;
    exec->rollbacks[exec->nbRollbacks].nextbranch = exec->transno + 1;
    if (exec->comp->nbCounters > 0) {"
local/cpp/cwe-120-overflow,local/cpp/cwe-120-overflow,warning,low,CWE-120,/media/shafi/Research/STAILOR/dataset/55980/libxml2_55980_vul/xmlstring.c,509,5,509,11,CWE-120: Potential Buffer Overflow via memcpy (unchecked length).,,504,514,"    ret = (xmlChar *) xmlMalloc((size_t) size + len + 1);
    if (ret == NULL) {
        xmlErrMemory(NULL, NULL);
        return(xmlStrndup(str1, size));
    }
    memcpy(ret, str1, size);
    memcpy(&ret[size], str2, len);
    ret[size + len] = 0;
    return(ret);
}
"
local/cpp/cwe-120-overflow,local/cpp/cwe-120-overflow,warning,low,CWE-120,/media/shafi/Research/STAILOR/dataset/55980/libxml2_55980_vul/xmlstring.c,510,5,510,11,CWE-120: Potential Buffer Overflow via memcpy (unchecked length).,,505,515,"    if (ret == NULL) {
        xmlErrMemory(NULL, NULL);
        return(xmlStrndup(str1, size));
    }
    memcpy(ret, str1, size);
    memcpy(&ret[size], str2, len);
    ret[size + len] = 0;
    return(ret);
}

/**"
local/cpp/cwe-120-overflow,local/cpp/cwe-120-overflow,warning,low,CWE-120,/media/shafi/Research/STAILOR/dataset/55980/libxml2_55980_vul/xmlregexp.c,3215,2,3215,8,CWE-120: Potential Buffer Overflow via memcpy (unchecked length).,,3210,3220,"		xmlRegexpErrMemory(NULL, ""saving regexp"");
		exec->status = -5;
		return;
	    }
	}
	memcpy(exec->rollbacks[exec->nbRollbacks].counts, exec->counts,
	       exec->comp->nbCounters * sizeof(int));
    }
    exec->nbRollbacks++;
}
"
local/cpp/cwe-120-overflow,local/cpp/cwe-120-overflow,warning,low,CWE-120,/media/shafi/Research/STAILOR/dataset/55980/libxml2_55980_vul/xmlstring.c,469,5,469,11,CWE-120: Potential Buffer Overflow via memcpy (unchecked length).,,464,474,"    ret = (xmlChar *) xmlRealloc(cur, (size_t) size + len + 1);
    if (ret == NULL) {
        xmlErrMemory(NULL, NULL);
        return(cur);
    }
    memcpy(&ret[size], add, len);
    ret[size + len] = 0;
    return(ret);
}

/**"
local/cpp/cwe-120-overflow,local/cpp/cwe-120-overflow,warning,low,CWE-120,/media/shafi/Research/STAILOR/dataset/55980/libxml2_55980_vul/xmlstring.c,54,5,54,11,CWE-120: Potential Buffer Overflow via memcpy (unchecked length).,,49,59,"    ret = (xmlChar *) xmlMallocAtomic((size_t) len + 1);
    if (ret == NULL) {
        xmlErrMemory(NULL, NULL);
        return(NULL);
    }
    memcpy(ret, cur, len);
    ret[len] = 0;
    return(ret);
}

/**"
local/cpp/cwe-120-overflow,local/cpp/cwe-120-overflow,warning,low,CWE-120,/media/shafi/Research/STAILOR/dataset/55980/libxml2_55980_vul/parser.c,3719,6,3719,12,CWE-120: Potential Buffer Overflow via memcpy (unchecked length).,,3714,3724,"	    buffer = (xmlChar *) xmlMallocAtomic(max);
	    if (buffer == NULL) {
	        xmlErrMemory(ctxt, NULL);
		return(NULL);
	    }
	    memcpy(buffer, buf, len);
	    while (xmlIsNameChar(ctxt, c)) {
		if (count++ > XML_PARSER_CHUNK_SIZE) {
		    count = 0;
		    GROW;
                    if (ctxt->instate == XML_PARSER_EOF) {"
local/cpp/cwe-120-overflow,local/cpp/cwe-120-overflow,warning,low,CWE-120,/media/shafi/Research/STAILOR/dataset/55980/libxml2_55980_vul/parser.c,3621,6,3621,12,CWE-120: Potential Buffer Overflow via memcpy (unchecked length).,,3616,3626,"	    buffer = (xmlChar *) xmlMallocAtomic(max);
	    if (buffer == NULL) {
	        xmlErrMemory(ctxt, NULL);
		return(NULL);
	    }
	    memcpy(buffer, buf, len);
	    while (xmlIsNameChar(ctxt, c)) {
		if (len + 10 > max) {
		    xmlChar *tmp;

		    max *= 2;"
local/cpp/cwe-120-overflow,local/cpp/cwe-120-overflow,warning,low,CWE-120,/media/shafi/Research/STAILOR/dataset/55980/libxml2_55980_vul/timsort.h,383,5,383,11,CWE-120: Potential Buffer Overflow via memcpy (unchecked length).,,378,388,"  TIM_SORT_RESIZE(store, MIN(A, B));
  storage = store->storage;

  /* left merge */
  if (A < B) {
    memcpy(storage, &dst[curr], A * sizeof(SORT_TYPE));
    i = 0;
    j = curr + A;

    for (k = curr; k < curr + A + B; k++) {
      if ((i < A) && (j < curr + A + B)) {"
local/cpp/cwe-120-overflow,local/cpp/cwe-120-overflow,warning,low,CWE-120,/media/shafi/Research/STAILOR/dataset/55980/libxml2_55980_vul/timsort.h,402,5,402,11,CWE-120: Potential Buffer Overflow via memcpy (unchecked length).,,397,407,"        break;
      }
    }
  } else {
    /* right merge */
    memcpy(storage, &dst[curr + A], B * sizeof(SORT_TYPE));
    i = B;
    j = curr + A;
    k = curr + A + B;

    while (k > curr) {"
local/cpp/cwe-120-overflow,local/cpp/cwe-120-overflow,warning,low,CWE-120,/media/shafi/Research/STAILOR/dataset/55980/libxml2_55980_vul/xmlschemastypes.c,5921,4,5921,11,CWE-120: Potential Buffer Overflow via memmove (unchecked length).,,5916,5926,"		    if (dec.frac != dec.total) {
			int diff = dec.total - dec.frac;
			/*
			* Insert the decimal point.
			*/
			memmove(offs + diff + 1, offs + diff, dec.frac +1);
			offs[diff] = '.';
		    } else {
			unsigned int i = 0;
			/*
			* Insert missing zeroes behind the decimal point."
local/cpp/cwe-120-overflow,local/cpp/cwe-120-overflow,warning,low,CWE-120,/media/shafi/Research/STAILOR/dataset/55980/libxml2_55980_vul/xmlschemastypes.c,5931,8,5931,15,CWE-120: Potential Buffer Overflow via memmove (unchecked length).,,5926,5936,"			* Insert missing zeroes behind the decimal point.
			*/
			while (*(offs + i) != 0)
			    i++;
			if (i < dec.total) {
			    memmove(offs + (dec.total - i), offs, i +1);
			    memset(offs, '0', dec.total - i);
			}
		    }
		} else {
		    /*"
local/cpp/cwe-120-overflow,local/cpp/cwe-120-overflow,warning,low,CWE-120,/media/shafi/Research/STAILOR/dataset/55980/libxml2_55980_vul/xmlschemastypes.c,5932,8,5932,14,CWE-120: Potential Buffer Overflow via memset (unchecked length).,,5927,5937,"			*/
			while (*(offs + i) != 0)
			    i++;
			if (i < dec.total) {
			    memmove(offs + (dec.total - i), offs, i +1);
			    memset(offs, '0', dec.total - i);
			}
		    }
		} else {
		    /*
		    * Append decimal point and zero."
local/cpp/cwe-120-overflow,local/cpp/cwe-120-overflow,warning,low,CWE-120,/media/shafi/Research/STAILOR/dataset/55980/libxml2_55980_vul/relaxng.c,1333,9,1333,15,CWE-120: Potential Buffer Overflow via memcpy (unchecked length).,,1328,1338,"                return (ret);
            }
            ret->maxAttrs = state->maxAttrs;
            ret->attrs = tmp;
        }
        memcpy(ret->attrs, state->attrs,
               state->nbAttrs * sizeof(xmlAttrPtr));
    }
    return (ret);
}
"
local/cpp/cwe-120-overflow,local/cpp/cwe-120-overflow,warning,low,CWE-120,/media/shafi/Research/STAILOR/dataset/55980/libxml2_55980_vul/xzlib.c,739,13,739,19,CWE-120: Potential Buffer Overflow via memcpy (unchecked length).,,734,744,"    got = 0;
    do {
        /* first just try copying data from the output buffer */
        if (state->have) {
            n = state->have > len ? len : state->have;
            memcpy(buf, state->next, n);
            state->next += n;
            state->have -= n;
        }

        /* output buffer empty -- return if we're at the end of the input */"
local/cpp/cwe-120-overflow,local/cpp/cwe-120-overflow,warning,low,CWE-120,/media/shafi/Research/STAILOR/dataset/55980/libxml2_55980_vul/relaxng.c,1259,13,1259,19,CWE-120: Potential Buffer Overflow via memcpy (unchecked length).,,1254,1264,"            ret->attrs = tmp;
            ret->maxAttrs = nbAttrs;
        }
        ret->nbAttrs = nbAttrs;
        if (nbAttrs < MAX_ATTR) {
            memcpy(ret->attrs, attrs, sizeof(xmlAttrPtr) * nbAttrs);
        } else {
            attr = node->properties;
            nbAttrs = 0;
            while (attr != NULL) {
                ret->attrs[nbAttrs++] = attr;"
local/cpp/cwe-120-overflow,local/cpp/cwe-120-overflow,warning,low,CWE-120,/media/shafi/Research/STAILOR/dataset/55980/libxml2_55980_vul/parser.c,2998,2,2998,8,CWE-120: Potential Buffer Overflow via memcpy (unchecked length).,,2993,3003,"	buffer = (xmlChar *) xmlMallocAtomic(max);
	if (buffer == NULL) {
	    xmlErrMemory(ctxt, NULL);
	    return(NULL);
	}
	memcpy(buffer, buf, len);
	while ((c != 0) && (c != ':')) { /* tested bigname.xml */
	    if (len + 10 > max) {
	        xmlChar *tmp;

		max *= 2;"
local/cpp/cwe-120-overflow,local/cpp/cwe-120-overflow,warning,low,CWE-120,/media/shafi/Research/STAILOR/dataset/55980/libxml2_55980_vul/parser.c,3076,6,3076,12,CWE-120: Potential Buffer Overflow via memcpy (unchecked length).,,3071,3081,"	    buffer = (xmlChar *) xmlMallocAtomic(max);
	    if (buffer == NULL) {
	        xmlErrMemory(ctxt, NULL);
		return(NULL);
	    }
	    memcpy(buffer, buf, len);
	    while (c != 0) { /* tested bigname2.xml */
		if (len + 10 > max) {
		    xmlChar *tmp;

		    max *= 2;"
local/cpp/cwe-120-overflow,local/cpp/cwe-120-overflow,warning,low,CWE-120,/media/shafi/Research/STAILOR/dataset/55980/libxml2_55980_vul/xzlib.c,516,9,516,15,CWE-120: Potential Buffer Overflow via memcpy (unchecked length).,,511,521,"     * input to output -- this assumes that the output buffer is larger than
     * the input buffer, which also assures space for gzungetc() */
    state->raw = state->pos;
    state->next = state->out;
    if (strm->avail_in) {
        memcpy(state->next + state->have, strm->next_in, strm->avail_in);
        state->have += strm->avail_in;
        strm->avail_in = 0;
    }
    state->how = COPY;
    state->direct = 1;"
local/cpp/cwe-120-overflow,local/cpp/cwe-120-overflow,warning,low,CWE-120,/media/shafi/Research/STAILOR/dataset/55980/libxml2_55980_vul/xzlib.c,232,15,232,19,CWE-120: Potential Buffer Overflow via read (unchecked length).,,227,237,"{
    int ret;

    *have = 0;
    do {
        ret = read(state->fd, buf + *have, len - *have);
        if (ret <= 0)
            break;
        *have += ret;
    } while (*have < len);
    if (ret < 0) {"
local/cpp/cwe-120-overflow,local/cpp/cwe-120-overflow,warning,low,CWE-120,/media/shafi/Research/STAILOR/dataset/55980/libxml2_55980_vul/xmlregexp.c,444,9,444,15,CWE-120: Potential Buffer Overflow via memset (unchecked length).,,439,449,"    if (dim1 > SIZE_MAX / dim2 / elemSize)
        return (NULL);
    totalSize = dim1 * dim2 * elemSize;
    ret = xmlMalloc(totalSize);
    if (ret != NULL)
        memset(ret, 0, totalSize);
    return (ret);
}

/**
 * xmlRegEpxFromParse:"
local/cpp/cwe-120-overflow,local/cpp/cwe-120-overflow,warning,low,CWE-120,/media/shafi/Research/STAILOR/dataset/55980/libxml2_55980_vul/xmlschemas.c,24350,2,24350,8,CWE-120: Potential Buffer Overflow via memset (unchecked length).,,24345,24355,"	if (vctxt->elemInfos == NULL) {
	    xmlSchemaVErrMemory(vctxt,
		""allocating the element info array"", NULL);
	    return (NULL);
	}
	memset(vctxt->elemInfos, 0, 10 * sizeof(xmlSchemaNodeInfoPtr));
	vctxt->sizeElemInfos = 10;
    } else if (vctxt->sizeElemInfos <= vctxt->depth) {
	int i = vctxt->sizeElemInfos;

	vctxt->sizeElemInfos *= 2;"
local/cpp/cwe-120-overflow,local/cpp/cwe-120-overflow,warning,low,CWE-120,/media/shafi/Research/STAILOR/dataset/55980/libxml2_55980_vul/tree.c,242,5,242,11,CWE-120: Potential Buffer Overflow via memcpy (unchecked length).,,237,247,"	    return(NULL);
	}
    } else {
	ret = memory;
    }
    memcpy(&ret[0], prefix, lenp);
    ret[lenp] = ':';
    memcpy(&ret[lenp + 1], ncname, lenn);
    ret[lenn + lenp + 1] = 0;
    return(ret);
}"
local/cpp/cwe-120-overflow,local/cpp/cwe-120-overflow,warning,low,CWE-120,/media/shafi/Research/STAILOR/dataset/55980/libxml2_55980_vul/tree.c,244,5,244,11,CWE-120: Potential Buffer Overflow via memcpy (unchecked length).,,239,249,"    } else {
	ret = memory;
    }
    memcpy(&ret[0], prefix, lenp);
    ret[lenp] = ':';
    memcpy(&ret[lenp + 1], ncname, lenn);
    ret[lenn + lenp + 1] = 0;
    return(ret);
}

/**"
local/cpp/cwe-120-overflow,local/cpp/cwe-120-overflow,warning,low,CWE-120,/media/shafi/Research/STAILOR/dataset/55980/libxml2_55980_vul/parser.c,1232,9,1232,16,CWE-120: Potential Buffer Overflow via memmove (unchecked length).,,1227,1237,"	xmlAttrNormalizeSpace(ret, ret);
	*len = strlen((const char *)ret);
        return(ret);
    } else if (remove_head) {
        *len -= remove_head;
        memmove(src, src + remove_head, 1 + *len);
	return(src);
    }
    return(NULL);
}
"
local/cpp/cwe-120-overflow,local/cpp/cwe-120-overflow,warning,low,CWE-120,/media/shafi/Research/STAILOR/dataset/55980/libxml2_55980_vul/xmlschemas.c,23962,7,23962,13,CWE-120: Potential Buffer Overflow via memcpy (unchecked length).,,23957,23967,"			xmlSchemaIDCFreeBinding(parBind);
			goto internal_error;
		    }
		    parBind->sizeNodes = bind->nbNodes;
		    parBind->nbNodes = bind->nbNodes;
		    memcpy(parBind->nodeTable, bind->nodeTable,
			bind->nbNodes * sizeof(xmlSchemaPSVIIDCNodePtr));
		}
	    }
	    if (bind->dupls) {
		/*"
local/cpp/cwe-120-overflow,local/cpp/cwe-120-overflow,warning,low,CWE-120,/media/shafi/Research/STAILOR/dataset/55980/libxml2_55980_vul/xmlschemas.c,22997,7,22997,13,CWE-120: Potential Buffer Overflow via memset (unchecked length).,,22992,23002,"			xmlSchemaVErrMemory(NULL,
			    ""allocating an array of key-sequences"",
			    NULL);
			return(-1);
		    }
		    memset(matcher->keySeqs, 0,
			matcher->sizeKeySeqs *
			sizeof(xmlSchemaPSVIIDCKeyPtr *));
		} else if (pos >= matcher->sizeKeySeqs) {
		    int i = matcher->sizeKeySeqs;
"
local/cpp/cwe-120-overflow,local/cpp/cwe-120-overflow,warning,low,CWE-120,/media/shafi/Research/STAILOR/dataset/55980/libxml2_55980_vul/xmlschemas.c,23065,3,23065,9,CWE-120: Potential Buffer Overflow via memset (unchecked length).,,23060,23070,"		if (keySeq == NULL) {
		    xmlSchemaVErrMemory(NULL,
			""allocating an IDC key-sequence"", NULL);
		    return(-1);
		}
		memset(keySeq, 0, matcher->aidc->def->nbFields *
		    sizeof(xmlSchemaPSVIIDCKeyPtr));
		matcher->keySeqs[pos] = keySeq;
create_key:
		/*
		* Create a key once per node only."
local/cpp/cwe-120-overflow,local/cpp/cwe-120-overflow,warning,low,CWE-120,/media/shafi/Research/STAILOR/dataset/55980/libxml2_55980_vul/xpath.c,9931,6,9931,12,CWE-120: Potential Buffer Overflow via memcpy (unchecked length).,,9926,9936,"            }
	    buffer = (xmlChar *) xmlMallocAtomic(max);
	    if (buffer == NULL) {
		XP_ERRORNULL(XPATH_MEMORY_ERROR);
	    }
	    memcpy(buffer, buf, len);
	    while ((IS_LETTER(c)) || (IS_DIGIT(c)) || /* test bigname.xml */
		   (c == '.') || (c == '-') ||
		   (c == '_') || ((qualified) && (c == ':')) ||
		   (IS_COMBINING(c)) ||
		   (IS_EXTENDER(c))) {"
local/cpp/cwe-120-overflow,local/cpp/cwe-120-overflow,warning,low,CWE-120,/media/shafi/Research/STAILOR/dataset/55980/libxml2_55980_vul/xpath.c,6905,5,6905,11,CWE-120: Potential Buffer Overflow via memset (unchecked length).,,6900,6910,"        /* TODO: Propagate memory error. */
        xmlXPathErrMemory(NULL, ""comparing nodesets\n"");
	xmlFree(values1);
	return(0);
    }
    memset(values1, 0, ns1->nodeNr * sizeof(xmlChar *));
    values2 = (xmlChar **) xmlMalloc(ns2->nodeNr * sizeof(xmlChar *));
    if (values2 == NULL) {
        /* TODO: Propagate memory error. */
        xmlXPathErrMemory(NULL, ""comparing nodesets\n"");
	xmlFree(hashs1);"
local/cpp/cwe-120-overflow,local/cpp/cwe-120-overflow,warning,low,CWE-120,/media/shafi/Research/STAILOR/dataset/55980/libxml2_55980_vul/xpath.c,6923,5,6923,11,CWE-120: Potential Buffer Overflow via memset (unchecked length).,,6918,6928,"	xmlFree(hashs1);
	xmlFree(values1);
	xmlFree(values2);
	return(0);
    }
    memset(values2, 0, ns2->nodeNr * sizeof(xmlChar *));
    for (i = 0;i < ns1->nodeNr;i++) {
	hashs1[i] = xmlXPathNodeValHash(ns1->nodeTab[i]);
	for (j = 0;j < ns2->nodeNr;j++) {
	    if (i == 0)
		hashs2[j] = xmlXPathNodeValHash(ns2->nodeTab[j]);"
local/cpp/cwe-120-overflow,local/cpp/cwe-120-overflow,warning,low,CWE-120,/media/shafi/Research/STAILOR/dataset/55980/libxml2_55980_vul/xpath.c,4058,3,4058,9,CWE-120: Potential Buffer Overflow via memset (unchecked length).,,4053,4063,"		    XML_NODESET_DEFAULT * sizeof(xmlNodePtr));
		if (set1->nodeTab == NULL) {
		    xmlXPathErrMemory(NULL, ""merging nodeset\n"");
		    return(NULL);
		}
		memset(set1->nodeTab, 0,
		    XML_NODESET_DEFAULT * sizeof(xmlNodePtr));
		set1->nodeMax = XML_NODESET_DEFAULT;
	    } else if (set1->nodeNr >= set1->nodeMax) {
		xmlNodePtr *temp;
"
local/cpp/cwe-120-overflow,local/cpp/cwe-120-overflow,warning,low,CWE-120,/media/shafi/Research/STAILOR/dataset/55980/libxml2_55980_vul/xpath.c,4004,3,4004,9,CWE-120: Potential Buffer Overflow via memset (unchecked length).,,3999,4009,"		    XML_NODESET_DEFAULT * sizeof(xmlNodePtr));
		if (set1->nodeTab == NULL) {
		    xmlXPathErrMemory(NULL, ""merging nodeset\n"");
		    return(NULL);
		}
		memset(set1->nodeTab, 0,
		    XML_NODESET_DEFAULT * sizeof(xmlNodePtr));
		set1->nodeMax = XML_NODESET_DEFAULT;
	    } else if (set1->nodeNr >= set1->nodeMax) {
		xmlNodePtr *temp;
"
local/cpp/cwe-120-overflow,local/cpp/cwe-120-overflow,warning,low,CWE-120,/media/shafi/Research/STAILOR/dataset/55980/libxml2_55980_vul/xpath.c,3918,6,3918,12,CWE-120: Potential Buffer Overflow via memset (unchecked length).,,3913,3923,"						    sizeof(xmlNodePtr));
	    if (val1->nodeTab == NULL) {
	        xmlXPathErrMemory(NULL, ""merging nodeset\n"");
		return(NULL);
	    }
	    memset(val1->nodeTab, 0 ,
		   XML_NODESET_DEFAULT * sizeof(xmlNodePtr));
	    val1->nodeMax = XML_NODESET_DEFAULT;
	} else if (val1->nodeNr == val1->nodeMax) {
	    xmlNodePtr *temp;
"
local/cpp/cwe-120-overflow,local/cpp/cwe-120-overflow,warning,low,CWE-120,/media/shafi/Research/STAILOR/dataset/55980/libxml2_55980_vul/xpath.c,3801,2,3801,8,CWE-120: Potential Buffer Overflow via memset (unchecked length).,,3796,3806,"					     sizeof(xmlNodePtr));
	if (cur->nodeTab == NULL) {
	    xmlXPathErrMemory(NULL, ""growing nodeset\n"");
	    return(-1);
	}
	memset(cur->nodeTab, 0 ,
	       XML_NODESET_DEFAULT * sizeof(xmlNodePtr));
        cur->nodeMax = XML_NODESET_DEFAULT;
    } else if (cur->nodeNr == cur->nodeMax) {
        xmlNodePtr *temp;
"
local/cpp/cwe-120-overflow,local/cpp/cwe-120-overflow,warning,low,CWE-120,/media/shafi/Research/STAILOR/dataset/55980/libxml2_55980_vul/xpath.c,3746,2,3746,8,CWE-120: Potential Buffer Overflow via memset (unchecked length).,,3741,3751,"					     sizeof(xmlNodePtr));
	if (cur->nodeTab == NULL) {
	    xmlXPathErrMemory(NULL, ""growing nodeset\n"");
	    return(-1);
	}
	memset(cur->nodeTab, 0 ,
	       XML_NODESET_DEFAULT * sizeof(xmlNodePtr));
        cur->nodeMax = XML_NODESET_DEFAULT;
    } else if (cur->nodeNr == cur->nodeMax) {
        xmlNodePtr *temp;
"
local/cpp/cwe-120-overflow,local/cpp/cwe-120-overflow,warning,low,CWE-120,/media/shafi/Research/STAILOR/dataset/55980/libxml2_55980_vul/xpath.c,3690,2,3690,8,CWE-120: Potential Buffer Overflow via memset (unchecked length).,,3685,3695,"					     sizeof(xmlNodePtr));
	if (cur->nodeTab == NULL) {
	    xmlXPathErrMemory(NULL, ""growing nodeset\n"");
	    return(-1);
	}
	memset(cur->nodeTab, 0 ,
	       XML_NODESET_DEFAULT * sizeof(xmlNodePtr));
        cur->nodeMax = XML_NODESET_DEFAULT;
    } else if (cur->nodeNr == cur->nodeMax) {
        xmlNodePtr *temp;
"
local/cpp/cwe-120-overflow,local/cpp/cwe-120-overflow,warning,low,CWE-120,/media/shafi/Research/STAILOR/dataset/55980/libxml2_55980_vul/xpath.c,3596,2,3596,8,CWE-120: Potential Buffer Overflow via memset (unchecked length).,,3591,3601,"	if (ret->nodeTab == NULL) {
	    xmlXPathErrMemory(NULL, ""creating nodeset\n"");
	    xmlFree(ret);
	    return(NULL);
	}
	memset(ret->nodeTab, 0 ,
	       XML_NODESET_DEFAULT * sizeof(xmlNodePtr));
        ret->nodeMax = XML_NODESET_DEFAULT;
	if (val->type == XML_NAMESPACE_DECL) {
	    xmlNsPtr ns = (xmlNsPtr) val;
"
local/cpp/cwe-120-overflow,local/cpp/cwe-120-overflow,warning,low,CWE-120,/media/shafi/Research/STAILOR/dataset/55980/libxml2_55980_vul/xpath.c,3251,6,3251,13,CWE-120: Potential Buffer Overflow via memmove (unchecked length).,,3246,3256,"	    size = strlen(work) + 1;
	    if (size > buffersize) {
		work[buffersize - 1] = 0;
		size = buffersize;
	    }
	    memmove(buffer, work, size);
	}
	break;
    }
}
"
local/cpp/cwe-120-overflow,local/cpp/cwe-120-overflow,warning,low,CWE-120,/media/shafi/Research/STAILOR/dataset/55980/libxml2_55980_vul/xpath.c,1033,5,1033,11,CWE-120: Potential Buffer Overflow via memset (unchecked length).,,1028,1038,"    if (cur->steps == NULL) {
        xmlXPathErrMemory(NULL, ""allocating steps\n"");
	xmlFree(cur);
	return(NULL);
    }
    memset(cur->steps, 0, cur->maxStep * sizeof(xmlXPathStepOp));
    cur->last = -1;
#ifdef DEBUG_EVAL_COUNTS
    cur->nb = 0;
#endif
    return(cur);"
local/cpp/cwe-120-overflow,local/cpp/cwe-120-overflow,warning,low,CWE-120,/media/shafi/Research/STAILOR/dataset/55980/libxml2_55980_vul/xmlschemas.c,3646,5,3646,11,CWE-120: Potential Buffer Overflow via memset (unchecked length).,,3641,3651,"    ret = (xmlSchemaBucketPtr) xmlMalloc(size);
    if (ret == NULL) {
	xmlSchemaPErrMemory(NULL, ""allocating schema bucket"", NULL);
	return(NULL);
    }
    memset(ret, 0, size);
    ret->targetNamespace = targetNamespace;
    ret->type = type;
    ret->globals = xmlSchemaItemListCreate();
    if (ret->globals == NULL) {
	xmlFree(ret);"
local/cpp/cwe-120-overflow,local/cpp/cwe-120-overflow,warning,low,CWE-120,/media/shafi/Research/STAILOR/dataset/55980/libxml2_55980_vul/testapi.c,141,5,141,12,CWE-120: Potential Buffer Overflow via strncpy (unchecked length).,,136,146,"    /* access to the proxy can slow up regression tests a lot */
    putenv((char *) ""http_proxy="");
#endif

    memset(chartab, 0, sizeof(chartab));
    strncpy((char *) chartab, ""  chartab\n"", 20);
    memset(inttab, 0, sizeof(inttab));
    memset(longtab, 0, sizeof(longtab));

    xmlInitParser();
#ifdef LIBXML_SCHEMAS_ENABLED"
local/cpp/cwe-125-oob-read,local/cpp/cwe-125-oob-read,warning,,CWE-125,/media/shafi/Research/STAILOR/dataset/55980/libxml2_55980_vul/dict.c,1037,8,1037,14,CWE-125: Potential OOB Read via memcmp (unchecked length).,,1032,1042,"    } else {
	for (insert = &(dict->dict[key]); insert->next != NULL;
	     insert = insert->next) {
#ifdef __GNUC__
	    if ((insert->okey == okey) && (insert->len == l)) {
		if (!memcmp(insert->name, name, l))
		    return(insert->name);
	    }
#else
	    if ((insert->okey == okey) && (insert->len == l) &&
	        (!xmlStrncmp(insert->name, name, l)))"
local/cpp/cwe-125-oob-read,local/cpp/cwe-125-oob-read,warning,,CWE-125,/media/shafi/Research/STAILOR/dataset/55980/libxml2_55980_vul/dict.c,1048,11,1048,17,CWE-125: Potential OOB Read via memcmp (unchecked length).,,1043,1053,"		return(insert->name);
#endif
	}
#ifdef __GNUC__
	if ((insert->okey == okey) && (insert->len == l)) {
	    if (!memcmp(insert->name, name, l))
		return(insert->name);
	}
#else
	if ((insert->okey == okey) && (insert->len == l) &&
	    (!xmlStrncmp(insert->name, name, l)))"
local/cpp/cwe-125-oob-read,local/cpp/cwe-125-oob-read,warning,,CWE-125,/media/shafi/Research/STAILOR/dataset/55980/libxml2_55980_vul/dict.c,1078,12,1078,18,CWE-125: Potential OOB Read via memcmp (unchecked length).,,1073,1083,"
	    for (tmp = &(dict->subdict->dict[key]); tmp->next != NULL;
		 tmp = tmp->next) {
#ifdef __GNUC__
		if ((tmp->okey == skey) && (tmp->len == l)) {
		    if (!memcmp(tmp->name, name, l))
			return(tmp->name);
		}
#else
		if ((tmp->okey == skey) && (tmp->len == l) &&
		    (!xmlStrncmp(tmp->name, name, l)))"
local/cpp/cwe-125-oob-read,local/cpp/cwe-125-oob-read,warning,,CWE-125,/media/shafi/Research/STAILOR/dataset/55980/libxml2_55980_vul/dict.c,1089,8,1089,14,CWE-125: Potential OOB Read via memcmp (unchecked length).,,1084,1094,"		    return(tmp->name);
#endif
	    }
#ifdef __GNUC__
	    if ((tmp->okey == skey) && (tmp->len == l)) {
		if (!memcmp(tmp->name, name, l))
		    return(tmp->name);
	    }
#else
	    if ((tmp->okey == skey) && (tmp->len == l) &&
		(!xmlStrncmp(tmp->name, name, l)))"
local/cpp/cwe-125-oob-read,local/cpp/cwe-125-oob-read,warning,,CWE-125,/media/shafi/Research/STAILOR/dataset/55980/libxml2_55980_vul/dict.c,900,8,900,14,CWE-125: Potential OOB Read via memcmp (unchecked length).,,895,905,"    } else {
	for (insert = &(dict->dict[key]); insert->next != NULL;
	     insert = insert->next) {
#ifdef __GNUC__
	    if ((insert->okey == okey) && (insert->len == l)) {
		if (!memcmp(insert->name, name, l))
		    return(insert->name);
	    }
#else
	    if ((insert->okey == okey) && (insert->len == l) &&
	        (!xmlStrncmp(insert->name, name, l)))"
local/cpp/cwe-125-oob-read,local/cpp/cwe-125-oob-read,warning,,CWE-125,/media/shafi/Research/STAILOR/dataset/55980/libxml2_55980_vul/dict.c,912,11,912,17,CWE-125: Potential OOB Read via memcmp (unchecked length).,,907,917,"#endif
	    nbi++;
	}
#ifdef __GNUC__
	if ((insert->okey == okey) && (insert->len == l)) {
	    if (!memcmp(insert->name, name, l))
		return(insert->name);
	}
#else
	if ((insert->okey == okey) && (insert->len == l) &&
	    (!xmlStrncmp(insert->name, name, l)))"
local/cpp/cwe-125-oob-read,local/cpp/cwe-125-oob-read,warning,,CWE-125,/media/shafi/Research/STAILOR/dataset/55980/libxml2_55980_vul/dict.c,942,12,942,18,CWE-125: Potential OOB Read via memcmp (unchecked length).,,937,947,"
	    for (tmp = &(dict->subdict->dict[key]); tmp->next != NULL;
		 tmp = tmp->next) {
#ifdef __GNUC__
		if ((tmp->okey == skey) && (tmp->len == l)) {
		    if (!memcmp(tmp->name, name, l))
			return(tmp->name);
		}
#else
		if ((tmp->okey == skey) && (tmp->len == l) &&
		    (!xmlStrncmp(tmp->name, name, l)))"
local/cpp/cwe-125-oob-read,local/cpp/cwe-125-oob-read,warning,,CWE-125,/media/shafi/Research/STAILOR/dataset/55980/libxml2_55980_vul/dict.c,954,8,954,14,CWE-125: Potential OOB Read via memcmp (unchecked length).,,949,959,"#endif
		nbi++;
	    }
#ifdef __GNUC__
	    if ((tmp->okey == skey) && (tmp->len == l)) {
		if (!memcmp(tmp->name, name, l))
		    return(tmp->name);
	    }
#else
	    if ((tmp->okey == skey) && (tmp->len == l) &&
		(!xmlStrncmp(tmp->name, name, l)))"
local/cpp/cwe-125-oob-read,local/cpp/cwe-125-oob-read,warning,,CWE-125,/media/shafi/Research/STAILOR/dataset/55980/libxml2_55980_vul/nanohttp.c,1730,6,1730,11,CWE-125: Potential OOB Read via write (unchecked length).,,1725,1735,"	}
    }

    xmlNanoHTTPFetchContent( ctxt, &buf, &len );
    if ( len > 0 ) {
	if (write(fd, buf, len) == -1) {
	    ret = -1;
	}
    }

    xmlNanoHTTPClose(ctxt);"
local/cpp/cwe-125-oob-read,local/cpp/cwe-125-oob-read,warning,,CWE-125,/media/shafi/Research/STAILOR/dataset/55980/libxml2_55980_vul/nanohttp.c,1688,6,1688,11,CWE-125: Potential OOB Read via write (unchecked length).,,1683,1693,"	}
    }

    xmlNanoHTTPFetchContent( ctxt, &buf, &len );
    if ( len > 0 ) {
	if (write(fd, buf, len) == -1) {
	    ret = -1;
	}
    }

    xmlNanoHTTPClose(ctxt);"
local/cpp/cwe-125-oob-read,local/cpp/cwe-125-oob-read,warning,,CWE-125,/media/shafi/Research/STAILOR/dataset/55980/libxml2_55980_vul/nanohttp.c,680,10,680,17,CWE-125: Potential OOB Read via strncmp (unchecked length).,,675,685,"xmlNanoHTTPScanAnswer(xmlNanoHTTPCtxtPtr ctxt, const char *line) {
    const char *cur = line;

    if (line == NULL) return;

    if (!strncmp(line, ""HTTP/"", 5)) {
        int version = 0;
	int ret = 0;

	cur += 5;
	while ((*cur >= '0') && (*cur <= '9')) {"
local/cpp/cwe-125-oob-read,local/cpp/cwe-125-oob-read,warning,,CWE-125,/media/shafi/Research/STAILOR/dataset/55980/libxml2_55980_vul/nanohttp.c,440,25,440,29,CWE-125: Potential OOB Read via send (unchecked length).,,435,445,"    fd_set wfd;
#endif

    if ((ctxt->state & XML_NANO_HTTP_WRITE) && (xmt_ptr != NULL)) {
        while (total_sent < outlen) {
            int nsent = send(ctxt->fd, SEND_ARG2_CAST (xmt_ptr + total_sent),
                             outlen - total_sent, 0);

            if (nsent > 0)
                total_sent += nsent;
            else if ((nsent == -1) &&"
local/cpp/cwe-125-oob-read,local/cpp/cwe-125-oob-read,warning,,CWE-125,/media/shafi/Research/STAILOR/dataset/55980/libxml2_55980_vul/parser.c,11846,11,11846,18,CWE-125: Potential OOB Read via strncmp (unchecked length).,,11841,11851,"			 * Special case to provide identical behaviour
			 * between pull and push parsers on enpty CDATA
			 * sections
			 */
			 if ((ctxt->input->cur - ctxt->input->base >= 9) &&
			     (!strncmp((const char *)&ctxt->input->cur[-9],
			               ""<![CDATA["", 9)))
			     ctxt->sax->cdataBlock(ctxt->userData,
			                           BAD_CAST """", 0);
		    } else if ((ctxt->sax != NULL) && (base > 0) &&
			(!ctxt->disableSAX)) {"
local/cpp/cwe-125-oob-read,local/cpp/cwe-125-oob-read,warning,,CWE-125,/media/shafi/Research/STAILOR/dataset/55980/libxml2_55980_vul/parser.c,11087,9,11087,15,CWE-125: Potential OOB Read via memchr (unchecked length).,,11082,11092,"        cur = ctxt->input->cur + 1;
    } else {
        cur = ctxt->input->cur + ctxt->checkIndex;
    }

    if (memchr(cur, c, ctxt->input->end - cur) == NULL) {
        ctxt->checkIndex = ctxt->input->end - ctxt->input->cur;
        return(0);
    } else {
        ctxt->checkIndex = 0;
        return(1);"
local/cpp/cwe-125-oob-read,local/cpp/cwe-125-oob-read,warning,,CWE-125,/media/shafi/Research/STAILOR/dataset/55980/libxml2_55980_vul/testrecurse.c,201,27,201,34,CWE-125: Potential OOB Read via strncmp (unchecked length).,,196,206," *
 * Returns an Input context or NULL in case or error
 */
static void *
hugeOpen(const char * URI) {
    if ((URI == NULL) || (strncmp(URI, ""huge:"", 4)))
        return(NULL);
    rlen = strlen(start);
    current = start;
    return((void *) current);
}"
local/cpp/cwe-125-oob-read,local/cpp/cwe-125-oob-read,warning,,CWE-125,/media/shafi/Research/STAILOR/dataset/55980/libxml2_55980_vul/testrecurse.c,185,28,185,35,CWE-125: Potential OOB Read via strncmp (unchecked length).,,180,190," *
 * Returns 1 if yes and 0 if another Input module should be used
 */
static int
hugeMatch(const char * URI) {
    if ((URI != NULL) && (!strncmp(URI, ""huge:"", 4)))
        return(1);
    return(0);
}

/**"
local/cpp/cwe-125-oob-read,local/cpp/cwe-125-oob-read,warning,,CWE-125,/media/shafi/Research/STAILOR/dataset/55980/libxml2_55980_vul/runtest.c,688,15,688,20,CWE-125: Potential OOB Read via write (unchecked length).,,683,693,"        fd = open(filename, WR_FLAGS, 0644);
        if (fd < 0) {
	    fprintf(stderr, ""failed to open %s for writing"", filename);
            return(-1);
	}
        res = write(fd, mem, size);
        close(fd);
        return(res != size);
    }

    if (stat(filename, &info) < 0) {"
local/cpp/cwe-125-oob-read,local/cpp/cwe-125-oob-read,warning,,CWE-125,/media/shafi/Research/STAILOR/dataset/55980/libxml2_55980_vul/runtest.c,715,6,715,12,CWE-125: Potential OOB Read via memcmp (unchecked length).,,710,720,"        res = read(fd, bytes, 4096);
	if (res <= 0)
	    break;
	if (res + idx > size)
	    break;
	if (memcmp(bytes, &mem[idx], res) != 0) {
	    int ix;
	    for (ix=0; ix<res; ix++)
		if (bytes[ix] != mem[idx+ix])
			break;
	    fprintf(stderr,""Compare error at position %d\n"", idx+ix);"
local/cpp/cwe-125-oob-read,local/cpp/cwe-125-oob-read,warning,,CWE-125,/media/shafi/Research/STAILOR/dataset/55980/libxml2_55980_vul/runtest.c,632,20,632,25,CWE-125: Potential OOB Read via write (unchecked length).,,627,637,"        do {
            res1 = read(fd1, bytes1, 4096);
            if (res1 <= 0)
                break;
            total += res1;
            res2 = write(fd2, bytes1, res1);
            if (res2 <= 0 || res2 != res1)
                break;
        } while (1);
        close(fd2);
        close(fd1);"
local/cpp/cwe-125-oob-read,local/cpp/cwe-125-oob-read,warning,,CWE-125,/media/shafi/Research/STAILOR/dataset/55980/libxml2_55980_vul/runtest.c,658,6,658,12,CWE-125: Potential OOB Read via memcmp (unchecked length).,,653,663,"                close(fd2);
	    return(1);
	}
	if (res1 == 0)
	    break;
	if (memcmp(bytes1, bytes2, res1) != 0) {
	    close(fd1);
            if (fd2 >= 0)
                close(fd2);
	    return(1);
	}"
local/cpp/cwe-125-oob-read,local/cpp/cwe-125-oob-read,warning,,CWE-125,/media/shafi/Research/STAILOR/dataset/55980/libxml2_55980_vul/testlimits.c,1332,17,1332,24,CWE-125: Potential OOB Read via strncmp (unchecked length).,,1327,1337,"    }
    if (ret != 0) {
        if (fail)
            res = 0;
        else {
            if (strncmp(filename, ""crazy:"", 6) == 0)
                fprintf(stderr, ""Failed to parse '%s' %u\n"",
                        filename, crazy_indx);
            else
                fprintf(stderr, ""Failed to parse '%s' %lu\n"",
                        filename, (unsigned long) limit);"
local/cpp/cwe-125-oob-read,local/cpp/cwe-125-oob-read,warning,,CWE-125,/media/shafi/Research/STAILOR/dataset/55980/libxml2_55980_vul/testlimits.c,1342,17,1342,24,CWE-125: Potential OOB Read via strncmp (unchecked length).,,1337,1347,"                        filename, (unsigned long) limit);
            res = 1;
        }
    } else {
        if (fail) {
            if (strncmp(filename, ""crazy:"", 6) == 0)
                fprintf(stderr, ""Failed to get failure for '%s' %u\n"",
                        filename, crazy_indx);
            else
                fprintf(stderr, ""Failed to get failure for '%s' %lu\n"",
                        filename, (unsigned long) limit);"
local/cpp/cwe-125-oob-read,local/cpp/cwe-125-oob-read,warning,,CWE-125,/media/shafi/Research/STAILOR/dataset/55980/libxml2_55980_vul/testlimits.c,283,27,283,34,CWE-125: Potential OOB Read via strncmp (unchecked length).,,278,288," *
 * Returns an Input context or NULL in case or error
 */
static void *
crazyOpen(const char * URI) {
    if ((URI == NULL) || (strncmp(URI, ""crazy:"", 6)))
        return(NULL);

    if (crazy_indx > strlen(crazy))
        return(NULL);
    reset_timout();"
local/cpp/cwe-125-oob-read,local/cpp/cwe-125-oob-read,warning,,CWE-125,/media/shafi/Research/STAILOR/dataset/55980/libxml2_55980_vul/testlimits.c,267,28,267,35,CWE-125: Potential OOB Read via strncmp (unchecked length).,,262,272," *
 * Returns 1 if yes and 0 if another Input module should be used
 */
static int
crazyMatch(const char * URI) {
    if ((URI != NULL) && (!strncmp(URI, ""crazy:"", 6)))
        return(1);
    return(0);
}

/**"
local/cpp/cwe-125-oob-read,local/cpp/cwe-125-oob-read,warning,,CWE-125,/media/shafi/Research/STAILOR/dataset/55980/libxml2_55980_vul/testlimits.c,120,27,120,34,CWE-125: Potential OOB Read via strncmp (unchecked length).,,115,125," *
 * Returns an Input context or NULL in case or error
 */
static void *
hugeOpen(const char * URI) {
    if ((URI == NULL) || (strncmp(URI, ""huge:"", 5)))
        return(NULL);

    for (currentTest = 0;currentTest < sizeof(hugeTests)/sizeof(hugeTests[0]);
         currentTest++)
         if (!strcmp(hugeTests[currentTest].name, URI))"
local/cpp/cwe-125-oob-read,local/cpp/cwe-125-oob-read,warning,,CWE-125,/media/shafi/Research/STAILOR/dataset/55980/libxml2_55980_vul/testlimits.c,104,28,104,35,CWE-125: Potential OOB Read via strncmp (unchecked length).,,99,109," *
 * Returns 1 if yes and 0 if another Input module should be used
 */
static int
hugeMatch(const char * URI) {
    if ((URI != NULL) && (!strncmp(URI, ""huge:"", 5)))
        return(1);
    return(0);
}

/**"
local/cpp/cwe-125-oob-read,local/cpp/cwe-125-oob-read,warning,,CWE-125,/media/shafi/Research/STAILOR/dataset/55980/libxml2_55980_vul/xmllint.c,2512,11,2512,16,CWE-125: Potential OOB Read via write (unchecked length).,,2507,2517,"	        xmlChar *result = NULL;
		int size;

		size = xmlC14NDocDumpMemory(doc, NULL, XML_C14N_1_0, NULL, 1, &result);
		if (size >= 0) {
		    if (write(1, result, size) == -1) {
		        fprintf(stderr, ""Can't write data\n"");
		    }
		    xmlFree(result);
		} else {
		    fprintf(stderr, ""Failed to canonicalize\n"");"
local/cpp/cwe-125-oob-read,local/cpp/cwe-125-oob-read,warning,,CWE-125,/media/shafi/Research/STAILOR/dataset/55980/libxml2_55980_vul/xmllint.c,2526,11,2526,16,CWE-125: Potential OOB Read via write (unchecked length).,,2521,2531,"	        xmlChar *result = NULL;
		int size;

		size = xmlC14NDocDumpMemory(doc, NULL, XML_C14N_1_1, NULL, 1, &result);
		if (size >= 0) {
		    if (write(1, result, size) == -1) {
		        fprintf(stderr, ""Can't write data\n"");
		    }
		    xmlFree(result);
		} else {
		    fprintf(stderr, ""Failed to canonicalize\n"");"
local/cpp/cwe-125-oob-read,local/cpp/cwe-125-oob-read,warning,,CWE-125,/media/shafi/Research/STAILOR/dataset/55980/libxml2_55980_vul/xmllint.c,2541,11,2541,16,CWE-125: Potential OOB Read via write (unchecked length).,,2536,2546,"	        xmlChar *result = NULL;
		int size;

		size = xmlC14NDocDumpMemory(doc, NULL, XML_C14N_EXCLUSIVE_1_0, NULL, 1, &result);
		if (size >= 0) {
		    if (write(1, result, size) == -1) {
		        fprintf(stderr, ""Can't write data\n"");
		    }
		    xmlFree(result);
		} else {
		    fprintf(stderr, ""Failed to canonicalize\n"");"
local/cpp/cwe-125-oob-read,local/cpp/cwe-125-oob-read,warning,,CWE-125,/media/shafi/Research/STAILOR/dataset/55980/libxml2_55980_vul/xmllint.c,2572,11,2572,16,CWE-125: Potential OOB Read via write (unchecked length).,,2567,2577,"		}
		if (result == NULL) {
		    fprintf(stderr, ""Failed to save\n"");
		    progresult = XMLLINT_ERR_OUT;
		} else {
		    if (write(1, result, len) == -1) {
		        fprintf(stderr, ""Can't write data\n"");
		    }
		    xmlFree(result);
		}
"
local/cpp/cwe-125-oob-read,local/cpp/cwe-125-oob-read,warning,,CWE-125,/media/shafi/Research/STAILOR/dataset/55980/libxml2_55980_vul/xmlIO.c,754,8,754,13,CWE-125: Potential OOB Read via write (unchecked length).,,749,759,"static int
xmlFdWrite (void * context, const char * buffer, int len) {
    int ret = 0;

    if (len > 0) {
	ret = write((int) (ptrdiff_t) context, &buffer[0], len);
	if (ret < 0) xmlIOErr(0, ""write()"");
    }
    return(ret);
}
#endif /* LIBXML_OUTPUT_ENABLED */"
local/cpp/cwe-125-oob-read,local/cpp/cwe-125-oob-read,warning,,CWE-125,/media/shafi/Research/STAILOR/dataset/55980/libxml2_55980_vul/xzlib.c,286,35,286,41,CWE-125: Potential OOB Read via memcmp (unchecked length).,,281,291,"static int
is_format_xz(xz_statep state)
{
    lzma_stream *strm = &(state->strm);

    return strm->avail_in >= 6 && memcmp(state->in, ""\3757zXZ"", 6) == 0;
}

static int
is_format_lzma(xz_statep state)
{"
local/cpp/cwe-787-oob-write,local/cpp/cwe-787-oob-write,warning,,CWE-787,/media/shafi/Research/STAILOR/dataset/55980/libxml2_55980_vul/SAX2.c,2629,6,2629,12,CWE-787: Potential OOB Write via unchecked pointer offset.,,2624,2634,"		    return;
		}
		ctxt->nodemem = size;
		lastChild->content = newbuf;
	    }
	    memcpy(&lastChild->content[ctxt->nodelen], ch, len);
	    ctxt->nodelen += len;
	    lastChild->content[ctxt->nodelen] = 0;
	} else if (coalesceText) {
	    if (xmlTextConcat(lastChild, ch, len)) {
		xmlSAX2ErrMemory(ctxt, ""xmlSAX2Characters"");"
local/cpp/cwe-787-oob-write,local/cpp/cwe-787-oob-write,warning,,CWE-787,/media/shafi/Research/STAILOR/dataset/55980/libxml2_55980_vul/dict.c,725,6,725,12,CWE-787: Potential OOB Write via unchecked pointer offset.,,720,730,"	else
	    okey = xmlDictComputeKey(dict, olddict[i].name, olddict[i].len);
	key = okey % dict->size;

	if (dict->dict[key].valid == 0) {
	    memcpy(&(dict->dict[key]), &(olddict[i]), sizeof(xmlDictEntry));
	    dict->dict[key].next = NULL;
	    dict->dict[key].okey = okey;
	} else {
	    xmlDictEntryPtr entry;
"
local/cpp/cwe-787-oob-write,local/cpp/cwe-787-oob-write,warning,,CWE-787,/media/shafi/Research/STAILOR/dataset/55980/libxml2_55980_vul/dict.c,767,3,767,9,CWE-787: Potential OOB Write via unchecked pointer offset.,,762,772,"		okey = iter->okey;
	    else
		okey = xmlDictComputeKey(dict, iter->name, iter->len);
	    key = okey % dict->size;
	    if (dict->dict[key].valid == 0) {
		memcpy(&(dict->dict[key]), iter, sizeof(xmlDictEntry));
		dict->dict[key].next = NULL;
		dict->dict[key].valid = 1;
		dict->dict[key].okey = okey;
		xmlFree(iter);
	    } else {"
local/cpp/cwe-787-oob-write,local/cpp/cwe-787-oob-write,warning,,CWE-787,/media/shafi/Research/STAILOR/dataset/55980/libxml2_55980_vul/encoding.c,1151,6,1151,13,CWE-787: Potential OOB Write via unchecked pointer offset.,,1146,1156,"    for (i = 0;i < xmlCharEncodingAliasesNb;i++) {
	if (!strcmp(xmlCharEncodingAliases[i].alias, alias)) {
	    xmlFree((char *) xmlCharEncodingAliases[i].name);
	    xmlFree((char *) xmlCharEncodingAliases[i].alias);
	    xmlCharEncodingAliasesNb--;
	    memmove(&xmlCharEncodingAliases[i], &xmlCharEncodingAliases[i + 1],
		    sizeof(xmlCharEncodingAlias) * (xmlCharEncodingAliasesNb - i));
	    return(0);
	}
    }
    return(-1);"
local/cpp/cwe-787-oob-write,local/cpp/cwe-787-oob-write,warning,,CWE-787,/media/shafi/Research/STAILOR/dataset/55980/libxml2_55980_vul/buf.c,823,5,823,12,CWE-787: Potential OOB Write via unchecked pointer offset.,,818,828,"	    xmlBufMemoryError(buf, ""growing buffer"");
            return XML_ERR_NO_MEMORY;
        }
    }

    memmove(&buf->content[buf->use], str, len);
    buf->use += len;
    buf->content[buf->use] = 0;
    UPDATE_COMPAT(buf)
    return 0;
}"
local/cpp/cwe-787-oob-write,local/cpp/cwe-787-oob-write,warning,,CWE-787,/media/shafi/Research/STAILOR/dataset/55980/libxml2_55980_vul/hash.c,1129,4,1129,10,CWE-787: Potential OOB Write via unchecked pointer offset.,,1124,1134,"		} else {
		    if (entry->next == NULL) {
			entry->valid = 0;
		    } else {
			entry = entry->next;
			memcpy(&(table->table[key]), entry, sizeof(xmlHashEntry));
			xmlFree(entry);
		    }
		}
                table->nbElems--;
                return(0);"
local/cpp/cwe-787-oob-write,local/cpp/cwe-787-oob-write,warning,,CWE-787,/media/shafi/Research/STAILOR/dataset/55980/libxml2_55980_vul/hash.c,273,2,273,8,CWE-787: Potential OOB Write via unchecked pointer offset.,,268,278,"    for (i = 0; i < oldsize; i++) {
	if (oldtable[i].valid == 0)
	    continue;
	key = xmlHashComputeKey(table, oldtable[i].name, oldtable[i].name2,
				oldtable[i].name3);
	memcpy(&(table->table[key]), &(oldtable[i]), sizeof(xmlHashEntry));
	table->table[key].next = NULL;
    }

    for (i = 0; i < oldsize; i++) {
	iter = oldtable[i].next;"
local/cpp/cwe-787-oob-write,local/cpp/cwe-787-oob-write,warning,,CWE-787,/media/shafi/Research/STAILOR/dataset/55980/libxml2_55980_vul/hash.c,289,3,289,9,CWE-787: Potential OOB Write via unchecked pointer offset.,,284,294,"	     */

	    key = xmlHashComputeKey(table, iter->name, iter->name2,
		                    iter->name3);
	    if (table->table[key].valid == 0) {
		memcpy(&(table->table[key]), iter, sizeof(xmlHashEntry));
		table->table[key].next = NULL;
		xmlFree(iter);
	    } else {
		iter->next = table->table[key].next;
		table->table[key].next = iter;"
local/cpp/cwe-787-oob-write,local/cpp/cwe-787-oob-write,warning,,CWE-787,/media/shafi/Research/STAILOR/dataset/55980/libxml2_55980_vul/runtest.c,3895,5,3895,11,CWE-787: Potential OOB Write via unchecked pointer offset.,,3890,3900,"    len -= 4;
    memcpy(xml, filename, len);
    xml[len] = 0;
    if (snprintf(result, 499, ""result/pattern/%s"", baseFilename(xml)) >= 499)
        result[499] = 0;
    memcpy(xml + len, "".xml"", 5);

    if (!checkTestFile(xml) && !update_results) {
	fprintf(stderr, ""Missing xml file %s\n"", xml);
	return(-1);
    }"
local/cpp/cwe-787-oob-write,local/cpp/cwe-787-oob-write,warning,,CWE-787,/media/shafi/Research/STAILOR/dataset/55980/libxml2_55980_vul/tree.c,7708,5,7708,12,CWE-787: Potential OOB Write via unchecked pointer offset.,,7703,7713,"	    xmlTreeErrMemory(""growing buffer"");
            return XML_ERR_NO_MEMORY;
        }
    }

    memmove(&buf->content[len], &buf->content[0], buf->use);
    memmove(&buf->content[0], str, len);
    buf->use += len;
    buf->content[buf->use] = 0;
    return 0;
}"
local/cpp/cwe-787-oob-write,local/cpp/cwe-787-oob-write,warning,,CWE-787,/media/shafi/Research/STAILOR/dataset/55980/libxml2_55980_vul/tree.c,7635,5,7635,12,CWE-787: Potential OOB Write via unchecked pointer offset.,,7630,7640,"	    xmlTreeErrMemory(""growing buffer"");
            return XML_ERR_NO_MEMORY;
        }
    }

    memmove(&buf->content[buf->use], str, len);
    buf->use += len;
    buf->content[buf->use] = 0;
    return 0;
}
"
local/cpp/cwe-787-oob-write,local/cpp/cwe-787-oob-write,warning,,CWE-787,/media/shafi/Research/STAILOR/dataset/55980/libxml2_55980_vul/xmlregexp.c,6217,2,6217,8,CWE-787: Potential OOB Write via unchecked pointer offset.,,6212,6222,"	    xmlRegFreeAtom(atom);
	    return(NULL);
	}
	memcpy(&str[0], token, lenp);
	str[lenp] = '|';
	memcpy(&str[lenp + 1], token2, lenn);
	str[lenn + lenp + 1] = 0;

	atom->valuep = str;
    }
    atom->data = data;"
local/cpp/cwe-787-oob-write,local/cpp/cwe-787-oob-write,warning,,CWE-787,/media/shafi/Research/STAILOR/dataset/55980/libxml2_55980_vul/xmlregexp.c,6062,2,6062,8,CWE-787: Potential OOB Write via unchecked pointer offset.,,6057,6067,"	    xmlRegFreeAtom(atom);
	    return(NULL);
	}
	memcpy(&str[0], token, lenp);
	str[lenp] = '|';
	memcpy(&str[lenp + 1], token2, lenn);
	str[lenn + lenp + 1] = 0;

	atom->valuep = str;
    }
    atom->data = data;"
local/cpp/cwe-787-oob-write,local/cpp/cwe-787-oob-write,warning,,CWE-787,/media/shafi/Research/STAILOR/dataset/55980/libxml2_55980_vul/xmlregexp.c,5992,2,5992,8,CWE-787: Potential OOB Write via unchecked pointer offset.,,5987,5997,"	    xmlRegFreeAtom(atom);
	    return(NULL);
	}
	memcpy(&str[0], token, lenp);
	str[lenp] = '|';
	memcpy(&str[lenp + 1], token2, lenn);
	str[lenn + lenp + 1] = 0;

	atom->valuep = str;
    }
    snprintf((char *) err_msg, 199, ""not %s"", (const char *) atom->valuep);"
local/cpp/cwe-787-oob-write,local/cpp/cwe-787-oob-write,warning,,CWE-787,/media/shafi/Research/STAILOR/dataset/55980/libxml2_55980_vul/xmlregexp.c,5930,2,5930,8,CWE-787: Potential OOB Write via unchecked pointer offset.,,5925,5935,"	    xmlRegFreeAtom(atom);
	    return(NULL);
	}
	memcpy(&str[0], token, lenp);
	str[lenp] = '|';
	memcpy(&str[lenp + 1], token2, lenn);
	str[lenn + lenp + 1] = 0;

	atom->valuep = str;
    }
"
local/cpp/cwe-787-oob-write,local/cpp/cwe-787-oob-write,warning,,CWE-787,/media/shafi/Research/STAILOR/dataset/55980/libxml2_55980_vul/xmlsave.c,303,6,303,12,CWE-787: Potential OOB Write via unchecked pointer offset.,,298,308,"        memset(&ctxt->indent[0], 0, MAX_INDENT + 1);
    } else {
	ctxt->indent_size = len;
	ctxt->indent_nr = MAX_INDENT / ctxt->indent_size;
	for (i = 0;i < ctxt->indent_nr;i++)
	    memcpy(&ctxt->indent[i * ctxt->indent_size], xmlTreeIndentString,
		   ctxt->indent_size);
        ctxt->indent[ctxt->indent_nr * ctxt->indent_size] = 0;
    }

    if (xmlSaveNoEmptyTags) {"
local/cpp/cwe-787-oob-write,local/cpp/cwe-787-oob-write,warning,,CWE-787,/media/shafi/Research/STAILOR/dataset/55980/libxml2_55980_vul/xmlregexp.c,4257,5,4257,11,CWE-787: Potential OOB Write via unchecked pointer offset.,,4252,4262,"    } else {
	str = buf;
    }
    memcpy(&str[0], value, lenp);
    str[lenp] = XML_REG_STRING_SEPARATOR;
    memcpy(&str[lenp + 1], value2, lenn);
    str[lenn + lenp + 1] = 0;

    if (exec->comp->compact != NULL)
	ret = xmlRegCompactPushString(exec, exec->comp, str, data);
    else"
local/cpp/cwe-787-oob-write,local/cpp/cwe-787-oob-write,warning,,CWE-787,/media/shafi/Research/STAILOR/dataset/55980/libxml2_55980_vul/parser.c,4995,3,4995,9,CWE-787: Potential OOB Write via unchecked pointer offset.,,4990,5000,"			ctxt->instate = state;
			return;
		    }
		    buf = new_buf;
		}
		memcpy(&buf[len], ctxt->input->cur, nbchar);
		len += nbchar;
		buf[len] = 0;
	    }
	}
        if (len > maxLength) {"
local/cpp/cwe-787-oob-write,local/cpp/cwe-787-oob-write,warning,,CWE-787,/media/shafi/Research/STAILOR/dataset/55980/libxml2_55980_vul/xmlstring.c,510,5,510,11,CWE-787: Potential OOB Write via unchecked pointer offset.,,505,515,"    if (ret == NULL) {
        xmlErrMemory(NULL, NULL);
        return(xmlStrndup(str1, size));
    }
    memcpy(ret, str1, size);
    memcpy(&ret[size], str2, len);
    ret[size + len] = 0;
    return(ret);
}

/**"
local/cpp/cwe-787-oob-write,local/cpp/cwe-787-oob-write,warning,,CWE-787,/media/shafi/Research/STAILOR/dataset/55980/libxml2_55980_vul/xmlstring.c,469,5,469,11,CWE-787: Potential OOB Write via unchecked pointer offset.,,464,474,"    ret = (xmlChar *) xmlRealloc(cur, (size_t) size + len + 1);
    if (ret == NULL) {
        xmlErrMemory(NULL, NULL);
        return(cur);
    }
    memcpy(&ret[size], add, len);
    ret[size + len] = 0;
    return(ret);
}

/**"
local/cpp/cwe-787-oob-write,local/cpp/cwe-787-oob-write,warning,,CWE-787,/media/shafi/Research/STAILOR/dataset/55980/libxml2_55980_vul/xmlschemastypes.c,5931,8,5931,15,CWE-787: Potential OOB Write via unchecked pointer offset.,,5926,5936,"			* Insert missing zeroes behind the decimal point.
			*/
			while (*(offs + i) != 0)
			    i++;
			if (i < dec.total) {
			    memmove(offs + (dec.total - i), offs, i +1);
			    memset(offs, '0', dec.total - i);
			}
		    }
		} else {
		    /*"
local/cpp/cwe-787-oob-write,local/cpp/cwe-787-oob-write,warning,,CWE-787,/media/shafi/Research/STAILOR/dataset/55980/libxml2_55980_vul/xzlib.c,516,9,516,15,CWE-787: Potential OOB Write via unchecked pointer offset.,,511,521,"     * input to output -- this assumes that the output buffer is larger than
     * the input buffer, which also assures space for gzungetc() */
    state->raw = state->pos;
    state->next = state->out;
    if (strm->avail_in) {
        memcpy(state->next + state->have, strm->next_in, strm->avail_in);
        state->have += strm->avail_in;
        strm->avail_in = 0;
    }
    state->how = COPY;
    state->direct = 1;"
local/cpp/cwe-787-oob-write,local/cpp/cwe-787-oob-write,warning,,CWE-787,/media/shafi/Research/STAILOR/dataset/55980/libxml2_55980_vul/tree.c,244,5,244,11,CWE-787: Potential OOB Write via unchecked pointer offset.,,239,249,"    } else {
	ret = memory;
    }
    memcpy(&ret[0], prefix, lenp);
    ret[lenp] = ':';
    memcpy(&ret[lenp + 1], ncname, lenn);
    ret[lenn + lenp + 1] = 0;
    return(ret);
}

/**"
shafi/cpp/pattern/free-then-deref/intra,shafi/cpp/pattern/free-then-deref/intra,7.5,medium,CWE-416,/media/shafi/Research/STAILOR/dataset/55980/libxml2_55980_vul/dict.c,832,9,832,13,Potential use-after-free (direct dereference): value freed by 'xmlDictFree()' is later dereferenced.,,827,837,"
    if (dict->subdict != NULL) {
        xmlDictFree(dict->subdict);
    }

    if (dict->dict) {
	for(i = 0; ((i < dict->size) && (dict->nbElems > 0)); i++) {
	    iter = &(dict->dict[i]);
	    if (iter->valid == 0)
		continue;
	    inside_dict = 1;"
shafi/cpp/pattern/free-then-deref/intra,shafi/cpp/pattern/free-then-deref/intra,7.5,medium,CWE-416,/media/shafi/Research/STAILOR/dataset/55980/libxml2_55980_vul/dict.c,833,19,833,23,Potential use-after-free (direct dereference): value freed by 'xmlDictFree()' is later dereferenced.,,828,838,"    if (dict->subdict != NULL) {
        xmlDictFree(dict->subdict);
    }

    if (dict->dict) {
	for(i = 0; ((i < dict->size) && (dict->nbElems > 0)); i++) {
	    iter = &(dict->dict[i]);
	    if (iter->valid == 0)
		continue;
	    inside_dict = 1;
	    while (iter) {"
shafi/cpp/pattern/free-then-deref/intra,shafi/cpp/pattern/free-then-deref/intra,7.5,medium,CWE-416,/media/shafi/Research/STAILOR/dataset/55980/libxml2_55980_vul/dict.c,833,35,833,39,Potential use-after-free (direct dereference): value freed by 'xmlDictFree()' is later dereferenced.,,828,838,"    if (dict->subdict != NULL) {
        xmlDictFree(dict->subdict);
    }

    if (dict->dict) {
	for(i = 0; ((i < dict->size) && (dict->nbElems > 0)); i++) {
	    iter = &(dict->dict[i]);
	    if (iter->valid == 0)
		continue;
	    inside_dict = 1;
	    while (iter) {"
shafi/cpp/pattern/free-then-deref/intra,shafi/cpp/pattern/free-then-deref/intra,7.5,medium,CWE-416,/media/shafi/Research/STAILOR/dataset/55980/libxml2_55980_vul/dict.c,834,15,834,19,Potential use-after-free (direct dereference): value freed by 'xmlDictFree()' is later dereferenced.,,829,839,"        xmlDictFree(dict->subdict);
    }

    if (dict->dict) {
	for(i = 0; ((i < dict->size) && (dict->nbElems > 0)); i++) {
	    iter = &(dict->dict[i]);
	    if (iter->valid == 0)
		continue;
	    inside_dict = 1;
	    while (iter) {
		next = iter->next;"
shafi/cpp/pattern/free-then-deref/intra,shafi/cpp/pattern/free-then-deref/intra,7.5,medium,CWE-416,/media/shafi/Research/STAILOR/dataset/55980/libxml2_55980_vul/dict.c,842,3,842,7,Potential use-after-free (direct dereference): value freed by 'xmlDictFree()' is later dereferenced.,,837,847,"	    inside_dict = 1;
	    while (iter) {
		next = iter->next;
		if (!inside_dict)
		    xmlFree(iter);
		dict->nbElems--;
		inside_dict = 0;
		iter = next;
	    }
	}
	xmlFree(dict->dict);"
shafi/cpp/pattern/free-then-deref/intra,shafi/cpp/pattern/free-then-deref/intra,7.5,medium,CWE-416,/media/shafi/Research/STAILOR/dataset/55980/libxml2_55980_vul/dict.c,847,10,847,14,Potential use-after-free (direct dereference): value freed by 'xmlDictFree()' is later dereferenced.,,842,852,"		dict->nbElems--;
		inside_dict = 0;
		iter = next;
	    }
	}
	xmlFree(dict->dict);
    }
    pool = dict->strings;
    while (pool != NULL) {
        nextp = pool->next;
	xmlFree(pool);"
shafi/cpp/pattern/free-then-deref/intra,shafi/cpp/pattern/free-then-deref/intra,7.5,medium,CWE-416,/media/shafi/Research/STAILOR/dataset/55980/libxml2_55980_vul/dict.c,849,12,849,16,Potential use-after-free (direct dereference): value freed by 'xmlDictFree()' is later dereferenced.,,844,854,"		iter = next;
	    }
	}
	xmlFree(dict->dict);
    }
    pool = dict->strings;
    while (pool != NULL) {
        nextp = pool->next;
	xmlFree(pool);
	pool = nextp;
    }"
shafi/cpp/pattern/free-then-deref/intra,shafi/cpp/pattern/free-then-deref/intra,7.5,medium,CWE-416,/media/shafi/Research/STAILOR/dataset/55980/libxml2_55980_vul/runtest.c,2256,34,2256,38,Potential use-after-free (direct dereference): value freed by 'free()' is later dereferenced.,,2251,2261,"	htmlDocDumpMemory(doc, (xmlChar **) &base, &size);
    else
#endif
    xmlDocDumpMemory(doc, (xmlChar **) &base, &size);
    xmlFreeDoc(doc);
    res = compareFileMem(result, base, size);
    if ((base == NULL) || (res != 0)) {
	if (base != NULL)
	    xmlFree((char *)base);
        fprintf(stderr, ""Result for %s failed in %s\n"", filename, result);
	return(-1);"
shafi/cpp/pattern/free-then-deref/intra,shafi/cpp/pattern/free-then-deref/intra,7.5,medium,CWE-416,/media/shafi/Research/STAILOR/dataset/55980/libxml2_55980_vul/runtest.c,1956,34,1956,38,Potential use-after-free (direct dereference): value freed by 'free()' is later dereferenced.,,1951,1961,"	htmlDocDumpMemory(doc, (xmlChar **) &base, &size);
    else
#endif
    xmlDocDumpMemory(doc, (xmlChar **) &base, &size);
    xmlFreeDoc(doc);
    res = compareFileMem(result, base, size);
    if ((base == NULL) || (res != 0)) {
	if (base != NULL)
	    xmlFree((char *)base);
        fprintf(stderr, ""Result for %s failed in %s\n"", filename, result);
	return(-1);"
shafi/cpp/pattern/free-then-use/intra,shafi/cpp/pattern/free-then-use/intra,error,low,CWE-416,/media/shafi/Research/STAILOR/dataset/55980/libxml2_55980_vul/dict.c,832,9,832,13,Potential use-after-free (intra): value freed by 'xmlDictFree()' flows to a later use.,,827,837,"
    if (dict->subdict != NULL) {
        xmlDictFree(dict->subdict);
    }

    if (dict->dict) {
	for(i = 0; ((i < dict->size) && (dict->nbElems > 0)); i++) {
	    iter = &(dict->dict[i]);
	    if (iter->valid == 0)
		continue;
	    inside_dict = 1;"
shafi/cpp/pattern/free-then-use/intra,shafi/cpp/pattern/free-then-use/intra,error,low,CWE-416,/media/shafi/Research/STAILOR/dataset/55980/libxml2_55980_vul/dict.c,833,19,833,23,Potential use-after-free (intra): value freed by 'xmlDictFree()' flows to a later use.,,828,838,"    if (dict->subdict != NULL) {
        xmlDictFree(dict->subdict);
    }

    if (dict->dict) {
	for(i = 0; ((i < dict->size) && (dict->nbElems > 0)); i++) {
	    iter = &(dict->dict[i]);
	    if (iter->valid == 0)
		continue;
	    inside_dict = 1;
	    while (iter) {"
shafi/cpp/pattern/free-then-use/intra,shafi/cpp/pattern/free-then-use/intra,error,low,CWE-416,/media/shafi/Research/STAILOR/dataset/55980/libxml2_55980_vul/dict.c,833,35,833,39,Potential use-after-free (intra): value freed by 'xmlDictFree()' flows to a later use.,,828,838,"    if (dict->subdict != NULL) {
        xmlDictFree(dict->subdict);
    }

    if (dict->dict) {
	for(i = 0; ((i < dict->size) && (dict->nbElems > 0)); i++) {
	    iter = &(dict->dict[i]);
	    if (iter->valid == 0)
		continue;
	    inside_dict = 1;
	    while (iter) {"
shafi/cpp/pattern/free-then-use/intra,shafi/cpp/pattern/free-then-use/intra,error,low,CWE-416,/media/shafi/Research/STAILOR/dataset/55980/libxml2_55980_vul/dict.c,834,15,834,19,Potential use-after-free (intra): value freed by 'xmlDictFree()' flows to a later use.,,829,839,"        xmlDictFree(dict->subdict);
    }

    if (dict->dict) {
	for(i = 0; ((i < dict->size) && (dict->nbElems > 0)); i++) {
	    iter = &(dict->dict[i]);
	    if (iter->valid == 0)
		continue;
	    inside_dict = 1;
	    while (iter) {
		next = iter->next;"
shafi/cpp/pattern/free-then-use/intra,shafi/cpp/pattern/free-then-use/intra,error,low,CWE-416,/media/shafi/Research/STAILOR/dataset/55980/libxml2_55980_vul/dict.c,842,3,842,7,Potential use-after-free (intra): value freed by 'xmlDictFree()' flows to a later use.,,837,847,"	    inside_dict = 1;
	    while (iter) {
		next = iter->next;
		if (!inside_dict)
		    xmlFree(iter);
		dict->nbElems--;
		inside_dict = 0;
		iter = next;
	    }
	}
	xmlFree(dict->dict);"
shafi/cpp/pattern/free-then-use/intra,shafi/cpp/pattern/free-then-use/intra,error,low,CWE-416,/media/shafi/Research/STAILOR/dataset/55980/libxml2_55980_vul/dict.c,847,10,847,14,Potential use-after-free (intra): value freed by 'xmlDictFree()' flows to a later use.,,842,852,"		dict->nbElems--;
		inside_dict = 0;
		iter = next;
	    }
	}
	xmlFree(dict->dict);
    }
    pool = dict->strings;
    while (pool != NULL) {
        nextp = pool->next;
	xmlFree(pool);"
shafi/cpp/pattern/free-then-use/intra,shafi/cpp/pattern/free-then-use/intra,error,low,CWE-416,/media/shafi/Research/STAILOR/dataset/55980/libxml2_55980_vul/dict.c,849,12,849,16,Potential use-after-free (intra): value freed by 'xmlDictFree()' flows to a later use.,,844,854,"		iter = next;
	    }
	}
	xmlFree(dict->dict);
    }
    pool = dict->strings;
    while (pool != NULL) {
        nextp = pool->next;
	xmlFree(pool);
	pool = nextp;
    }"
shafi/cpp/pattern/free-then-use/intra,shafi/cpp/pattern/free-then-use/intra,error,low,CWE-416,/media/shafi/Research/STAILOR/dataset/55980/libxml2_55980_vul/runtest.c,2256,34,2256,38,Potential use-after-free (intra): value freed by 'free()' flows to a later use.,,2251,2261,"	htmlDocDumpMemory(doc, (xmlChar **) &base, &size);
    else
#endif
    xmlDocDumpMemory(doc, (xmlChar **) &base, &size);
    xmlFreeDoc(doc);
    res = compareFileMem(result, base, size);
    if ((base == NULL) || (res != 0)) {
	if (base != NULL)
	    xmlFree((char *)base);
        fprintf(stderr, ""Result for %s failed in %s\n"", filename, result);
	return(-1);"
shafi/cpp/pattern/free-then-use/intra,shafi/cpp/pattern/free-then-use/intra,error,low,CWE-416,/media/shafi/Research/STAILOR/dataset/55980/libxml2_55980_vul/runtest.c,1956,34,1956,38,Potential use-after-free (intra): value freed by 'free()' flows to a later use.,,1951,1961,"	htmlDocDumpMemory(doc, (xmlChar **) &base, &size);
    else
#endif
    xmlDocDumpMemory(doc, (xmlChar **) &base, &size);
    xmlFreeDoc(doc);
    res = compareFileMem(result, base, size);
    if ((base == NULL) || (res != 0)) {
	if (base != NULL)
	    xmlFree((char *)base);
        fprintf(stderr, ""Result for %s failed in %s\n"", filename, result);
	return(-1);"
shafi/cpp/pattern/free-then-use/intra,shafi/cpp/pattern/free-then-use/intra,error,low,CWE-416,/media/shafi/Research/STAILOR/dataset/55980/libxml2_55980_vul/valid.c,1825,9,1825,12,Potential use-after-free (intra): value freed by 'xmlFreeEnumeration()' flows to a later use.,,1820,1830,"xmlFreeEnumeration(xmlEnumerationPtr cur) {
    if (cur == NULL) return;

    if (cur->next != NULL) xmlFreeEnumeration(cur->next);

    if (cur->name != NULL) xmlFree((xmlChar *) cur->name);
    xmlFree(cur);
}

#ifdef LIBXML_TREE_ENABLED
/**"
shafi/cpp/pattern/free-then-use/intra,shafi/cpp/pattern/free-then-use/intra,error,low,CWE-416,/media/shafi/Research/STAILOR/dataset/55980/libxml2_55980_vul/valid.c,1825,48,1825,51,Potential use-after-free (intra): value freed by 'xmlFreeEnumeration()' flows to a later use.,,1820,1830,"xmlFreeEnumeration(xmlEnumerationPtr cur) {
    if (cur == NULL) return;

    if (cur->next != NULL) xmlFreeEnumeration(cur->next);

    if (cur->name != NULL) xmlFree((xmlChar *) cur->name);
    xmlFree(cur);
}

#ifdef LIBXML_TREE_ENABLED
/**"
shafi/cpp/pattern/free-then-use/intra,shafi/cpp/pattern/free-then-use/intra,error,low,CWE-416,/media/shafi/Research/STAILOR/dataset/55980/libxml2_55980_vul/tree.c,1248,9,1248,12,Potential use-after-free (intra): value freed by 'xmlFreeNodeList()' flows to a later use.,,1243,1253,"	cur->intSubset = NULL;
	xmlFreeDtd(intSubset);
    }

    if (cur->children != NULL) xmlFreeNodeList(cur->children);
    if (cur->oldNs != NULL) xmlFreeNsList(cur->oldNs);

    DICT_FREE(cur->version)
    DICT_FREE(cur->name)
    DICT_FREE(cur->encoding)
    DICT_FREE(cur->URL)"
shafi/cpp/pattern/free-then-use/intra,shafi/cpp/pattern/free-then-use/intra,error,low,CWE-416,/media/shafi/Research/STAILOR/dataset/55980/libxml2_55980_vul/tree.c,1248,43,1248,46,Potential use-after-free (intra): value freed by 'xmlFreeNodeList()' flows to a later use.,,1243,1253,"	cur->intSubset = NULL;
	xmlFreeDtd(intSubset);
    }

    if (cur->children != NULL) xmlFreeNodeList(cur->children);
    if (cur->oldNs != NULL) xmlFreeNsList(cur->oldNs);

    DICT_FREE(cur->version)
    DICT_FREE(cur->name)
    DICT_FREE(cur->encoding)
    DICT_FREE(cur->URL)"
shafi/cpp/pattern/free-then-use/intra,shafi/cpp/pattern/free-then-use/intra,error,low,CWE-416,/media/shafi/Research/STAILOR/dataset/55980/libxml2_55980_vul/tree.c,1250,15,1250,18,Potential use-after-free (intra): value freed by 'xmlFreeNodeList()' flows to a later use.,,1245,1255,"    }

    if (cur->children != NULL) xmlFreeNodeList(cur->children);
    if (cur->oldNs != NULL) xmlFreeNsList(cur->oldNs);

    DICT_FREE(cur->version)
    DICT_FREE(cur->name)
    DICT_FREE(cur->encoding)
    DICT_FREE(cur->URL)
    xmlFree(cur);
    if (dict) xmlDictFree(dict);"
shafi/cpp/pattern/free-then-use/intra,shafi/cpp/pattern/free-then-use/intra,error,low,CWE-416,/media/shafi/Research/STAILOR/dataset/55980/libxml2_55980_vul/tree.c,1251,15,1251,18,Potential use-after-free (intra): value freed by 'xmlFreeNodeList()' flows to a later use.,,1246,1256,"
    if (cur->children != NULL) xmlFreeNodeList(cur->children);
    if (cur->oldNs != NULL) xmlFreeNsList(cur->oldNs);

    DICT_FREE(cur->version)
    DICT_FREE(cur->name)
    DICT_FREE(cur->encoding)
    DICT_FREE(cur->URL)
    xmlFree(cur);
    if (dict) xmlDictFree(dict);
}"
shafi/cpp/pattern/free-then-use/intra,shafi/cpp/pattern/free-then-use/intra,error,low,CWE-416,/media/shafi/Research/STAILOR/dataset/55980/libxml2_55980_vul/tree.c,1252,15,1252,18,Potential use-after-free (intra): value freed by 'xmlFreeNodeList()' flows to a later use.,,1247,1257,"    if (cur->children != NULL) xmlFreeNodeList(cur->children);
    if (cur->oldNs != NULL) xmlFreeNsList(cur->oldNs);

    DICT_FREE(cur->version)
    DICT_FREE(cur->name)
    DICT_FREE(cur->encoding)
    DICT_FREE(cur->URL)
    xmlFree(cur);
    if (dict) xmlDictFree(dict);
}
"
shafi/cpp/pattern/free-then-use/intra,shafi/cpp/pattern/free-then-use/intra,error,low,CWE-416,/media/shafi/Research/STAILOR/dataset/55980/libxml2_55980_vul/tree.c,1253,15,1253,18,Potential use-after-free (intra): value freed by 'xmlFreeNodeList()' flows to a later use.,,1248,1258,"    if (cur->oldNs != NULL) xmlFreeNsList(cur->oldNs);

    DICT_FREE(cur->version)
    DICT_FREE(cur->name)
    DICT_FREE(cur->encoding)
    DICT_FREE(cur->URL)
    xmlFree(cur);
    if (dict) xmlDictFree(dict);
}

/**"
shafi/cpp/uaf/lookup-remove-use/intra,shafi/cpp/uaf/lookup-remove-use/intra,error,low,CWE-416,/media/shafi/Research/STAILOR/dataset/55980/libxml2_55980_vul/valid.c,3079,23,3079,31,Potential UAF (lookup→remove→use): result of 'xmlHashLookup()' is used after a removal call.,,3074,3084,"		    ""xmlAddRef: Reference list insertion failed!\n"",
		    NULL);
	    goto failed;
        }
    }
    if (xmlListAppend(ref_list, ret) != 0) {
	xmlErrValid(NULL, XML_ERR_INTERNAL_ERROR,
		    ""xmlAddRef: Reference list insertion failed!\n"",
		    NULL);
        goto failed;
    }"
shafi/cpp/uaf/lookup-remove-use/intra,shafi/cpp/uaf/lookup-remove-use/intra,error,low,CWE-416,/media/shafi/Research/STAILOR/dataset/55980/libxml2_55980_vul/valid.c,1516,21,1516,24,Potential UAF (lookup→remove→use): result of 'xmlHashLookup2()' is used after a removal call.,,1511,1521,"	ret = xmlHashLookup2(dtd->doc->intSubset->elements, name, ns);
	if ((ret != NULL) && (ret->etype == XML_ELEMENT_TYPE_UNDEFINED)) {
	    oldAttributes = ret->attributes;
	    ret->attributes = NULL;
	    xmlHashRemoveEntry2(dtd->doc->intSubset->elements, name, ns, NULL);
	    xmlFreeElement(ret);
	}
    }

    /*
     * The element may already be present if one of its attribute"
