ruleId,ruleName,severity,precision,cwe,file,startLine,startColumn,endLine,endColumn,message,helpUri,contextStart,contextEnd,snippet
local.oob.memfunc.length-misuse.maxcover.v5,local.oob.memfunc.length-misuse.maxcover.v5,warning,low,"CWE-120,CWE-125,CWE-787",/mnt/WorkDrive/SAILR/dataset/55980/libxml2_55980_fix/SAX2.c,2644,6,2644,12,High-coverage OOB risk: length/count may be unbounded for memcpy().,,2639,2649,"		    return;
		}
		ctxt->nodemem = size;
		lastChild->content = newbuf;
	    }
	    memcpy(&lastChild->content[ctxt->nodelen], ch, len);
	    ctxt->nodelen += len;
	    lastChild->content[ctxt->nodelen] = 0;
	} else if (coalesceText) {
	    if (xmlTextConcat(lastChild, ch, len)) {
		xmlSAX2ErrMemory(ctxt, ""xmlSAX2Characters"");"
local.oob.memfunc.length-misuse.maxcover.v5,local.oob.memfunc.length-misuse.maxcover.v5,warning,low,"CWE-120,CWE-125,CWE-787",/mnt/WorkDrive/SAILR/dataset/55980/libxml2_55980_fix/SAX2.c,2274,2,2274,8,High-coverage OOB risk: length/count may be unbounded for memset().,,2269,2279,"     */
    if (ctxt->freeElems != NULL) {
        ret = ctxt->freeElems;
	ctxt->freeElems = ret->next;
	ctxt->freeElemsNr--;
	memset(ret, 0, sizeof(xmlNode));
        ret->doc = ctxt->myDoc;
	ret->type = XML_ELEMENT_NODE;

	if (ctxt->dictNames)
	    ret->name = localname;"
local.oob.memfunc.length-misuse.maxcover.v5,local.oob.memfunc.length-misuse.maxcover.v5,warning,low,"CWE-120,CWE-125,CWE-787",/mnt/WorkDrive/SAILR/dataset/55980/libxml2_55980_fix/SAX2.c,2014,2,2014,8,High-coverage OOB risk: length/count may be unbounded for memset().,,2009,2019,"     */
    if (ctxt->freeAttrs != NULL) {
        ret = ctxt->freeAttrs;
	ctxt->freeAttrs = ret->next;
	ctxt->freeAttrsNr--;
	memset(ret, 0, sizeof(xmlAttr));
	ret->type = XML_ATTRIBUTE_NODE;

	ret->parent = ctxt->node;
	ret->doc = ctxt->myDoc;
	ret->ns = namespace;"
local.oob.memfunc.length-misuse.maxcover.v5,local.oob.memfunc.length-misuse.maxcover.v5,warning,low,"CWE-120,CWE-125,CWE-787",/mnt/WorkDrive/SAILR/dataset/55980/libxml2_55980_fix/SAX2.c,1886,5,1886,11,High-coverage OOB risk: length/count may be unbounded for memset().,,1881,1891,"    }
    if (ret == NULL) {
        xmlErrMemory(ctxt, ""xmlSAX2Characters"");
	return(NULL);
    }
    memset(ret, 0, sizeof(xmlNode));
    /*
     * intern the formatting blanks found between tags, or the
     * very short strings
     */
    if (ctxt->dictNames) {"
local.oob.memfunc.length-misuse.maxcover.v5,local.oob.memfunc.length-misuse.maxcover.v5,warning,low,"CWE-120,CWE-125,CWE-787",/mnt/WorkDrive/SAILR/dataset/55980/libxml2_55980_fix/SAX2.c,1898,6,1898,12,High-coverage OOB risk: length/count may be unbounded for memcpy().,,1893,1903,"
	if ((len < (int) (2 * sizeof(void *))) &&
	    (ctxt->options & XML_PARSE_COMPACT)) {
	    /* store the string in the node overriding properties and nsDef */
	    xmlChar *tmp = (xmlChar *) &(ret->properties);
	    memcpy(tmp, str, len);
	    tmp[len] = 0;
	    intern = tmp;
	} else if ((len <= 3) && ((cur == '""') || (cur == '\'') ||
	    ((cur == '<') && (str[len + 1] != '!')))) {
	    intern = xmlDictLookup(ctxt->dict, str, len);"
local.oob.memfunc.length-misuse.maxcover.v5,local.oob.memfunc.length-misuse.maxcover.v5,warning,low,"CWE-120,CWE-125,CWE-787",/mnt/WorkDrive/SAILR/dataset/55980/libxml2_55980_fix/buf.c,824,5,824,12,High-coverage OOB risk: length/count may be unbounded for memmove().,,819,829,"	    xmlBufMemoryError(buf, ""growing buffer"");
            return XML_ERR_NO_MEMORY;
        }
    }

    memmove(&buf->content[buf->use], str, len);
    buf->use += len;
    buf->content[buf->use] = 0;
    UPDATE_COMPAT(buf)
    return 0;
}"
local.oob.memfunc.length-misuse.maxcover.v5,local.oob.memfunc.length-misuse.maxcover.v5,warning,low,"CWE-120,CWE-125,CWE-787",/mnt/WorkDrive/SAILR/dataset/55980/libxml2_55980_fix/buf.c,721,6,721,13,High-coverage OOB risk: length/count may be unbounded for memmove().,,716,726,"    if ((buf->alloc == XML_BUFFER_ALLOC_IO) && (buf->contentIO != NULL)) {
        start_buf = buf->content - buf->contentIO;

        if (start_buf > newSize) {
	    /* move data back to start */
	    memmove(buf->contentIO, buf->content, buf->use);
	    buf->content = buf->contentIO;
	    buf->content[buf->use] = 0;
	    buf->size += start_buf;
	} else {
	    rebuf = (xmlChar *) xmlRealloc(buf->contentIO, start_buf + newSize);"
local.oob.memfunc.length-misuse.maxcover.v5,local.oob.memfunc.length-misuse.maxcover.v5,warning,low,"CWE-120,CWE-125,CWE-787",/mnt/WorkDrive/SAILR/dataset/55980/libxml2_55980_fix/debugXML.c,2638,5,2638,11,High-coverage OOB risk: length/count may be unbounded for memset().,,2633,2643,"{
    xmlValidCtxt vctxt;
    int res = -1;

    if ((ctxt == NULL) || (ctxt->doc == NULL)) return(-1);
    memset(&vctxt, 0, sizeof(vctxt));
    vctxt.error = xmlGenericError;
    vctxt.warning = xmlGenericError;

    if ((dtd == NULL) || (dtd[0] == 0)) {
        res = xmlValidateDocument(&vctxt, ctxt->doc);"
local.oob.memfunc.length-misuse.maxcover.v5,local.oob.memfunc.length-misuse.maxcover.v5,warning,low,"CWE-120,CWE-125,CWE-787",/mnt/WorkDrive/SAILR/dataset/55980/libxml2_55980_fix/buf.c,750,3,750,9,High-coverage OOB risk: length/count may be unbounded for memcpy().,,745,755,"	     * better to make a new allocation and copy only the used range
	     * and free the old one.
	     */
	    rebuf = (xmlChar *) xmlMallocAtomic(newSize);
	    if (rebuf != NULL) {
		memcpy(rebuf, buf->content, buf->use);
		xmlFree(buf->content);
		rebuf[buf->use] = 0;
	    }
	}
	if (rebuf == NULL) {"
local.oob.memfunc.length-misuse.maxcover.v5,local.oob.memfunc.length-misuse.maxcover.v5,warning,low,"CWE-120,CWE-125,CWE-787",/mnt/WorkDrive/SAILR/dataset/55980/libxml2_55980_fix/buf.c,364,3,364,10,High-coverage OOB risk: length/count may be unbounded for memmove().,,359,369,"	 * on IO buffers
	 */
	if ((buf->alloc == XML_BUFFER_ALLOC_IO) && (buf->contentIO != NULL)) {
	    size_t start_buf = buf->content - buf->contentIO;
	    if (start_buf >= buf->size) {
		memmove(buf->contentIO, &buf->content[0], buf->use);
		buf->content = buf->contentIO;
		buf->content[buf->use] = 0;
		buf->size += start_buf;
	    }
	}"
local.oob.memfunc.length-misuse.maxcover.v5,local.oob.memfunc.length-misuse.maxcover.v5,warning,low,"CWE-120,CWE-125,CWE-787",/mnt/WorkDrive/SAILR/dataset/55980/libxml2_55980_fix/buf.c,371,2,371,9,High-coverage OOB risk: length/count may be unbounded for memmove().,,366,376,"		buf->content[buf->use] = 0;
		buf->size += start_buf;
	    }
	}
    } else {
	memmove(buf->content, &buf->content[len], buf->use);
	buf->content[buf->use] = 0;
    }
    UPDATE_COMPAT(buf)
    return(len);
}"
local.oob.memfunc.length-misuse.maxcover.v5,local.oob.memfunc.length-misuse.maxcover.v5,warning,low,"CWE-120,CWE-125,CWE-787",/mnt/WorkDrive/SAILR/dataset/55980/libxml2_55980_fix/encoding.c,1794,13,1794,19,High-coverage OOB risk: length/count may be unbounded for memset().,,1789,1799,"	    if (enc == NULL) {
	        iconv_close(icv_in);
	        iconv_close(icv_out);
		return(NULL);
	    }
            memset(enc, 0, sizeof(xmlCharEncodingHandler));
	    enc->name = xmlMemStrdup(name);
            if (enc->name == NULL) {
                xmlFree(enc);
                iconv_close(icv_in);
                iconv_close(icv_out);"
local.oob.memfunc.length-misuse.maxcover.v5,local.oob.memfunc.length-misuse.maxcover.v5,warning,low,"CWE-120,CWE-125,CWE-787",/mnt/WorkDrive/SAILR/dataset/55980/libxml2_55980_fix/globals.c,563,5,563,11,High-coverage OOB risk: length/count may be unbounded for memset().,,558,568,"    gs->xmlRegisterNodeDefaultValue = xmlRegisterNodeDefaultValueThrDef;
    gs->xmlDeregisterNodeDefaultValue = xmlDeregisterNodeDefaultValueThrDef;

	gs->xmlParserInputBufferCreateFilenameValue = xmlParserInputBufferCreateFilenameValueThrDef;
	gs->xmlOutputBufferCreateFilenameValue = xmlOutputBufferCreateFilenameValueThrDef;
    memset(&gs->xmlLastError, 0, sizeof(xmlError));

    xmlMutexUnlock(&xmlThrDefMutex);
}

/**"
local.oob.memfunc.length-misuse.maxcover.v5,local.oob.memfunc.length-misuse.maxcover.v5,warning,low,"CWE-120,CWE-125,CWE-787",/mnt/WorkDrive/SAILR/dataset/55980/libxml2_55980_fix/encoding.c,1459,5,1459,11,High-coverage OOB risk: length/count may be unbounded for memset().,,1454,1464,"    if (handler == NULL) {
        xmlFree(up);
        xmlEncodingErrMemory(""xmlNewCharEncodingHandler : out of memory !\n"");
	return(NULL);
    }
    memset(handler, 0, sizeof(xmlCharEncodingHandler));
    handler->input = input;
    handler->output = output;
    handler->name = up;

#ifdef LIBXML_ICONV_ENABLED"
local.oob.memfunc.length-misuse.maxcover.v5,local.oob.memfunc.length-misuse.maxcover.v5,warning,low,"CWE-120,CWE-125,CWE-787",/mnt/WorkDrive/SAILR/dataset/55980/libxml2_55980_fix/encoding.c,1145,6,1145,13,High-coverage OOB risk: length/count may be unbounded for memmove().,,1140,1150,"    for (i = 0;i < xmlCharEncodingAliasesNb;i++) {
	if (!strcmp(xmlCharEncodingAliases[i].alias, alias)) {
	    xmlFree((char *) xmlCharEncodingAliases[i].name);
	    xmlFree((char *) xmlCharEncodingAliases[i].alias);
	    xmlCharEncodingAliasesNb--;
	    memmove(&xmlCharEncodingAliases[i], &xmlCharEncodingAliases[i + 1],
		    sizeof(xmlCharEncodingAlias) * (xmlCharEncodingAliasesNb - i));
	    return(0);
	}
    }
    return(-1);"
local.oob.memfunc.length-misuse.maxcover.v5,local.oob.memfunc.length-misuse.maxcover.v5,warning,low,"CWE-120,CWE-125,CWE-787",/mnt/WorkDrive/SAILR/dataset/55980/libxml2_55980_fix/HTMLparser.c,5229,5,5229,11,High-coverage OOB risk: length/count may be unbounded for memset().,,5224,5234,"    ctxt = (xmlParserCtxtPtr) xmlMalloc(sizeof(xmlParserCtxt));
    if (ctxt == NULL) {
        htmlErrMemory(NULL, ""NewParserCtxt: out of memory\n"");
	return(NULL);
    }
    memset(ctxt, 0, sizeof(xmlParserCtxt));
    if (htmlInitParserCtxt(ctxt, sax, userData) < 0) {
        htmlFreeParserCtxt(ctxt);
	return(NULL);
    }
    return(ctxt);"
local.oob.memfunc.length-misuse.maxcover.v5,local.oob.memfunc.length-misuse.maxcover.v5,warning,low,"CWE-120,CWE-125,CWE-787",/mnt/WorkDrive/SAILR/dataset/55980/libxml2_55980_fix/HTMLparser.c,5082,5,5082,11,High-coverage OOB risk: length/count may be unbounded for memset().,,5077,5087,"static int
htmlInitParserCtxt(htmlParserCtxtPtr ctxt, const htmlSAXHandler *sax,
                   void *userData)
{
    if (ctxt == NULL) return(-1);
    memset(ctxt, 0, sizeof(htmlParserCtxt));

    ctxt->dict = xmlDictCreate();
    if (ctxt->dict == NULL) {
        htmlErrMemory(NULL, ""htmlInitParserCtxt: out of memory\n"");
	return(-1);"
local.oob.memfunc.length-misuse.maxcover.v5,local.oob.memfunc.length-misuse.maxcover.v5,warning,low,"CWE-120,CWE-125,CWE-787",/mnt/WorkDrive/SAILR/dataset/55980/libxml2_55980_fix/HTMLparser.c,5097,9,5097,15,High-coverage OOB risk: length/count may be unbounded for memset().,,5092,5102,"    if (ctxt->sax == NULL) {
        htmlErrMemory(NULL, ""htmlInitParserCtxt: out of memory\n"");
	return(-1);
    }
    if (sax == NULL) {
        memset(ctxt->sax, 0, sizeof(htmlSAXHandler));
        xmlSAX2InitHtmlDefaultSAXHandler(ctxt->sax);
        ctxt->userData = ctxt;
    } else {
        memcpy(ctxt->sax, sax, sizeof(htmlSAXHandler));
        ctxt->userData = userData ? userData : ctxt;"
local.oob.memfunc.length-misuse.maxcover.v5,local.oob.memfunc.length-misuse.maxcover.v5,warning,low,"CWE-120,CWE-125,CWE-787",/mnt/WorkDrive/SAILR/dataset/55980/libxml2_55980_fix/HTMLparser.c,5101,9,5101,15,High-coverage OOB risk: length/count may be unbounded for memcpy().,,5096,5106,"    if (sax == NULL) {
        memset(ctxt->sax, 0, sizeof(htmlSAXHandler));
        xmlSAX2InitHtmlDefaultSAXHandler(ctxt->sax);
        ctxt->userData = ctxt;
    } else {
        memcpy(ctxt->sax, sax, sizeof(htmlSAXHandler));
        ctxt->userData = userData ? userData : ctxt;
    }

    /* Allocate the Input stack */
    ctxt->inputTab = (htmlParserInputPtr *)"
local.oob.memfunc.length-misuse.maxcover.v5,local.oob.memfunc.length-misuse.maxcover.v5,warning,low,"CWE-120,CWE-125,CWE-787",/mnt/WorkDrive/SAILR/dataset/55980/libxml2_55980_fix/dict.c,1003,8,1003,14,High-coverage OOB risk: length/count may be unbounded for memcmp().,,998,1008,"    } else {
	for (insert = &(dict->dict[key]); insert->next != NULL;
	     insert = insert->next) {
#ifdef __GNUC__
	    if ((insert->okey == okey) && (insert->len == l)) {
		if (!memcmp(insert->name, name, l))
		    return(insert->name);
	    }
#else
	    if ((insert->okey == okey) && (insert->len == l) &&
	        (!xmlStrncmp(insert->name, name, l)))"
local.oob.memfunc.length-misuse.maxcover.v5,local.oob.memfunc.length-misuse.maxcover.v5,warning,low,"CWE-120,CWE-125,CWE-787",/mnt/WorkDrive/SAILR/dataset/55980/libxml2_55980_fix/dict.c,1014,11,1014,17,High-coverage OOB risk: length/count may be unbounded for memcmp().,,1009,1019,"		return(insert->name);
#endif
	}
#ifdef __GNUC__
	if ((insert->okey == okey) && (insert->len == l)) {
	    if (!memcmp(insert->name, name, l))
		return(insert->name);
	}
#else
	if ((insert->okey == okey) && (insert->len == l) &&
	    (!xmlStrncmp(insert->name, name, l)))"
local.oob.memfunc.length-misuse.maxcover.v5,local.oob.memfunc.length-misuse.maxcover.v5,warning,low,"CWE-120,CWE-125,CWE-787",/mnt/WorkDrive/SAILR/dataset/55980/libxml2_55980_fix/dict.c,1044,12,1044,18,High-coverage OOB risk: length/count may be unbounded for memcmp().,,1039,1049,"
	    for (tmp = &(dict->subdict->dict[key]); tmp->next != NULL;
		 tmp = tmp->next) {
#ifdef __GNUC__
		if ((tmp->okey == skey) && (tmp->len == l)) {
		    if (!memcmp(tmp->name, name, l))
			return(tmp->name);
		}
#else
		if ((tmp->okey == skey) && (tmp->len == l) &&
		    (!xmlStrncmp(tmp->name, name, l)))"
local.oob.memfunc.length-misuse.maxcover.v5,local.oob.memfunc.length-misuse.maxcover.v5,warning,low,"CWE-120,CWE-125,CWE-787",/mnt/WorkDrive/SAILR/dataset/55980/libxml2_55980_fix/dict.c,1055,8,1055,14,High-coverage OOB risk: length/count may be unbounded for memcmp().,,1050,1060,"		    return(tmp->name);
#endif
	    }
#ifdef __GNUC__
	    if ((tmp->okey == skey) && (tmp->len == l)) {
		if (!memcmp(tmp->name, name, l))
		    return(tmp->name);
	    }
#else
	    if ((tmp->okey == skey) && (tmp->len == l) &&
		(!xmlStrncmp(tmp->name, name, l)))"
local.oob.memfunc.length-misuse.maxcover.v5,local.oob.memfunc.length-misuse.maxcover.v5,warning,low,"CWE-120,CWE-125,CWE-787",/mnt/WorkDrive/SAILR/dataset/55980/libxml2_55980_fix/dict.c,866,8,866,14,High-coverage OOB risk: length/count may be unbounded for memcmp().,,861,871,"    } else {
	for (insert = &(dict->dict[key]); insert->next != NULL;
	     insert = insert->next) {
#ifdef __GNUC__
	    if ((insert->okey == okey) && (insert->len == l)) {
		if (!memcmp(insert->name, name, l))
		    return(insert->name);
	    }
#else
	    if ((insert->okey == okey) && (insert->len == l) &&
	        (!xmlStrncmp(insert->name, name, l)))"
local.oob.memfunc.length-misuse.maxcover.v5,local.oob.memfunc.length-misuse.maxcover.v5,warning,low,"CWE-120,CWE-125,CWE-787",/mnt/WorkDrive/SAILR/dataset/55980/libxml2_55980_fix/dict.c,878,11,878,17,High-coverage OOB risk: length/count may be unbounded for memcmp().,,873,883,"#endif
	    nbi++;
	}
#ifdef __GNUC__
	if ((insert->okey == okey) && (insert->len == l)) {
	    if (!memcmp(insert->name, name, l))
		return(insert->name);
	}
#else
	if ((insert->okey == okey) && (insert->len == l) &&
	    (!xmlStrncmp(insert->name, name, l)))"
local.oob.memfunc.length-misuse.maxcover.v5,local.oob.memfunc.length-misuse.maxcover.v5,warning,low,"CWE-120,CWE-125,CWE-787",/mnt/WorkDrive/SAILR/dataset/55980/libxml2_55980_fix/error.c,917,5,917,11,High-coverage OOB risk: length/count may be unbounded for memset().,,912,922,"        xmlFree(err->str1);
    if (err->str2 != NULL)
        xmlFree(err->str2);
    if (err->str3 != NULL)
        xmlFree(err->str3);
    memset(err, 0, sizeof(xmlError));
    err->code = XML_ERR_OK;
}

/**
 * xmlResetLastError:"
local.oob.memfunc.length-misuse.maxcover.v5,local.oob.memfunc.length-misuse.maxcover.v5,warning,low,"CWE-120,CWE-125,CWE-787",/mnt/WorkDrive/SAILR/dataset/55980/libxml2_55980_fix/dict.c,908,12,908,18,High-coverage OOB risk: length/count may be unbounded for memcmp().,,903,913,"
	    for (tmp = &(dict->subdict->dict[key]); tmp->next != NULL;
		 tmp = tmp->next) {
#ifdef __GNUC__
		if ((tmp->okey == skey) && (tmp->len == l)) {
		    if (!memcmp(tmp->name, name, l))
			return(tmp->name);
		}
#else
		if ((tmp->okey == skey) && (tmp->len == l) &&
		    (!xmlStrncmp(tmp->name, name, l)))"
local.oob.memfunc.length-misuse.maxcover.v5,local.oob.memfunc.length-misuse.maxcover.v5,warning,low,"CWE-120,CWE-125,CWE-787",/mnt/WorkDrive/SAILR/dataset/55980/libxml2_55980_fix/dict.c,920,8,920,14,High-coverage OOB risk: length/count may be unbounded for memcmp().,,915,925,"#endif
		nbi++;
	    }
#ifdef __GNUC__
	    if ((tmp->okey == skey) && (tmp->len == l)) {
		if (!memcmp(tmp->name, name, l))
		    return(tmp->name);
	    }
#else
	    if ((tmp->okey == skey) && (tmp->len == l) &&
		(!xmlStrncmp(tmp->name, name, l)))"
local.oob.memfunc.length-misuse.maxcover.v5,local.oob.memfunc.length-misuse.maxcover.v5,warning,low,"CWE-120,CWE-125,CWE-787",/mnt/WorkDrive/SAILR/dataset/55980/libxml2_55980_fix/dict.c,675,5,675,11,High-coverage OOB risk: length/count may be unbounded for memset().,,670,680,"    dict->dict = xmlMalloc(size * sizeof(xmlDictEntry));
    if (dict->dict == NULL) {
	dict->dict = olddict;
	return(-1);
    }
    memset(dict->dict, 0, size * sizeof(xmlDictEntry));
    dict->size = size;

    /*	If the two loops are merged, there would be situations where
	a new entry needs to allocated and data copied into it from
	the main dict. It is nicer to run through the array twice, first"
local.oob.memfunc.length-misuse.maxcover.v5,local.oob.memfunc.length-misuse.maxcover.v5,warning,low,"CWE-120,CWE-125,CWE-787",/mnt/WorkDrive/SAILR/dataset/55980/libxml2_55980_fix/dict.c,695,6,695,12,High-coverage OOB risk: length/count may be unbounded for memcpy().,,690,700,"	else
	    okey = xmlDictComputeKey(dict, olddict[i].name, olddict[i].len);
	key = okey % dict->size;

	if (dict->dict[key].valid == 0) {
	    memcpy(&(dict->dict[key]), &(olddict[i]), sizeof(xmlDictEntry));
	    dict->dict[key].next = NULL;
	    dict->dict[key].okey = okey;
	} else {
	    xmlDictEntryPtr entry;
"
local.oob.memfunc.length-misuse.maxcover.v5,local.oob.memfunc.length-misuse.maxcover.v5,warning,low,"CWE-120,CWE-125,CWE-787",/mnt/WorkDrive/SAILR/dataset/55980/libxml2_55980_fix/dict.c,737,3,737,9,High-coverage OOB risk: length/count may be unbounded for memcpy().,,732,742,"		okey = iter->okey;
	    else
		okey = xmlDictComputeKey(dict, iter->name, iter->len);
	    key = okey % dict->size;
	    if (dict->dict[key].valid == 0) {
		memcpy(&(dict->dict[key]), iter, sizeof(xmlDictEntry));
		dict->dict[key].next = NULL;
		dict->dict[key].valid = 1;
		dict->dict[key].okey = okey;
		xmlFree(iter);
	    } else {"
local.oob.memfunc.length-misuse.maxcover.v5,local.oob.memfunc.length-misuse.maxcover.v5,warning,low,"CWE-120,CWE-125,CWE-787",/mnt/WorkDrive/SAILR/dataset/55980/libxml2_55980_fix/dict.c,575,6,575,12,High-coverage OOB risk: length/count may be unbounded for memset().,,570,580,"	dict->nbElems = 0;
        dict->dict = xmlMalloc(MIN_DICT_SIZE * sizeof(xmlDictEntry));
	dict->strings = NULL;
	dict->subdict = NULL;
        if (dict->dict) {
	    memset(dict->dict, 0, MIN_DICT_SIZE * sizeof(xmlDictEntry));
#ifdef DICT_RANDOMIZATION
            dict->seed = __xmlRandom();
#else
            dict->seed = 0;
#endif"
local.oob.memfunc.length-misuse.maxcover.v5,local.oob.memfunc.length-misuse.maxcover.v5,warning,low,"CWE-120,CWE-125,CWE-787",/mnt/WorkDrive/SAILR/dataset/55980/libxml2_55980_fix/encoding.c,385,5,385,11,High-coverage OOB risk: length/count may be unbounded for memcpy().,,380,390,"    /*
     * FIXME: Conversion functions must assure valid UTF-8, so we have
     * to check for UTF-8 validity. Preferably, this converter shouldn't
     * be used at all.
     */
    memcpy(out, inb, len);

    *outlen = len;
    *inlenb = len;
    return(*outlen);
}"
local.oob.memfunc.length-misuse.maxcover.v5,local.oob.memfunc.length-misuse.maxcover.v5,warning,low,"CWE-120,CWE-125,CWE-787",/mnt/WorkDrive/SAILR/dataset/55980/libxml2_55980_fix/list.c,197,5,197,11,High-coverage OOB risk: length/count may be unbounded for memset().,,192,202,"        xmlGenericError(xmlGenericErrorContext,
		        ""Cannot initialize memory for list"");
        return (NULL);
    }
    /* Initialize the list to NULL */
    memset(l, 0, sizeof(xmlList));

    /* Add the sentinel */
    if (NULL ==(l->sentinel = (xmlLinkPtr )xmlMalloc(sizeof(xmlLink)))) {
        xmlGenericError(xmlGenericErrorContext,
		        ""Cannot initialize memory for sentinel"");"
local.oob.memfunc.length-misuse.maxcover.v5,local.oob.memfunc.length-misuse.maxcover.v5,warning,low,"CWE-120,CWE-125,CWE-787",/mnt/WorkDrive/SAILR/dataset/55980/libxml2_55980_fix/dict.c,334,5,334,11,High-coverage OOB risk: length/count may be unbounded for memcpy().,,329,339,"        fprintf(stderr, ""+"");
#endif
    }
found_pool:
    ret = pool->free;
    memcpy(pool->free, prefix, plen);
    pool->free += plen;
    *(pool->free++) = ':';
    memcpy(pool->free, name, namelen);
    pool->free += namelen;
    *(pool->free++) = 0;"
local.oob.memfunc.length-misuse.maxcover.v5,local.oob.memfunc.length-misuse.maxcover.v5,warning,low,"CWE-120,CWE-125,CWE-787",/mnt/WorkDrive/SAILR/dataset/55980/libxml2_55980_fix/dict.c,337,5,337,11,High-coverage OOB risk: length/count may be unbounded for memcpy().,,332,342,"found_pool:
    ret = pool->free;
    memcpy(pool->free, prefix, plen);
    pool->free += plen;
    *(pool->free++) = ':';
    memcpy(pool->free, name, namelen);
    pool->free += namelen;
    *(pool->free++) = 0;
    pool->nbStrings++;
    return(ret);
}"
local.oob.memfunc.length-misuse.maxcover.v5,local.oob.memfunc.length-misuse.maxcover.v5,warning,low,"CWE-120,CWE-125,CWE-787",/mnt/WorkDrive/SAILR/dataset/55980/libxml2_55980_fix/dict.c,266,5,266,11,High-coverage OOB risk: length/count may be unbounded for memcpy().,,261,271,"        fprintf(stderr, ""+"");
#endif
    }
found_pool:
    ret = pool->free;
    memcpy(pool->free, name, namelen);
    pool->free += namelen;
    *(pool->free++) = 0;
    pool->nbStrings++;
    return(ret);
}"
local.oob.memfunc.length-misuse.maxcover.v5,local.oob.memfunc.length-misuse.maxcover.v5,warning,low,"CWE-120,CWE-125,CWE-787",/mnt/WorkDrive/SAILR/dataset/55980/libxml2_55980_fix/error.c,220,5,220,11,High-coverage OOB risk: length/count may be unbounded for memcpy().,,215,225,"        if ((c < 0) || (n + len > sizeof(content)-1))
            break;
        cur += len;
	n += len;
    }
    memcpy(content, start, n);
    content[n] = 0;
    /* print out the selected text */
    channel(data ,""%s\n"", content);
    /* create blank line with problem pointer */
    n = 0;"
local.oob.memfunc.length-misuse.maxcover.v5,local.oob.memfunc.length-misuse.maxcover.v5,warning,low,"CWE-120,CWE-125,CWE-787",/mnt/WorkDrive/SAILR/dataset/55980/libxml2_55980_fix/c14n.c,1803,5,1803,11,High-coverage OOB risk: length/count may be unbounded for memset().,,1798,1808,"    ctx = (xmlC14NCtxPtr) xmlMalloc(sizeof(xmlC14NCtx));
    if (ctx == NULL) {
	xmlC14NErrMemory(""creating context"");
        return (NULL);
    }
    memset(ctx, 0, sizeof(xmlC14NCtx));

    /*
     * initialize C14N context
     */
    ctx->doc = doc;"
local.oob.memfunc.length-misuse.maxcover.v5,local.oob.memfunc.length-misuse.maxcover.v5,warning,low,"CWE-120,CWE-125,CWE-787",/mnt/WorkDrive/SAILR/dataset/55980/libxml2_55980_fix/parserInternals.c,1800,5,1800,11,High-coverage OOB risk: length/count may be unbounded for memset().,,1795,1805,"    ctxt = (xmlParserCtxtPtr) xmlMalloc(sizeof(xmlParserCtxt));
    if (ctxt == NULL) {
	xmlErrMemory(NULL, ""cannot allocate parser context\n"");
	return(NULL);
    }
    memset(ctxt, 0, sizeof(xmlParserCtxt));
    if (xmlInitSAXParserCtxt(ctxt, sax, userData) < 0) {
        xmlFreeParserCtxt(ctxt);
	return(NULL);
    }
    return(ctxt);"
local.oob.memfunc.length-misuse.maxcover.v5,local.oob.memfunc.length-misuse.maxcover.v5,warning,low,"CWE-120,CWE-125,CWE-787",/mnt/WorkDrive/SAILR/dataset/55980/libxml2_55980_fix/parserInternals.c,1502,2,1502,8,High-coverage OOB risk: length/count may be unbounded for memset().,,1497,1507,"    if (ctxt->sax == NULL) {
        xmlErrMemory(NULL, ""cannot initialize parser context\n"");
	return(-1);
    }
    if (sax == NULL) {
	memset(ctxt->sax, 0, sizeof(xmlSAXHandler));
        xmlSAXVersion(ctxt->sax, 2);
        ctxt->userData = ctxt;
    } else {
	if (sax->initialized == XML_SAX2_MAGIC) {
	    memcpy(ctxt->sax, sax, sizeof(xmlSAXHandler));"
local.oob.memfunc.length-misuse.maxcover.v5,local.oob.memfunc.length-misuse.maxcover.v5,warning,low,"CWE-120,CWE-125,CWE-787",/mnt/WorkDrive/SAILR/dataset/55980/libxml2_55980_fix/parserInternals.c,1507,6,1507,12,High-coverage OOB risk: length/count may be unbounded for memcpy().,,1502,1512,"	memset(ctxt->sax, 0, sizeof(xmlSAXHandler));
        xmlSAXVersion(ctxt->sax, 2);
        ctxt->userData = ctxt;
    } else {
	if (sax->initialized == XML_SAX2_MAGIC) {
	    memcpy(ctxt->sax, sax, sizeof(xmlSAXHandler));
        } else {
	    memset(ctxt->sax, 0, sizeof(xmlSAXHandler));
	    memcpy(ctxt->sax, sax, sizeof(xmlSAXHandlerV1));
        }
        ctxt->userData = userData ? userData : ctxt;"
local.oob.memfunc.length-misuse.maxcover.v5,local.oob.memfunc.length-misuse.maxcover.v5,warning,low,"CWE-120,CWE-125,CWE-787",/mnt/WorkDrive/SAILR/dataset/55980/libxml2_55980_fix/parserInternals.c,1509,6,1509,12,High-coverage OOB risk: length/count may be unbounded for memset().,,1504,1514,"        ctxt->userData = ctxt;
    } else {
	if (sax->initialized == XML_SAX2_MAGIC) {
	    memcpy(ctxt->sax, sax, sizeof(xmlSAXHandler));
        } else {
	    memset(ctxt->sax, 0, sizeof(xmlSAXHandler));
	    memcpy(ctxt->sax, sax, sizeof(xmlSAXHandlerV1));
        }
        ctxt->userData = userData ? userData : ctxt;
    }
"
local.oob.memfunc.length-misuse.maxcover.v5,local.oob.memfunc.length-misuse.maxcover.v5,warning,low,"CWE-120,CWE-125,CWE-787",/mnt/WorkDrive/SAILR/dataset/55980/libxml2_55980_fix/parserInternals.c,1510,6,1510,12,High-coverage OOB risk: length/count may be unbounded for memcpy().,,1505,1515,"    } else {
	if (sax->initialized == XML_SAX2_MAGIC) {
	    memcpy(ctxt->sax, sax, sizeof(xmlSAXHandler));
        } else {
	    memset(ctxt->sax, 0, sizeof(xmlSAXHandler));
	    memcpy(ctxt->sax, sax, sizeof(xmlSAXHandlerV1));
        }
        ctxt->userData = userData ? userData : ctxt;
    }

    ctxt->maxatts = 0;"
local.oob.memfunc.length-misuse.maxcover.v5,local.oob.memfunc.length-misuse.maxcover.v5,warning,low,"CWE-120,CWE-125,CWE-787",/mnt/WorkDrive/SAILR/dataset/55980/libxml2_55980_fix/c14n.c,1444,5,1444,11,High-coverage OOB risk: length/count may be unbounded for memset().,,1439,1449,"

    /*
     * Save ns_rendered stack position
     */
    memset(&state, 0, sizeof(state));
    xmlC14NVisibleNsStackSave(ctx->ns_rendered, &state);

    if (visible) {
        if (ctx->parent_is_doc) {
	    /* save this flag into the stack */"
local.oob.memfunc.length-misuse.maxcover.v5,local.oob.memfunc.length-misuse.maxcover.v5,warning,low,"CWE-120,CWE-125,CWE-787",/mnt/WorkDrive/SAILR/dataset/55980/libxml2_55980_fix/parserInternals.c,1236,5,1236,11,High-coverage OOB risk: length/count may be unbounded for memset().,,1231,1241,"    input = (xmlParserInputPtr) xmlMalloc(sizeof(xmlParserInput));
    if (input == NULL) {
        xmlErrMemory(ctxt,  ""couldn't allocate a new input stream\n"");
	return(NULL);
    }
    memset(input, 0, sizeof(xmlParserInput));
    input->line = 1;
    input->col = 1;
    input->standalone = -1;

    /*"
local.oob.memfunc.length-misuse.maxcover.v5,local.oob.memfunc.length-misuse.maxcover.v5,warning,low,"CWE-120,CWE-125,CWE-787",/mnt/WorkDrive/SAILR/dataset/55980/libxml2_55980_fix/pattern.c,1760,5,1760,11,High-coverage OOB risk: length/count may be unbounded for memset().,,1755,1765,"    if (cur == NULL) {
	ERROR(NULL, NULL, NULL,
		""xmlNewStreamCtxt: malloc failed\n"");
	return(NULL);
    }
    memset(cur, 0, sizeof(xmlStreamCtxt));
    cur->states = (int *) xmlMalloc(4 * 2 * sizeof(int));
    if (cur->states == NULL) {
	xmlFree(cur);
	ERROR(NULL, NULL, NULL,
	      ""xmlNewStreamCtxt: malloc failed\n"");"
local.oob.memfunc.length-misuse.maxcover.v5,local.oob.memfunc.length-misuse.maxcover.v5,warning,low,"CWE-120,CWE-125,CWE-787",/mnt/WorkDrive/SAILR/dataset/55980/libxml2_55980_fix/c14n.c,829,9,829,15,High-coverage OOB risk: length/count may be unbounded for memset().,,824,834,"     */
    if(visible && has_visibly_utilized_empty_ns &&
	    !has_empty_ns && !has_empty_ns_in_inclusive_list) {
        static xmlNs ns_default;

        memset(&ns_default, 0, sizeof(ns_default));

        already_rendered = xmlExcC14NVisibleNsStackFind(ctx->ns_rendered, &ns_default, ctx);
	if(!already_rendered) {
	    xmlC14NPrintNamespaces(&ns_default, ctx);
	}"
local.oob.memfunc.length-misuse.maxcover.v5,local.oob.memfunc.length-misuse.maxcover.v5,warning,low,"CWE-120,CWE-125,CWE-787",/mnt/WorkDrive/SAILR/dataset/55980/libxml2_55980_fix/c14n.c,838,9,838,15,High-coverage OOB risk: length/count may be unbounded for memset().,,833,843,"	    xmlC14NPrintNamespaces(&ns_default, ctx);
	}
    } else if(visible && !has_empty_ns && has_empty_ns_in_inclusive_list) {
        static xmlNs ns_default;

        memset(&ns_default, 0, sizeof(ns_default));
        if(!xmlC14NVisibleNsStackFind(ctx->ns_rendered, &ns_default)) {
	    xmlC14NPrintNamespaces(&ns_default, ctx);
	}
    }
"
local.oob.memfunc.length-misuse.maxcover.v5,local.oob.memfunc.length-misuse.maxcover.v5,warning,low,"CWE-120,CWE-125,CWE-787",/mnt/WorkDrive/SAILR/dataset/55980/libxml2_55980_fix/pattern.c,1495,5,1495,11,High-coverage OOB risk: length/count may be unbounded for memset().,,1490,1500,"    if (cur == NULL) {
	ERROR(NULL, NULL, NULL,
		""xmlNewStreamComp: malloc failed\n"");
	return(NULL);
    }
    memset(cur, 0, sizeof(xmlStreamComp));
    cur->steps = (xmlStreamStepPtr) xmlMalloc(size * sizeof(xmlStreamStep));
    if (cur->steps == NULL) {
	xmlFree(cur);
	ERROR(NULL, NULL, NULL,
	      ""xmlNewStreamComp: malloc failed\n"");"
local.oob.memfunc.length-misuse.maxcover.v5,local.oob.memfunc.length-misuse.maxcover.v5,warning,low,"CWE-120,CWE-125,CWE-787",/mnt/WorkDrive/SAILR/dataset/55980/libxml2_55980_fix/c14n.c,662,9,662,15,High-coverage OOB risk: length/count may be unbounded for memset().,,657,667,"     *     have non-empty values in XPath)
     */
    if(visible && !has_empty_ns) {
        static xmlNs ns_default;

        memset(&ns_default, 0, sizeof(ns_default));
        if(!xmlC14NVisibleNsStackFind(ctx->ns_rendered, &ns_default)) {
	    xmlC14NPrintNamespaces(&ns_default, ctx);
	}
    }
"
local.oob.memfunc.length-misuse.maxcover.v5,local.oob.memfunc.length-misuse.maxcover.v5,warning,low,"CWE-120,CWE-125,CWE-787",/mnt/WorkDrive/SAILR/dataset/55980/libxml2_55980_fix/c14n.c,328,2,328,8,High-coverage OOB risk: length/count may be unbounded for memset().,,323,333,"        cur->nodeTab = (xmlNodePtr*) xmlMalloc(XML_NAMESPACES_DEFAULT * sizeof(xmlNodePtr));
	if ((cur->nsTab == NULL) || (cur->nodeTab == NULL)) {
	    xmlC14NErrMemory(""adding node to stack"");
	    return;
	}
	memset(cur->nsTab, 0 , XML_NAMESPACES_DEFAULT * sizeof(xmlNsPtr));
	memset(cur->nodeTab, 0 , XML_NAMESPACES_DEFAULT * sizeof(xmlNodePtr));
        cur->nsMax = XML_NAMESPACES_DEFAULT;
    } else if(cur->nsMax == cur->nsCurEnd) {
	void *tmp;
	int tmpSize;"
local.oob.memfunc.length-misuse.maxcover.v5,local.oob.memfunc.length-misuse.maxcover.v5,warning,low,"CWE-120,CWE-125,CWE-787",/mnt/WorkDrive/SAILR/dataset/55980/libxml2_55980_fix/c14n.c,329,2,329,8,High-coverage OOB risk: length/count may be unbounded for memset().,,324,334,"	if ((cur->nsTab == NULL) || (cur->nodeTab == NULL)) {
	    xmlC14NErrMemory(""adding node to stack"");
	    return;
	}
	memset(cur->nsTab, 0 , XML_NAMESPACES_DEFAULT * sizeof(xmlNsPtr));
	memset(cur->nodeTab, 0 , XML_NAMESPACES_DEFAULT * sizeof(xmlNodePtr));
        cur->nsMax = XML_NAMESPACES_DEFAULT;
    } else if(cur->nsMax == cur->nsCurEnd) {
	void *tmp;
	int tmpSize;
"
local.oob.memfunc.length-misuse.maxcover.v5,local.oob.memfunc.length-misuse.maxcover.v5,warning,low,"CWE-120,CWE-125,CWE-787",/mnt/WorkDrive/SAILR/dataset/55980/libxml2_55980_fix/c14n.c,300,2,300,8,High-coverage OOB risk: length/count may be unbounded for memset().,,295,305,"    if(cur == NULL) {
        xmlC14NErrParam(""destroying namespaces stack"");
        return;
    }
    if(cur->nsTab != NULL) {
	memset(cur->nsTab, 0, cur->nsMax * sizeof(xmlNsPtr));
	xmlFree(cur->nsTab);
    }
    if(cur->nodeTab != NULL) {
	memset(cur->nodeTab, 0, cur->nsMax * sizeof(xmlNodePtr));
	xmlFree(cur->nodeTab);"
local.oob.memfunc.length-misuse.maxcover.v5,local.oob.memfunc.length-misuse.maxcover.v5,warning,low,"CWE-120,CWE-125,CWE-787",/mnt/WorkDrive/SAILR/dataset/55980/libxml2_55980_fix/c14n.c,304,2,304,8,High-coverage OOB risk: length/count may be unbounded for memset().,,299,309,"    if(cur->nsTab != NULL) {
	memset(cur->nsTab, 0, cur->nsMax * sizeof(xmlNsPtr));
	xmlFree(cur->nsTab);
    }
    if(cur->nodeTab != NULL) {
	memset(cur->nodeTab, 0, cur->nsMax * sizeof(xmlNodePtr));
	xmlFree(cur->nodeTab);
    }
    memset(cur, 0, sizeof(xmlC14NVisibleNsStack));
    xmlFree(cur);
"
local.oob.memfunc.length-misuse.maxcover.v5,local.oob.memfunc.length-misuse.maxcover.v5,warning,low,"CWE-120,CWE-125,CWE-787",/mnt/WorkDrive/SAILR/dataset/55980/libxml2_55980_fix/c14n.c,307,5,307,11,High-coverage OOB risk: length/count may be unbounded for memset().,,302,312,"    }
    if(cur->nodeTab != NULL) {
	memset(cur->nodeTab, 0, cur->nsMax * sizeof(xmlNodePtr));
	xmlFree(cur->nodeTab);
    }
    memset(cur, 0, sizeof(xmlC14NVisibleNsStack));
    xmlFree(cur);

}

static void"
local.oob.memfunc.length-misuse.maxcover.v5,local.oob.memfunc.length-misuse.maxcover.v5,warning,low,"CWE-120,CWE-125,CWE-787",/mnt/WorkDrive/SAILR/dataset/55980/libxml2_55980_fix/c14n.c,289,5,289,11,High-coverage OOB risk: length/count may be unbounded for memset().,,284,294,"    ret = (xmlC14NVisibleNsStackPtr) xmlMalloc(sizeof(xmlC14NVisibleNsStack));
    if (ret == NULL) {
        xmlC14NErrMemory(""creating namespaces stack"");
	return(NULL);
    }
    memset(ret, 0, sizeof(xmlC14NVisibleNsStack));
    return(ret);
}

static void
xmlC14NVisibleNsStackDestroy(xmlC14NVisibleNsStackPtr cur) {"
local.oob.memfunc.length-misuse.maxcover.v5,local.oob.memfunc.length-misuse.maxcover.v5,warning,low,"CWE-120,CWE-125,CWE-787",/mnt/WorkDrive/SAILR/dataset/55980/libxml2_55980_fix/c14n.c,261,6,261,12,High-coverage OOB risk: length/count may be unbounded for memcpy().,,256,266,"	if(node->type != XML_NAMESPACE_DECL) {
	    return(xmlXPathNodeSetContains(nodes, node));
	} else {
	    xmlNs ns;

	    memcpy(&ns, node, sizeof(ns));

	    /* this is a libxml hack! check xpath.c for details */
	    if((parent != NULL) && (parent->type == XML_ATTRIBUTE_NODE)) {
		ns.next = (xmlNsPtr)parent->parent;
	    } else {"
local.oob.memfunc.length-misuse.maxcover.v5,local.oob.memfunc.length-misuse.maxcover.v5,warning,low,"CWE-120,CWE-125,CWE-787",/mnt/WorkDrive/SAILR/dataset/55980/libxml2_55980_fix/entities.c,968,5,968,11,High-coverage OOB risk: length/count may be unbounded for memset().,,963,973,"    cur = (xmlEntityPtr) xmlMalloc(sizeof(xmlEntity));
    if (cur == NULL) {
        xmlEntitiesErrMemory(""xmlCopyEntity:: malloc failed"");
	return(NULL);
    }
    memset(cur, 0, sizeof(xmlEntity));
    cur->type = XML_ENTITY_DECL;

    cur->etype = ent->etype;
    if (ent->name != NULL)
	cur->name = xmlStrdup(ent->name);"
local.oob.memfunc.length-misuse.maxcover.v5,local.oob.memfunc.length-misuse.maxcover.v5,warning,low,"CWE-120,CWE-125,CWE-787",/mnt/WorkDrive/SAILR/dataset/55980/libxml2_55980_fix/relaxng.c,10944,5,10944,11,High-coverage OOB risk: length/count may be unbounded for memset().,,10939,10949,"    ret = (xmlRelaxNGValidCtxtPtr) xmlMalloc(sizeof(xmlRelaxNGValidCtxt));
    if (ret == NULL) {
        xmlRngVErrMemory(NULL, ""building context\n"");
        return (NULL);
    }
    memset(ret, 0, sizeof(xmlRelaxNGValidCtxt));
    ret->schema = schema;
    ret->error = xmlGenericError;
    ret->userData = xmlGenericErrorContext;
    ret->errNr = 0;
    ret->errMax = 0;"
local.oob.memfunc.length-misuse.maxcover.v5,local.oob.memfunc.length-misuse.maxcover.v5,warning,low,"CWE-120,CWE-125,CWE-787",/mnt/WorkDrive/SAILR/dataset/55980/libxml2_55980_fix/relaxng.c,10850,9,10850,15,High-coverage OOB risk: length/count may be unbounded for memset().,,10845,10855,"#endif
#ifdef LIBXML_VALID_ENABLED
    if (ctxt->idref == 1) {
        xmlValidCtxt vctxt;

        memset(&vctxt, 0, sizeof(xmlValidCtxt));
        vctxt.valid = 1;
        vctxt.error = ctxt->error;
        vctxt.warning = ctxt->warning;
        vctxt.userData = ctxt->userData;
"
local.oob.memfunc.length-misuse.maxcover.v5,local.oob.memfunc.length-misuse.maxcover.v5,warning,low,"CWE-120,CWE-125,CWE-787",/mnt/WorkDrive/SAILR/dataset/55980/libxml2_55980_fix/pattern.c,334,5,334,11,High-coverage OOB risk: length/count may be unbounded for memset().,,329,339," */
static void
xmlFreePatParserContext(xmlPatParserContextPtr ctxt) {
    if (ctxt == NULL)
	return;
    memset(ctxt, -1, sizeof(xmlPatParserContext));
    xmlFree(ctxt);
}

/**
 * xmlPatternAdd:"
local.oob.memfunc.length-misuse.maxcover.v5,local.oob.memfunc.length-misuse.maxcover.v5,warning,low,"CWE-120,CWE-125,CWE-787",/mnt/WorkDrive/SAILR/dataset/55980/libxml2_55980_fix/pattern.c,308,5,308,11,High-coverage OOB risk: length/count may be unbounded for memset().,,303,313,"    if (cur == NULL) {
	ERROR(NULL, NULL, NULL,
		""xmlNewPatParserContext : malloc failed\n"");
	return(NULL);
    }
    memset(cur, 0, sizeof(xmlPatParserContext));
    cur->dict = dict;
    cur->cur = pattern;
    cur->base = pattern;
    if (namespaces != NULL) {
        int i;"
local.oob.memfunc.length-misuse.maxcover.v5,local.oob.memfunc.length-misuse.maxcover.v5,warning,low,"CWE-120,CWE-125,CWE-787",/mnt/WorkDrive/SAILR/dataset/55980/libxml2_55980_fix/pattern.c,261,5,261,11,High-coverage OOB risk: length/count may be unbounded for memset().,,256,266,"	xmlFree(comp->steps);
    }
    if (comp->dict != NULL)
        xmlDictFree(comp->dict);

    memset(comp, -1, sizeof(xmlPattern));
    xmlFree(comp);
}

/**
 * xmlFreePatternList:"
local.oob.memfunc.length-misuse.maxcover.v5,local.oob.memfunc.length-misuse.maxcover.v5,warning,low,"CWE-120,CWE-125,CWE-787",/mnt/WorkDrive/SAILR/dataset/55980/libxml2_55980_fix/pattern.c,212,5,212,11,High-coverage OOB risk: length/count may be unbounded for memset().,,207,217,"    if (cur == NULL) {
	ERROR(NULL, NULL, NULL,
		""xmlNewPattern : malloc failed\n"");
	return(NULL);
    }
    memset(cur, 0, sizeof(xmlPattern));
    cur->maxStep = 10;
    cur->steps = (xmlStepOpPtr) xmlMalloc(cur->maxStep * sizeof(xmlStepOp));
    if (cur->steps == NULL) {
        xmlFree(cur);
	ERROR(NULL, NULL, NULL,"
local.oob.memfunc.length-misuse.maxcover.v5,local.oob.memfunc.length-misuse.maxcover.v5,warning,low,"CWE-120,CWE-125,CWE-787",/mnt/WorkDrive/SAILR/dataset/55980/libxml2_55980_fix/catalog.c,999,11,999,15,High-coverage OOB risk: length/count may be unbounded for read().,,994,1004,"	fclose(fd);
#endif
        return (NULL);
    }
#ifdef HAVE_STAT
    len = read(fd, content, size);
    close(fd);
#else
    len = fread(content, 1, size, fd);
    fclose(fd);
#endif"
local.oob.memfunc.length-misuse.maxcover.v5,local.oob.memfunc.length-misuse.maxcover.v5,warning,low,"CWE-120,CWE-125,CWE-787",/mnt/WorkDrive/SAILR/dataset/55980/libxml2_55980_fix/entities.c,164,5,164,11,High-coverage OOB risk: length/count may be unbounded for memset().,,159,169,"    ret = (xmlEntityPtr) xmlMalloc(sizeof(xmlEntity));
    if (ret == NULL) {
        xmlEntitiesErrMemory(""xmlCreateEntity: malloc failed"");
	return(NULL);
    }
    memset(ret, 0, sizeof(xmlEntity));
    ret->type = XML_ENTITY_DECL;

    /*
     * fill the structure.
     */"
local.oob.memfunc.length-misuse.maxcover.v5,local.oob.memfunc.length-misuse.maxcover.v5,warning,low,"CWE-120,CWE-125,CWE-787",/mnt/WorkDrive/SAILR/dataset/55980/libxml2_55980_fix/HTMLparser.c,2483,5,2483,11,High-coverage OOB risk: length/count may be unbounded for memset().,,2478,2488,"    cur = (xmlDocPtr) xmlMalloc(sizeof(xmlDoc));
    if (cur == NULL) {
	htmlErrMemory(NULL, ""HTML document creation failed\n"");
	return(NULL);
    }
    memset(cur, 0, sizeof(xmlDoc));

    cur->type = XML_HTML_DOCUMENT_NODE;
    cur->version = NULL;
    cur->intSubset = NULL;
    cur->doc = cur;"
local.oob.memfunc.length-misuse.maxcover.v5,local.oob.memfunc.length-misuse.maxcover.v5,warning,low,"CWE-120,CWE-125,CWE-787",/mnt/WorkDrive/SAILR/dataset/55980/libxml2_55980_fix/nanohttp.c,1327,5,1327,11,High-coverage OOB risk: length/count may be unbounded for memcpy().,,1322,1332,"	return 0;

    /* (Avoid strdup because it's not portable.) */
    envlen = strlen(env) + 1;
    cpy = xmlMalloc(envlen);
    memcpy(cpy, env, envlen);
    env = cpy;

    /* The remainder of the function is basically a tokenizing: */
    while (isspace(*env))
    	++env;"
local.oob.memfunc.length-misuse.maxcover.v5,local.oob.memfunc.length-misuse.maxcover.v5,warning,low,"CWE-120,CWE-125,CWE-787",/mnt/WorkDrive/SAILR/dataset/55980/libxml2_55980_fix/HTMLparser.c,2356,5,2356,11,High-coverage OOB risk: length/count may be unbounded for memset().,,2351,2361,"    input = (xmlParserInputPtr) xmlMalloc(sizeof(htmlParserInput));
    if (input == NULL) {
        htmlErrMemory(ctxt, ""couldn't allocate a new input stream\n"");
	return(NULL);
    }
    memset(input, 0, sizeof(htmlParserInput));
    input->filename = NULL;
    input->directory = NULL;
    input->base = NULL;
    input->cur = NULL;
    input->buf = NULL;"
local.oob.memfunc.length-misuse.maxcover.v5,local.oob.memfunc.length-misuse.maxcover.v5,warning,low,"CWE-120,CWE-125,CWE-787",/mnt/WorkDrive/SAILR/dataset/55980/libxml2_55980_fix/nanohttp.c,1244,5,1244,11,High-coverage OOB risk: length/count may be unbounded for memcpy().,,1239,1249,"    while (ctxt->inptr - ctxt->inrptr < len) {
        if (xmlNanoHTTPRecv(ctxt) <= 0) break;
    }
    if (ctxt->inptr - ctxt->inrptr < len)
        len = ctxt->inptr - ctxt->inrptr;
    memcpy(dest, ctxt->inrptr, len);
    ctxt->inrptr += len;
    return(len);
}

/**"
local.oob.memfunc.length-misuse.maxcover.v5,local.oob.memfunc.length-misuse.maxcover.v5,warning,low,"CWE-120,CWE-125,CWE-787",/mnt/WorkDrive/SAILR/dataset/55980/libxml2_55980_fix/HTMLparser.c,2322,6,2322,12,High-coverage OOB risk: length/count may be unbounded for memcpy().,,2317,2327,"		cp = ent->name;
	    len = strlen(cp);
	    if (outend - out < len + 2)
		break;
	    *out++ = '&';
	    memcpy(out, cp, len);
	    out += len;
	    *out++ = ';';
	}
	processed = in;
    }"
local.oob.memfunc.length-misuse.maxcover.v5,local.oob.memfunc.length-misuse.maxcover.v5,warning,low,"CWE-120,CWE-125,CWE-787",/mnt/WorkDrive/SAILR/dataset/55980/libxml2_55980_fix/nanohttp.c,1017,5,1017,11,High-coverage OOB risk: length/count may be unbounded for memset().,,1012,1022,"#ifdef SUPPORT_IP6
    struct sockaddr_in6 sockin6;
#endif
    SOCKET s;

    memset (&sockin, 0, sizeof(sockin));

#if defined(SUPPORT_IP6)
    {
	int status;
	struct addrinfo hints, *res, *result;"
local.oob.memfunc.length-misuse.maxcover.v5,local.oob.memfunc.length-misuse.maxcover.v5,warning,low,"CWE-120,CWE-125,CWE-787",/mnt/WorkDrive/SAILR/dataset/55980/libxml2_55980_fix/HTMLparser.c,2223,6,2223,12,High-coverage OOB risk: length/count may be unbounded for memcpy().,,2218,2228,"	      cp = ent->name;
	    len = strlen(cp);
	    if (out + 2 + len >= outend)
		break;
	    *out++ = '&';
	    memcpy(out, cp, len);
	    out += len;
	    *out++ = ';';
	}
	processed = in;
    }"
local.oob.memfunc.length-misuse.maxcover.v5,local.oob.memfunc.length-misuse.maxcover.v5,warning,low,"CWE-120,CWE-125,CWE-787",/mnt/WorkDrive/SAILR/dataset/55980/libxml2_55980_fix/nanohttp.c,1125,3,1125,9,High-coverage OOB risk: length/count may be unbounded for memcpy().,,1120,1130,"		/* A records (IPv4) */
		if ((unsigned int) h->h_length > sizeof(ia)) {
		    __xmlIOErr(XML_FROM_HTTP, 0, ""address size mismatch\n"");
		    return INVALID_SOCKET;
		}
		memcpy (&ia, h->h_addr_list[i], h->h_length);
		sockin.sin_family = h->h_addrtype;
		sockin.sin_addr = ia;
		sockin.sin_port = (unsigned short)htons ((unsigned short)port);
		addr = (struct sockaddr *) &sockin;
	    } else"
local.oob.memfunc.length-misuse.maxcover.v5,local.oob.memfunc.length-misuse.maxcover.v5,warning,low,"CWE-120,CWE-125,CWE-787",/mnt/WorkDrive/SAILR/dataset/55980/libxml2_55980_fix/catalog.c,415,5,415,11,High-coverage OOB risk: length/count may be unbounded for memset().,,410,420,"    ret = (xmlCatalogPtr) xmlMalloc(sizeof(xmlCatalog));
    if (ret == NULL) {
        xmlCatalogErrMemory(""allocating catalog"");
	return(NULL);
    }
    memset(ret, 0, sizeof(xmlCatalog));
    ret->type = type;
    ret->catalNr = 0;
    ret->catalMax = XML_MAX_SGML_CATA_DEPTH;
    ret->prefer = prefer;
    if (ret->type == XML_SGML_CATALOG_TYPE)"
local.oob.memfunc.length-misuse.maxcover.v5,local.oob.memfunc.length-misuse.maxcover.v5,warning,low,"CWE-120,CWE-125,CWE-787",/mnt/WorkDrive/SAILR/dataset/55980/libxml2_55980_fix/relaxng.c,9384,5,9384,11,High-coverage OOB risk: length/count may be unbounded for memset().,,9379,9389,"    list = (xmlNodePtr *) xmlMalloc(nbgroups * sizeof(xmlNodePtr));
    if (list == NULL) {
        xmlRngVErrMemory(ctxt, ""validating\n"");
        return (-1);
    }
    memset(list, 0, nbgroups * sizeof(xmlNodePtr));
    lasts = (xmlNodePtr *) xmlMalloc(nbgroups * sizeof(xmlNodePtr));
    if (lasts == NULL) {
        xmlRngVErrMemory(ctxt, ""validating\n"");
        return (-1);
    }"
local.oob.memfunc.length-misuse.maxcover.v5,local.oob.memfunc.length-misuse.maxcover.v5,warning,low,"CWE-120,CWE-125,CWE-787",/mnt/WorkDrive/SAILR/dataset/55980/libxml2_55980_fix/relaxng.c,9390,5,9390,11,High-coverage OOB risk: length/count may be unbounded for memset().,,9385,9395,"    lasts = (xmlNodePtr *) xmlMalloc(nbgroups * sizeof(xmlNodePtr));
    if (lasts == NULL) {
        xmlRngVErrMemory(ctxt, ""validating\n"");
        return (-1);
    }
    memset(lasts, 0, nbgroups * sizeof(xmlNodePtr));

    /*
     * Walk the sequence of children finding the right group and
     * sorting them in sequences.
     */"
local.oob.memfunc.length-misuse.maxcover.v5,local.oob.memfunc.length-misuse.maxcover.v5,warning,low,"CWE-120,CWE-125,CWE-787",/mnt/WorkDrive/SAILR/dataset/55980/libxml2_55980_fix/nanohttp.c,682,10,682,17,High-coverage OOB risk: length/count may be unbounded for strncmp().,,677,687,"xmlNanoHTTPScanAnswer(xmlNanoHTTPCtxtPtr ctxt, const char *line) {
    const char *cur = line;

    if (line == NULL) return;

    if (!strncmp(line, ""HTTP/"", 5)) {
        int version = 0;
	int ret = 0;

	cur += 5;
	while ((*cur >= '0') && (*cur <= '9')) {"
local.oob.memfunc.length-misuse.maxcover.v5,local.oob.memfunc.length-misuse.maxcover.v5,warning,low,"CWE-120,CWE-125,CWE-787",/mnt/WorkDrive/SAILR/dataset/55980/libxml2_55980_fix/testThreads.c,112,9,112,15,High-coverage OOB risk: length/count may be unbounded for memset().,,107,117,"
    xmlInitParser();
    for (repeat = 0;repeat < TEST_REPEAT_COUNT;repeat++) {
	xmlLoadCatalog(catalog);

        memset(tid, 0xff, sizeof(*tid)*num_threads);

	for (i = 0; i < num_threads; i++) {
	    ret = pthread_create(&tid[i], NULL, thread_specific_data,
				 (void *) &threadParams[i]);
	    if (ret != 0) {"
local.oob.memfunc.length-misuse.maxcover.v5,local.oob.memfunc.length-misuse.maxcover.v5,warning,low,"CWE-120,CWE-125,CWE-787",/mnt/WorkDrive/SAILR/dataset/55980/libxml2_55980_fix/HTMLtree.c,418,5,418,11,High-coverage OOB risk: length/count may be unbounded for memset().,,413,423,"    outbuf = (xmlOutputBufferPtr) xmlMalloc(sizeof(xmlOutputBuffer));
    if (outbuf == NULL) {
        htmlSaveErrMemory(""allocating HTML output buffer"");
	return (-1);
    }
    memset(outbuf, 0, sizeof(xmlOutputBuffer));
    outbuf->buffer = buf;
    outbuf->encoder = NULL;
    outbuf->writecallback = NULL;
    outbuf->closecallback = NULL;
    outbuf->context = NULL;"
local.oob.memfunc.length-misuse.maxcover.v5,local.oob.memfunc.length-misuse.maxcover.v5,warning,low,"CWE-120,CWE-125,CWE-787",/mnt/WorkDrive/SAILR/dataset/55980/libxml2_55980_fix/parser.c,11880,11,11880,18,High-coverage OOB risk: length/count may be unbounded for strncmp().,,11875,11885,"			 * Special case to provide identical behaviour
			 * between pull and push parsers on enpty CDATA
			 * sections
			 */
			 if ((ctxt->input->cur - ctxt->input->base >= 9) &&
			     (!strncmp((const char *)&ctxt->input->cur[-9],
			               ""<![CDATA["", 9)))
			     ctxt->sax->cdataBlock(ctxt->userData,
			                           BAD_CAST """", 0);
		    } else if ((ctxt->sax != NULL) && (base > 0) &&
			(!ctxt->disableSAX)) {"
local.oob.memfunc.length-misuse.maxcover.v5,local.oob.memfunc.length-misuse.maxcover.v5,warning,low,"CWE-120,CWE-125,CWE-787",/mnt/WorkDrive/SAILR/dataset/55980/libxml2_55980_fix/testchar.c,606,5,606,11,High-coverage OOB risk: length/count may be unbounded for memset().,,601,611,"    xmlParserCtxtPtr ctxt;
    xmlParserInputBufferPtr buf;
    xmlParserInputPtr input;
    int test_ret = 0;

    memset(data, 0, 5);

    /*
     * Set up a parsing context using the above data buffer as
     * the current input source.
     */"
local.oob.memfunc.length-misuse.maxcover.v5,local.oob.memfunc.length-misuse.maxcover.v5,warning,low,"CWE-120,CWE-125,CWE-787",/mnt/WorkDrive/SAILR/dataset/55980/libxml2_55980_fix/nanohttp.c,529,13,529,20,High-coverage OOB risk: length/count may be unbounded for memmove().,,524,534,"        }
        if (ctxt->inrptr > ctxt->in + XML_NANO_HTTP_CHUNK) {
            int delta = ctxt->inrptr - ctxt->in;
            int len = ctxt->inptr - ctxt->inrptr;

            memmove(ctxt->in, ctxt->inrptr, len);
            ctxt->inrptr -= delta;
            ctxt->content -= delta;
            ctxt->inptr -= delta;
        }
        if ((ctxt->in + ctxt->inlen) < (ctxt->inptr + XML_NANO_HTTP_CHUNK)) {"
local.oob.memfunc.length-misuse.maxcover.v5,local.oob.memfunc.length-misuse.maxcover.v5,warning,low,"CWE-120,CWE-125,CWE-787",/mnt/WorkDrive/SAILR/dataset/55980/libxml2_55980_fix/nanohttp.c,552,22,552,26,High-coverage OOB risk: length/count may be unbounded for recv().,,547,557,"            }
            ctxt->inptr = ctxt->in + d_inptr;
            ctxt->content = ctxt->in + d_content;
            ctxt->inrptr = ctxt->in + d_inrptr;
        }
        ctxt->last = recv(ctxt->fd, ctxt->inptr, XML_NANO_HTTP_CHUNK, 0);
        if (ctxt->last > 0) {
            ctxt->inptr += ctxt->last;
            return (ctxt->last);
        }
        if (ctxt->last == 0) {"
local.oob.memfunc.length-misuse.maxcover.v5,local.oob.memfunc.length-misuse.maxcover.v5,warning,low,"CWE-120,CWE-125,CWE-787",/mnt/WorkDrive/SAILR/dataset/55980/libxml2_55980_fix/nanohttp.c,376,5,376,11,High-coverage OOB risk: length/count may be unbounded for memset().,,371,381,"    if (ret == NULL) {
        xmlHTTPErrMemory(""allocating context"");
        return(NULL);
    }

    memset(ret, 0, sizeof(xmlNanoHTTPCtxt));
    ret->port = 80;
    ret->returnValue = 0;
    ret->fd = INVALID_SOCKET;
    ret->ContentLength = -1;
"
local.oob.memfunc.length-misuse.maxcover.v5,local.oob.memfunc.length-misuse.maxcover.v5,warning,low,"CWE-120,CWE-125,CWE-787",/mnt/WorkDrive/SAILR/dataset/55980/libxml2_55980_fix/parser.c,11117,9,11117,15,High-coverage OOB risk: length/count may be unbounded for memchr().,,11112,11122,"        cur = ctxt->input->cur + 1;
    } else {
        cur = ctxt->input->cur + ctxt->checkIndex;
    }

    if (memchr(cur, c, ctxt->input->end - cur) == NULL) {
        ctxt->checkIndex = ctxt->input->end - ctxt->input->cur;
        return(0);
    } else {
        ctxt->checkIndex = 0;
        return(1);"
local.oob.memfunc.length-misuse.maxcover.v5,local.oob.memfunc.length-misuse.maxcover.v5,warning,low,"CWE-120,CWE-125,CWE-787",/mnt/WorkDrive/SAILR/dataset/55980/libxml2_55980_fix/runtest.c,4752,12,4752,17,High-coverage OOB risk: length/count may be unbounded for fgets().,,4747,4757,"	fclose(input);
	return(-1);
    }
    ret = 0;

    while (fgets(expr, 4500, input) != NULL) {
	if (expr[0] == '#')
	    continue;
	len = strlen(expr);
	len--;
	while ((len >= 0) &&"
local.oob.memfunc.length-misuse.maxcover.v5,local.oob.memfunc.length-misuse.maxcover.v5,warning,low,"CWE-120,CWE-125,CWE-787",/mnt/WorkDrive/SAILR/dataset/55980/libxml2_55980_fix/schematron.c,1718,5,1718,11,High-coverage OOB risk: length/count may be unbounded for memset().,,1713,1723,"    if (ret == NULL) {
        xmlSchematronVErrMemory(NULL, ""allocating validation context"",
                                NULL);
        return (NULL);
    }
    memset(ret, 0, sizeof(xmlSchematronValidCtxt));
    ret->type = XML_STRON_CTXT_VALIDATOR;
    ret->schema = schema;
    ret->xctxt = xmlXPathNewContext(NULL);
    ret->flags = options;
    if (ret->xctxt == NULL) {"
local.oob.memfunc.length-misuse.maxcover.v5,local.oob.memfunc.length-misuse.maxcover.v5,warning,low,"CWE-120,CWE-125,CWE-787",/mnt/WorkDrive/SAILR/dataset/55980/libxml2_55980_fix/runtest.c,4616,12,4616,17,High-coverage OOB risk: length/count may be unbounded for fgets().,,4611,4621,"    if (output == NULL) {
	fprintf(stderr, ""failed to open output file %s\n"", temp);
        free(temp);
	return(-1);
    }
    while (fgets(expression, 4500, input) != NULL) {
	len = strlen(expression);
	len--;
	while ((len >= 0) &&
	       ((expression[len] == '\n') || (expression[len] == '\t') ||
		(expression[len] == '\r') || (expression[len] == ' '))) len--;"
local.oob.memfunc.length-misuse.maxcover.v5,local.oob.memfunc.length-misuse.maxcover.v5,warning,low,"CWE-120,CWE-125,CWE-787",/mnt/WorkDrive/SAILR/dataset/55980/libxml2_55980_fix/threads.c,660,5,660,11,High-coverage OOB risk: length/count may be unbounded for memcpy().,,655,665,"
    if (XML_IS_THREADED() == 0)
        return (0);
    id = pthread_self();
    /* horrible but preserves compat, see warning above */
    memcpy(&ret, &id, sizeof(ret));
    return (ret);
#elif defined HAVE_WIN32_THREADS
    return GetCurrentThreadId();
#else
    return ((int) 0);"
local.oob.memfunc.length-misuse.maxcover.v5,local.oob.memfunc.length-misuse.maxcover.v5,warning,low,"CWE-120,CWE-125,CWE-787",/mnt/WorkDrive/SAILR/dataset/55980/libxml2_55980_fix/runtest.c,4285,5,4285,11,High-coverage OOB risk: length/count may be unbounded for memcpy().,,4280,4290,"    int ret = 0;

    base = baseFilename(filename);
    len = strlen(base);
    len -= 4;
    memcpy(prefix, base, len);
    prefix[len] = 0;

    if (snprintf(buf, 499, ""result/c14n/%s/%s"", subdir, prefix) >= 499)
        buf[499] = 0;
    result = strdup(buf);"
local.oob.memfunc.length-misuse.maxcover.v5,local.oob.memfunc.length-misuse.maxcover.v5,warning,low,"CWE-120,CWE-125,CWE-787",/mnt/WorkDrive/SAILR/dataset/55980/libxml2_55980_fix/threads.c,506,5,506,11,High-coverage OOB risk: length/count may be unbounded for memset().,,501,511,"	xmlGenericError(xmlGenericErrorContext,
			""xmlGetGlobalState: out of memory\n"");
        return (NULL);
    }

    memset(gs, 0, sizeof(xmlGlobalState));
    xmlInitializeGlobalState(gs);
    return (gs);
}
#endif /* LIBXML_THREAD_ENABLED */
"
local.oob.memfunc.length-misuse.maxcover.v5,local.oob.memfunc.length-misuse.maxcover.v5,warning,low,"CWE-120,CWE-125,CWE-787",/mnt/WorkDrive/SAILR/dataset/55980/libxml2_55980_fix/testrecurse.c,694,5,694,12,High-coverage OOB risk: length/count may be unbounded for strncpy().,,689,699,"    if (suffix == NULL)
        suffix = "".tmp"";
    if (out == NULL)
        out = """";

    strncpy(suffixbuff,suffix,499);
#ifdef VMS
    if(strstr(base,""."") && suffixbuff[0]=='.')
      suffixbuff[0]='_';
#endif
"
local.oob.memfunc.length-misuse.maxcover.v5,local.oob.memfunc.length-misuse.maxcover.v5,warning,low,"CWE-120,CWE-125,CWE-787",/mnt/WorkDrive/SAILR/dataset/55980/libxml2_55980_fix/threads.c,355,9,355,15,High-coverage OOB risk: length/count may be unbounded for memset().,,350,360,"    pthread_mutex_lock(&tok->lock);
    tok->held--;
    if (tok->held == 0) {
        if (tok->waiters)
            pthread_cond_signal(&tok->cv);
        memset(&tok->tid, 0, sizeof(tok->tid));
    }
    pthread_mutex_unlock(&tok->lock);
#elif defined HAVE_WIN32_THREADS
    LeaveCriticalSection(&tok->cs);
#endif"
local.oob.memfunc.length-misuse.maxcover.v5,local.oob.memfunc.length-misuse.maxcover.v5,warning,low,"CWE-120,CWE-125,CWE-787",/mnt/WorkDrive/SAILR/dataset/55980/libxml2_55980_fix/hash.c,1129,4,1129,10,High-coverage OOB risk: length/count may be unbounded for memcpy().,,1124,1134,"		} else {
		    if (entry->next == NULL) {
			entry->valid = 0;
		    } else {
			entry = entry->next;
			memcpy(&(table->table[key]), entry, sizeof(xmlHashEntry));
			xmlFree(entry);
		    }
		}
                table->nbElems--;
                return(0);"
local.oob.memfunc.length-misuse.maxcover.v5,local.oob.memfunc.length-misuse.maxcover.v5,warning,low,"CWE-120,CWE-125,CWE-787",/mnt/WorkDrive/SAILR/dataset/55980/libxml2_55980_fix/testlimits.c,1328,17,1328,24,High-coverage OOB risk: length/count may be unbounded for strncmp().,,1323,1333,"    }
    if (ret != 0) {
        if (fail)
            res = 0;
        else {
            if (strncmp(filename, ""crazy:"", 6) == 0)
                fprintf(stderr, ""Failed to parse '%s' %u\n"",
                        filename, crazy_indx);
            else
                fprintf(stderr, ""Failed to parse '%s' %lu\n"",
                        filename, (unsigned long) limit);"
local.oob.memfunc.length-misuse.maxcover.v5,local.oob.memfunc.length-misuse.maxcover.v5,warning,low,"CWE-120,CWE-125,CWE-787",/mnt/WorkDrive/SAILR/dataset/55980/libxml2_55980_fix/testlimits.c,1338,17,1338,24,High-coverage OOB risk: length/count may be unbounded for strncmp().,,1333,1343,"                        filename, (unsigned long) limit);
            res = 1;
        }
    } else {
        if (fail) {
            if (strncmp(filename, ""crazy:"", 6) == 0)
                fprintf(stderr, ""Failed to get failure for '%s' %u\n"",
                        filename, crazy_indx);
            else
                fprintf(stderr, ""Failed to get failure for '%s' %lu\n"",
                        filename, (unsigned long) limit);"
local.oob.memfunc.length-misuse.maxcover.v5,local.oob.memfunc.length-misuse.maxcover.v5,warning,low,"CWE-120,CWE-125,CWE-787",/mnt/WorkDrive/SAILR/dataset/55980/libxml2_55980_fix/runtest.c,3912,5,3912,11,High-coverage OOB risk: length/count may be unbounded for memcpy().,,3907,3917,"    xmlTextReaderPtr reader;
    xmlDocPtr doc;

    len = strlen(filename);
    len -= 4;
    memcpy(xml, filename, len);
    xml[len] = 0;
    if (snprintf(result, 499, ""result/pattern/%s"", baseFilename(xml)) >= 499)
        result[499] = 0;
    memcpy(xml + len, "".xml"", 5);
"
local.oob.memfunc.length-misuse.maxcover.v5,local.oob.memfunc.length-misuse.maxcover.v5,warning,low,"CWE-120,CWE-125,CWE-787",/mnt/WorkDrive/SAILR/dataset/55980/libxml2_55980_fix/runtest.c,3916,5,3916,11,High-coverage OOB risk: length/count may be unbounded for memcpy().,,3911,3921,"    len -= 4;
    memcpy(xml, filename, len);
    xml[len] = 0;
    if (snprintf(result, 499, ""result/pattern/%s"", baseFilename(xml)) >= 499)
        result[499] = 0;
    memcpy(xml + len, "".xml"", 5);

    if (!checkTestFile(xml) && !update_results) {
	fprintf(stderr, ""Missing xml file %s\n"", xml);
	return(-1);
    }"
local.oob.memfunc.length-misuse.maxcover.v5,local.oob.memfunc.length-misuse.maxcover.v5,warning,low,"CWE-120,CWE-125,CWE-787",/mnt/WorkDrive/SAILR/dataset/55980/libxml2_55980_fix/runtest.c,3943,6,3943,11,High-coverage OOB risk: length/count may be unbounded for fgets().,,3938,3948,"    }
    while (1) {
	/*
	 * read one line in string buffer.
	 */
	if (fgets (&str[0], sizeof (str) - 1, f) == NULL)
	   break;

	/*
	 * remove the ending spaces
	 */"
local.oob.memfunc.length-misuse.maxcover.v5,local.oob.memfunc.length-misuse.maxcover.v5,warning,low,"CWE-120,CWE-125,CWE-787",/mnt/WorkDrive/SAILR/dataset/55980/libxml2_55980_fix/testrecurse.c,306,2,306,8,High-coverage OOB risk: length/count may be unbounded for memcpy().,,301,311,"            rlen = 0;
            return(0);
        }
        len = rlen;
        rlen = 0;
	memcpy(buffer, current, len);
        curseg ++;
        if (curseg == MAX_NODES) {
            current = hugeDocParts->finish;
	} else {
            current = hugeDocParts->segment;"
local.oob.memfunc.length-misuse.maxcover.v5,local.oob.memfunc.length-misuse.maxcover.v5,warning,low,"CWE-120,CWE-125,CWE-787",/mnt/WorkDrive/SAILR/dataset/55980/libxml2_55980_fix/testrecurse.c,315,2,315,8,High-coverage OOB risk: length/count may be unbounded for memcpy().,,310,320,"	} else {
            current = hugeDocParts->segment;
	}
        rlen = strlen(current);
    } else {
	memcpy(buffer, current, len);
	rlen -= len;
        current += len;
    }
    return (len);
}"
local.oob.memfunc.length-misuse.maxcover.v5,local.oob.memfunc.length-misuse.maxcover.v5,warning,low,"CWE-120,CWE-125,CWE-787",/mnt/WorkDrive/SAILR/dataset/55980/libxml2_55980_fix/schematron.c,726,5,726,11,High-coverage OOB risk: length/count may be unbounded for memset().,,721,731,"    if (ret == NULL) {
        xmlSchematronPErrMemory(NULL, ""allocating schema parser context"",
                                NULL);
        return (NULL);
    }
    memset(ret, 0, sizeof(xmlSchematronParserCtxt));
    ret->doc = doc;
    ret->dict = xmlDictCreate();
    /* The application has responsibility for the document */
    ret->preserve = 1;
    ret->xctxt = xmlXPathNewContext(doc);"
local.oob.memfunc.length-misuse.maxcover.v5,local.oob.memfunc.length-misuse.maxcover.v5,warning,low,"CWE-120,CWE-125,CWE-787",/mnt/WorkDrive/SAILR/dataset/55980/libxml2_55980_fix/schematron.c,687,5,687,11,High-coverage OOB risk: length/count may be unbounded for memset().,,682,692,"    if (ret == NULL) {
        xmlSchematronPErrMemory(NULL, ""allocating schema parser context"",
                                NULL);
        return (NULL);
    }
    memset(ret, 0, sizeof(xmlSchematronParserCtxt));
    ret->buffer = buffer;
    ret->size = size;
    ret->dict = xmlDictCreate();
    ret->xctxt = xmlXPathNewContext(NULL);
    if (ret->xctxt == NULL) {"
local.oob.memfunc.length-misuse.maxcover.v5,local.oob.memfunc.length-misuse.maxcover.v5,warning,low,"CWE-120,CWE-125,CWE-787",/mnt/WorkDrive/SAILR/dataset/55980/libxml2_55980_fix/schematron.c,645,5,645,11,High-coverage OOB risk: length/count may be unbounded for memset().,,640,650,"    if (ret == NULL) {
        xmlSchematronPErrMemory(NULL, ""allocating schema parser context"",
                                NULL);
        return (NULL);
    }
    memset(ret, 0, sizeof(xmlSchematronParserCtxt));
    ret->type = XML_STRON_CTXT_PARSER;
    ret->dict = xmlDictCreate();
    ret->URL = xmlDictLookup(ret->dict, (const xmlChar *) URL, -1);
    ret->includes = NULL;
    ret->xctxt = xmlXPathNewContext(NULL);"
local.oob.memfunc.length-misuse.maxcover.v5,local.oob.memfunc.length-misuse.maxcover.v5,warning,low,"CWE-120,CWE-125,CWE-787",/mnt/WorkDrive/SAILR/dataset/55980/libxml2_55980_fix/schematron.c,589,5,589,11,High-coverage OOB risk: length/count may be unbounded for memset().,,584,594,"    ret = (xmlSchematronPtr) xmlMalloc(sizeof(xmlSchematron));
    if (ret == NULL) {
        xmlSchematronPErrMemory(ctxt, ""allocating schema"", NULL);
        return (NULL);
    }
    memset(ret, 0, sizeof(xmlSchematron));
    ret->dict = ctxt->dict;
    xmlDictReference(ret->dict);

    return (ret);
}"
local.oob.memfunc.length-misuse.maxcover.v5,local.oob.memfunc.length-misuse.maxcover.v5,warning,low,"CWE-120,CWE-125,CWE-787",/mnt/WorkDrive/SAILR/dataset/55980/libxml2_55980_fix/runtest.c,3757,5,3757,11,High-coverage OOB risk: length/count may be unbounded for memcpy().,,3752,3762,"    if ((len > 499) || (len < 5)) {
	fprintf(stderr, ""len(base) == %d !\n"", len);
	return(-1);
    }
    len -= 4; /* remove trailing .rng */
    memcpy(prefix, base, len);
    prefix[len] = 0;

    /*
     * strictly unifying the error messages is nearly impossible this
     * hack is also done in the Makefile"
local.oob.memfunc.length-misuse.maxcover.v5,local.oob.memfunc.length-misuse.maxcover.v5,warning,low,"CWE-120,CWE-125,CWE-787",/mnt/WorkDrive/SAILR/dataset/55980/libxml2_55980_fix/schematron.c,537,5,537,11,High-coverage OOB risk: length/count may be unbounded for memset().,,532,542,"    ret = (xmlSchematronPatternPtr) xmlMalloc(sizeof(xmlSchematronPattern));
    if (ret == NULL) {
        xmlSchematronPErrMemory(ctxt, ""allocating schema pattern"", node);
        return (NULL);
    }
    memset(ret, 0, sizeof(xmlSchematronPattern));
    ret->name = name;
    ret->next = NULL;
    if (schema->patterns == NULL) {
        schema->patterns = ret;
    } else {"
local.oob.memfunc.length-misuse.maxcover.v5,local.oob.memfunc.length-misuse.maxcover.v5,warning,low,"CWE-120,CWE-125,CWE-787",/mnt/WorkDrive/SAILR/dataset/55980/libxml2_55980_fix/schematron.c,456,5,456,11,High-coverage OOB risk: length/count may be unbounded for memset().,,451,461,"    ret = (xmlSchematronRulePtr) xmlMalloc(sizeof(xmlSchematronRule));
    if (ret == NULL) {
        xmlSchematronPErrMemory(ctxt, ""allocating schema rule"", node);
        return (NULL);
    }
    memset(ret, 0, sizeof(xmlSchematronRule));
    ret->node = node;
    ret->context = context;
    ret->pattern = pattern;
    ret->report = report;
    ret->next = NULL;"
local.oob.memfunc.length-misuse.maxcover.v5,local.oob.memfunc.length-misuse.maxcover.v5,warning,low,"CWE-120,CWE-125,CWE-787",/mnt/WorkDrive/SAILR/dataset/55980/libxml2_55980_fix/runtest.c,3672,5,3672,11,High-coverage OOB risk: length/count may be unbounded for memcpy().,,3667,3677,"    if ((len > 499) || (len < 5)) {
        xmlRelaxNGFree(schemas);
	return(-1);
    }
    len -= 4; /* remove trailing .rng */
    memcpy(prefix, base, len);
    prefix[len] = 0;

    if (snprintf(pattern, 499, ""./test/relaxng/%s_?.xml"", prefix) >= 499)
        pattern[499] = 0;
"
local.oob.memfunc.length-misuse.maxcover.v5,local.oob.memfunc.length-misuse.maxcover.v5,warning,low,"CWE-120,CWE-125,CWE-787",/mnt/WorkDrive/SAILR/dataset/55980/libxml2_55980_fix/schematron.c,352,5,352,11,High-coverage OOB risk: length/count may be unbounded for memset().,,347,357,"    ret = (xmlSchematronTestPtr) xmlMalloc(sizeof(xmlSchematronTest));
    if (ret == NULL) {
        xmlSchematronPErrMemory(ctxt, ""allocating schema test"", node);
        return (NULL);
    }
    memset(ret, 0, sizeof(xmlSchematronTest));
    ret->type = type;
    ret->node = node;
    ret->test = test;
    ret->comp = comp;
    ret->report = report;"
local.oob.memfunc.length-misuse.maxcover.v5,local.oob.memfunc.length-misuse.maxcover.v5,warning,low,"CWE-120,CWE-125,CWE-787",/mnt/WorkDrive/SAILR/dataset/55980/libxml2_55980_fix/testdict.c,327,5,327,11,High-coverage OOB risk: length/count may be unbounded for memset().,,322,332,"    if (dict == NULL) {
	fprintf(stderr, ""Out of memory while creating dictionary\n"");
	exit(1);
    }
    /* Cast to avoid buggy warning on MSVC. */
    memset((void *) test1, 0, sizeof(test1));

    /*
     * Fill in NB_STRINGS_MIN, at this point the dictionary should not grow
     * and we allocate all those doing the fast key computations
     */"
local.oob.memfunc.length-misuse.maxcover.v5,local.oob.memfunc.length-misuse.maxcover.v5,warning,low,"CWE-120,CWE-125,CWE-787",/mnt/WorkDrive/SAILR/dataset/55980/libxml2_55980_fix/runtest.c,3507,5,3507,11,High-coverage OOB risk: length/count may be unbounded for memcpy().,,3502,3512,"        len -= 2; /* remove subtest number */
    }
    if (base[len - 2] == '_') {
        len -= 2; /* remove subtest number */
    }
    memcpy(prefix, base, len);
    prefix[len] = 0;

    if (snprintf(pattern, 499, ""./test/schemas/%s_*.xml"", prefix) >= 499)
        pattern[499] = 0;
"
local.oob.memfunc.length-misuse.maxcover.v5,local.oob.memfunc.length-misuse.maxcover.v5,warning,low,"CWE-120,CWE-125,CWE-787",/mnt/WorkDrive/SAILR/dataset/55980/libxml2_55980_fix/runtest.c,3515,2,3515,8,High-coverage OOB risk: length/count may be unbounded for memcpy().,,3510,3520,"    if (snprintf(pattern, 499, ""./test/schemas/%s_*.xml"", prefix) >= 499)
        pattern[499] = 0;

    if (base[len] == '_') {
        len += 2;
	memcpy(prefix, base, len);
	prefix[len] = 0;
    }

    globbuf.gl_offs = 0;
    glob(pattern, GLOB_DOOFFS, NULL, &globbuf);"
local.oob.memfunc.length-misuse.maxcover.v5,local.oob.memfunc.length-misuse.maxcover.v5,warning,low,"CWE-120,CWE-125,CWE-787",/mnt/WorkDrive/SAILR/dataset/55980/libxml2_55980_fix/testlimits.c,332,13,332,19,High-coverage OOB risk: length/count may be unbounded for memcpy().,,327,337,"    }
    if (instate == 0) {
        if (len >= rlen) {
            len = rlen;
            rlen = 0;
            memcpy(buffer, current, len);
            instate = 1;
            curlen = 0;
        } else {
            memcpy(buffer, current, len);
            rlen -= len;"
local.oob.memfunc.length-misuse.maxcover.v5,local.oob.memfunc.length-misuse.maxcover.v5,warning,low,"CWE-120,CWE-125,CWE-787",/mnt/WorkDrive/SAILR/dataset/55980/libxml2_55980_fix/testlimits.c,336,13,336,19,High-coverage OOB risk: length/count may be unbounded for memcpy().,,331,341,"            rlen = 0;
            memcpy(buffer, current, len);
            instate = 1;
            curlen = 0;
        } else {
            memcpy(buffer, current, len);
            rlen -= len;
            current += len;
        }
    } else if (instate == 2) {
        if (len >= rlen) {"
local.oob.memfunc.length-misuse.maxcover.v5,local.oob.memfunc.length-misuse.maxcover.v5,warning,low,"CWE-120,CWE-125,CWE-787",/mnt/WorkDrive/SAILR/dataset/55980/libxml2_55980_fix/testlimits.c,344,13,344,19,High-coverage OOB risk: length/count may be unbounded for memcpy().,,339,349,"        }
    } else if (instate == 2) {
        if (len >= rlen) {
            len = rlen;
            rlen = 0;
            memcpy(buffer, current, len);
            instate = 3;
            curlen = 0;
        } else {
            memcpy(buffer, current, len);
            rlen -= len;"
local.oob.memfunc.length-misuse.maxcover.v5,local.oob.memfunc.length-misuse.maxcover.v5,warning,low,"CWE-120,CWE-125,CWE-787",/mnt/WorkDrive/SAILR/dataset/55980/libxml2_55980_fix/testlimits.c,348,13,348,19,High-coverage OOB risk: length/count may be unbounded for memcpy().,,343,353,"            rlen = 0;
            memcpy(buffer, current, len);
            instate = 3;
            curlen = 0;
        } else {
            memcpy(buffer, current, len);
            rlen -= len;
            current += len;
        }
    } else if (instate == 1) {
        if (len > CHUNK) len = CHUNK;"
local.oob.memfunc.length-misuse.maxcover.v5,local.oob.memfunc.length-misuse.maxcover.v5,warning,low,"CWE-120,CWE-125,CWE-787",/mnt/WorkDrive/SAILR/dataset/55980/libxml2_55980_fix/uri.c,2570,5,2570,11,High-coverage OOB risk: length/count may be unbounded for memset().,,2565,2575,"	if (*ret == '\\')
	    *ret = '/';
	ret++;
    }
#endif
    memset(&temp, 0, sizeof(temp));
    temp.path = (char *) cal;
    ret = xmlSaveUri(&temp);
    xmlFree(cal);
    return(ret);
}"
local.oob.memfunc.length-misuse.maxcover.v5,local.oob.memfunc.length-misuse.maxcover.v5,warning,low,"CWE-120,CWE-125,CWE-787",/mnt/WorkDrive/SAILR/dataset/55980/libxml2_55980_fix/testlimits.c,354,9,354,15,High-coverage OOB risk: length/count may be unbounded for memcpy().,,349,359,"            rlen -= len;
            current += len;
        }
    } else if (instate == 1) {
        if (len > CHUNK) len = CHUNK;
        memcpy(buffer, &filling[0], len);
        curlen += len;
        if (curlen >= maxlen) {
            rlen = strlen(crazy) - crazy_indx;
            current = &crazy[crazy_indx];
            instate = 2;"
local.oob.memfunc.length-misuse.maxcover.v5,local.oob.memfunc.length-misuse.maxcover.v5,warning,low,"CWE-120,CWE-125,CWE-787",/mnt/WorkDrive/SAILR/dataset/55980/libxml2_55980_fix/testdict.c,163,5,163,11,High-coverage OOB risk: length/count may be unbounded for memset().,,158,168,"    if (dict == NULL) {
	fprintf(stderr, ""Out of memory while creating sub-dictionary\n"");
	exit(1);
    }
    /* Cast to avoid buggy warning on MSVC. */
    memset((void *) test2, 0, sizeof(test2));

    /*
     * Fill in NB_STRINGS_MIN, at this point the dictionary should not grow
     * and we allocate all those doing the fast key computations
     * All the strings are based on a different seeds subset so we know"
local.oob.memfunc.length-misuse.maxcover.v5,local.oob.memfunc.length-misuse.maxcover.v5,warning,low,"CWE-120,CWE-125,CWE-787",/mnt/WorkDrive/SAILR/dataset/55980/libxml2_55980_fix/testlimits.c,279,27,279,34,High-coverage OOB risk: length/count may be unbounded for strncmp().,,274,284," *
 * Returns an Input context or NULL in case or error
 */
static void *
crazyOpen(const char * URI) {
    if ((URI == NULL) || (strncmp(URI, ""crazy:"", 6)))
        return(NULL);

    if (crazy_indx > strlen(crazy))
        return(NULL);
    reset_timout();"
local.oob.memfunc.length-misuse.maxcover.v5,local.oob.memfunc.length-misuse.maxcover.v5,warning,low,"CWE-120,CWE-125,CWE-787",/mnt/WorkDrive/SAILR/dataset/55980/libxml2_55980_fix/testlimits.c,263,28,263,35,High-coverage OOB risk: length/count may be unbounded for strncmp().,,258,268," *
 * Returns 1 if yes and 0 if another Input module should be used
 */
static int
crazyMatch(const char * URI) {
    if ((URI != NULL) && (!strncmp(URI, ""crazy:"", 6)))
        return(1);
    return(0);
}

/**"
local.oob.memfunc.length-misuse.maxcover.v5,local.oob.memfunc.length-misuse.maxcover.v5,warning,low,"CWE-120,CWE-125,CWE-787",/mnt/WorkDrive/SAILR/dataset/55980/libxml2_55980_fix/runtest.c,3326,4,3326,10,High-coverage OOB risk: length/count may be unbounded for memcpy().,,3321,3331,"
   if ((context == NULL) || (buffer == NULL) || (len < 0))
       return(-1);

   if (len > urip_rlen) len = urip_rlen;
   memcpy(buffer, ptr, len);
   urip_rlen -= len;
   return(len);
}

static int"
local.oob.memfunc.length-misuse.maxcover.v5,local.oob.memfunc.length-misuse.maxcover.v5,warning,low,"CWE-120,CWE-125,CWE-787",/mnt/WorkDrive/SAILR/dataset/55980/libxml2_55980_fix/testlimits.c,185,13,185,19,High-coverage OOB risk: length/count may be unbounded for memcpy().,,180,190,"
    if (instate == 0) {
        if (len >= rlen) {
            len = rlen;
            rlen = 0;
            memcpy(buffer, current, len);
            instate = 1;
            curlen = 0;
            dotlen = maxlen / 10;
        } else {
            memcpy(buffer, current, len);"
local.oob.memfunc.length-misuse.maxcover.v5,local.oob.memfunc.length-misuse.maxcover.v5,warning,low,"CWE-120,CWE-125,CWE-787",/mnt/WorkDrive/SAILR/dataset/55980/libxml2_55980_fix/testlimits.c,190,13,190,19,High-coverage OOB risk: length/count may be unbounded for memcpy().,,185,195,"            memcpy(buffer, current, len);
            instate = 1;
            curlen = 0;
            dotlen = maxlen / 10;
        } else {
            memcpy(buffer, current, len);
            rlen -= len;
            current += len;
        }
    } else if (instate == 2) {
        if (len >= rlen) {"
local.oob.memfunc.length-misuse.maxcover.v5,local.oob.memfunc.length-misuse.maxcover.v5,warning,low,"CWE-120,CWE-125,CWE-787",/mnt/WorkDrive/SAILR/dataset/55980/libxml2_55980_fix/hash.c,259,5,259,11,High-coverage OOB risk: length/count may be unbounded for memset().,,254,264,"    table->table = xmlMalloc(size * sizeof(xmlHashEntry));
    if (table->table == NULL) {
	table->table = oldtable;
	return(-1);
    }
    memset(table->table, 0, size * sizeof(xmlHashEntry));
    table->size = size;

    /*	If the two loops are merged, there would be situations where
	a new entry needs to allocated and data copied into it from
	the main table. So instead, we run through the array twice, first"
local.oob.memfunc.length-misuse.maxcover.v5,local.oob.memfunc.length-misuse.maxcover.v5,warning,low,"CWE-120,CWE-125,CWE-787",/mnt/WorkDrive/SAILR/dataset/55980/libxml2_55980_fix/testlimits.c,198,13,198,19,High-coverage OOB risk: length/count may be unbounded for memcpy().,,193,203,"        }
    } else if (instate == 2) {
        if (len >= rlen) {
            len = rlen;
            rlen = 0;
            memcpy(buffer, current, len);
            instate = 3;
            curlen = 0;
        } else {
            memcpy(buffer, current, len);
            rlen -= len;"
local.oob.memfunc.length-misuse.maxcover.v5,local.oob.memfunc.length-misuse.maxcover.v5,warning,low,"CWE-120,CWE-125,CWE-787",/mnt/WorkDrive/SAILR/dataset/55980/libxml2_55980_fix/testlimits.c,202,13,202,19,High-coverage OOB risk: length/count may be unbounded for memcpy().,,197,207,"            rlen = 0;
            memcpy(buffer, current, len);
            instate = 3;
            curlen = 0;
        } else {
            memcpy(buffer, current, len);
            rlen -= len;
            current += len;
        }
    } else if (instate == 1) {
        if (len > CHUNK) len = CHUNK;"
local.oob.memfunc.length-misuse.maxcover.v5,local.oob.memfunc.length-misuse.maxcover.v5,warning,low,"CWE-120,CWE-125,CWE-787",/mnt/WorkDrive/SAILR/dataset/55980/libxml2_55980_fix/hash.c,273,2,273,8,High-coverage OOB risk: length/count may be unbounded for memcpy().,,268,278,"    for (i = 0; i < oldsize; i++) {
	if (oldtable[i].valid == 0)
	    continue;
	key = xmlHashComputeKey(table, oldtable[i].name, oldtable[i].name2,
				oldtable[i].name3);
	memcpy(&(table->table[key]), &(oldtable[i]), sizeof(xmlHashEntry));
	table->table[key].next = NULL;
    }

    for (i = 0; i < oldsize; i++) {
	iter = oldtable[i].next;"
local.oob.memfunc.length-misuse.maxcover.v5,local.oob.memfunc.length-misuse.maxcover.v5,warning,low,"CWE-120,CWE-125,CWE-787",/mnt/WorkDrive/SAILR/dataset/55980/libxml2_55980_fix/testlimits.c,208,9,208,15,High-coverage OOB risk: length/count may be unbounded for memcpy().,,203,213,"            rlen -= len;
            current += len;
        }
    } else if (instate == 1) {
        if (len > CHUNK) len = CHUNK;
        memcpy(buffer, &filling[0], len);
        curlen += len;
        if (curlen >= maxlen) {
            rlen = strlen(hugeTests[currentTest].end);
            current = hugeTests[currentTest].end;
            instate = 2;"
local.oob.memfunc.length-misuse.maxcover.v5,local.oob.memfunc.length-misuse.maxcover.v5,warning,low,"CWE-120,CWE-125,CWE-787",/mnt/WorkDrive/SAILR/dataset/55980/libxml2_55980_fix/hash.c,289,3,289,9,High-coverage OOB risk: length/count may be unbounded for memcpy().,,284,294,"	     */

	    key = xmlHashComputeKey(table, iter->name, iter->name2,
		                    iter->name3);
	    if (table->table[key].valid == 0) {
		memcpy(&(table->table[key]), iter, sizeof(xmlHashEntry));
		table->table[key].next = NULL;
		xmlFree(iter);
	    } else {
		iter->next = table->table[key].next;
		table->table[key].next = iter;"
local.oob.memfunc.length-misuse.maxcover.v5,local.oob.memfunc.length-misuse.maxcover.v5,warning,low,"CWE-120,CWE-125,CWE-787",/mnt/WorkDrive/SAILR/dataset/55980/libxml2_55980_fix/runtest.c,3137,6,3137,11,High-coverage OOB risk: length/count may be unbounded for fgets().,,3132,3142,"
    while (1) {
	/*
	 * read one line in string buffer.
	 */
	if (fgets (&str[0], sizeof (str) - 1, f) == NULL)
	   break;

	/*
	 * remove the ending spaces
	 */"
local.oob.memfunc.length-misuse.maxcover.v5,local.oob.memfunc.length-misuse.maxcover.v5,warning,low,"CWE-120,CWE-125,CWE-787",/mnt/WorkDrive/SAILR/dataset/55980/libxml2_55980_fix/testlimits.c,116,27,116,34,High-coverage OOB risk: length/count may be unbounded for strncmp().,,111,121," *
 * Returns an Input context or NULL in case or error
 */
static void *
hugeOpen(const char * URI) {
    if ((URI == NULL) || (strncmp(URI, ""huge:"", 5)))
        return(NULL);

    for (currentTest = 0;currentTest < sizeof(hugeTests)/sizeof(hugeTests[0]);
         currentTest++)
         if (!strcmp(hugeTests[currentTest].name, URI))"
local.oob.memfunc.length-misuse.maxcover.v5,local.oob.memfunc.length-misuse.maxcover.v5,warning,low,"CWE-120,CWE-125,CWE-787",/mnt/WorkDrive/SAILR/dataset/55980/libxml2_55980_fix/hash.c,191,6,191,12,High-coverage OOB risk: length/count may be unbounded for memset().,,186,196,"        table->dict = NULL;
        table->size = size;
	table->nbElems = 0;
        table->table = xmlMalloc(size * sizeof(xmlHashEntry));
        if (table->table) {
	    memset(table->table, 0, size * sizeof(xmlHashEntry));
#ifdef HASH_RANDOMIZATION
            table->random_seed = __xmlRandom();
#endif
	    return(table);
        }"
local.oob.memfunc.length-misuse.maxcover.v5,local.oob.memfunc.length-misuse.maxcover.v5,warning,low,"CWE-120,CWE-125,CWE-787",/mnt/WorkDrive/SAILR/dataset/55980/libxml2_55980_fix/testlimits.c,100,28,100,35,High-coverage OOB risk: length/count may be unbounded for strncmp().,,95,105," *
 * Returns 1 if yes and 0 if another Input module should be used
 */
static int
hugeMatch(const char * URI) {
    if ((URI != NULL) && (!strncmp(URI, ""huge:"", 5)))
        return(1);
    return(0);
}

/**"
local.oob.memfunc.length-misuse.maxcover.v5,local.oob.memfunc.length-misuse.maxcover.v5,warning,low,"CWE-120,CWE-125,CWE-787",/mnt/WorkDrive/SAILR/dataset/55980/libxml2_55980_fix/uri.c,2348,6,2348,12,High-coverage OOB risk: length/count may be unbounded for memcpy().,,2343,2353,"     * Finish up with the end of the URI
     */
    if (uptr != NULL) {
        if ((vptr > val) && (len > 0) &&
	    (uptr[0] == '/') && (vptr[-1] == '/')) {
	    memcpy (vptr, uptr + 1, len - 1);
	    vptr[len - 2] = 0;
	} else {
	    memcpy (vptr, uptr, len);
	    vptr[len - 1] = 0;
	}"
local.oob.memfunc.length-misuse.maxcover.v5,local.oob.memfunc.length-misuse.maxcover.v5,warning,low,"CWE-120,CWE-125,CWE-787",/mnt/WorkDrive/SAILR/dataset/55980/libxml2_55980_fix/uri.c,2351,6,2351,12,High-coverage OOB risk: length/count may be unbounded for memcpy().,,2346,2356,"        if ((vptr > val) && (len > 0) &&
	    (uptr[0] == '/') && (vptr[-1] == '/')) {
	    memcpy (vptr, uptr + 1, len - 1);
	    vptr[len - 2] = 0;
	} else {
	    memcpy (vptr, uptr, len);
	    vptr[len - 1] = 0;
	}
    } else {
	vptr[len - 1] = 0;
    }"
local.oob.memfunc.length-misuse.maxcover.v5,local.oob.memfunc.length-misuse.maxcover.v5,warning,low,"CWE-120,CWE-125,CWE-787",/mnt/WorkDrive/SAILR/dataset/55980/libxml2_55980_fix/relaxng.c,6850,5,6850,11,High-coverage OOB risk: length/count may be unbounded for memset().,,6845,6855,"    if (ret == NULL) {
        xmlRngPErrMemory(NULL, ""building parser\n"");
        xmlFreeDoc(copy);
        return (NULL);
    }
    memset(ret, 0, sizeof(xmlRelaxNGParserCtxt));
    ret->document = copy;
    ret->freedoc = 1;
    ret->userData = xmlGenericErrorContext;
    return (ret);
}"
local.oob.memfunc.length-misuse.maxcover.v5,local.oob.memfunc.length-misuse.maxcover.v5,warning,low,"CWE-120,CWE-125,CWE-787",/mnt/WorkDrive/SAILR/dataset/55980/libxml2_55980_fix/runtest.c,2830,12,2830,17,High-coverage OOB risk: length/count may be unbounded for fgets().,,2825,2835,"        xmlGenericError(xmlGenericErrorContext,
		""Cannot open %s for reading\n"", filename);
        free(temp);
	return(-1);
    }
    while (fgets(expression, 4500, input) != NULL) {
	len = strlen(expression);
	len--;
	while ((len >= 0) &&
	       ((expression[len] == '\n') || (expression[len] == '\t') ||
		(expression[len] == '\r') || (expression[len] == ' '))) len--;"
local.oob.memfunc.length-misuse.maxcover.v5,local.oob.memfunc.length-misuse.maxcover.v5,warning,low,"CWE-120,CWE-125,CWE-787",/mnt/WorkDrive/SAILR/dataset/55980/libxml2_55980_fix/relaxng.c,6813,5,6813,11,High-coverage OOB risk: length/count may be unbounded for memset().,,6808,6818,"        (xmlRelaxNGParserCtxtPtr) xmlMalloc(sizeof(xmlRelaxNGParserCtxt));
    if (ret == NULL) {
        xmlRngPErrMemory(NULL, ""building parser\n"");
        return (NULL);
    }
    memset(ret, 0, sizeof(xmlRelaxNGParserCtxt));
    ret->buffer = buffer;
    ret->size = size;
    ret->error = xmlGenericError;
    ret->userData = xmlGenericErrorContext;
    return (ret);"
local.oob.memfunc.length-misuse.maxcover.v5,local.oob.memfunc.length-misuse.maxcover.v5,warning,low,"CWE-120,CWE-125,CWE-787",/mnt/WorkDrive/SAILR/dataset/55980/libxml2_55980_fix/relaxng.c,6782,5,6782,11,High-coverage OOB risk: length/count may be unbounded for memset().,,6777,6787,"        (xmlRelaxNGParserCtxtPtr) xmlMalloc(sizeof(xmlRelaxNGParserCtxt));
    if (ret == NULL) {
        xmlRngPErrMemory(NULL, ""building parser\n"");
        return (NULL);
    }
    memset(ret, 0, sizeof(xmlRelaxNGParserCtxt));
    ret->URL = xmlStrdup((const xmlChar *) URL);
    ret->error = xmlGenericError;
    ret->userData = xmlGenericErrorContext;
    return (ret);
}"
local.oob.memfunc.length-misuse.maxcover.v5,local.oob.memfunc.length-misuse.maxcover.v5,warning,low,"CWE-120,CWE-125,CWE-787",/mnt/WorkDrive/SAILR/dataset/55980/libxml2_55980_fix/tree.c,9568,3,9568,9,High-coverage OOB risk: length/count may be unbounded for memset().,,9563,9573,"		clone = (xmlNodePtr) xmlMalloc(sizeof(xmlNode));
		if (clone == NULL) {
		    xmlTreeErrMemory(""xmlDOMWrapCloneNode(): allocating a node"");
		    goto internal_error;
		}
		memset(clone, 0, sizeof(xmlNode));
		/*
		* Set hierarchical links.
		*/
		if (resultClone != NULL) {
		    clone->parent = parentClone;"
local.oob.memfunc.length-misuse.maxcover.v5,local.oob.memfunc.length-misuse.maxcover.v5,warning,low,"CWE-120,CWE-125,CWE-787",/mnt/WorkDrive/SAILR/dataset/55980/libxml2_55980_fix/tree.c,9593,3,9593,9,High-coverage OOB risk: length/count may be unbounded for memset().,,9588,9598,"		clone = (xmlNodePtr) xmlRealloc(NULL, sizeof(xmlAttr));
		if (clone == NULL) {
		    xmlTreeErrMemory(""xmlDOMWrapCloneNode(): allocating an attr-node"");
		    goto internal_error;
		}
		memset(clone, 0, sizeof(xmlAttr));
		/*
		* Set hierarchical links.
		* TODO: Change this to add to the end of attributes.
		*/
		if (resultClone != NULL) {"
local.oob.memfunc.length-misuse.maxcover.v5,local.oob.memfunc.length-misuse.maxcover.v5,warning,low,"CWE-120,CWE-125,CWE-787",/mnt/WorkDrive/SAILR/dataset/55980/libxml2_55980_fix/tree.c,9675,4,9675,10,High-coverage OOB risk: length/count may be unbounded for memset().,,9670,9680,"			if (cloneNs == NULL) {
			    xmlTreeErrMemory(""xmlDOMWrapCloneNode(): ""
				""allocating namespace"");
			    return(-1);
			}
			memset(cloneNs, 0, sizeof(xmlNs));
			cloneNs->type = XML_LOCAL_NAMESPACE;

			if (ns->href != NULL)
			    cloneNs->href = xmlStrdup(ns->href);
			if (ns->prefix != NULL)"
local.oob.memfunc.length-misuse.maxcover.v5,local.oob.memfunc.length-misuse.maxcover.v5,warning,low,"CWE-120,CWE-125,CWE-787",/mnt/WorkDrive/SAILR/dataset/55980/libxml2_55980_fix/runtest.c,2111,5,2111,11,High-coverage OOB risk: length/count may be unbounded for memset().,,2106,2116,"     * processed as early as possible.
     */

    nb_tests++;

    memset(&bndSAX, 0, sizeof(bndSAX));
#ifdef LIBXML_HTML_ENABLED
    if (options & XML_PARSE_HTML) {
        xmlSAX2InitHtmlDefaultSAXHandler(&bndSAX);
        bndSAX.startElement = startElementBnd;
        bndSAX.endElement = endElementBnd;"
local.oob.memfunc.length-misuse.maxcover.v5,local.oob.memfunc.length-misuse.maxcover.v5,warning,low,"CWE-120,CWE-125,CWE-787",/mnt/WorkDrive/SAILR/dataset/55980/libxml2_55980_fix/valid.c,7074,5,7074,11,High-coverage OOB risk: length/count may be unbounded for memset().,,7069,7079,"        return(-1);

    if (names == NULL) return(-1);
    if (max <= 0) return(-1);

    memset(&vctxt, 0, sizeof (xmlValidCtxt));
    vctxt.error = xmlNoValidityErr;	/* this suppresses err/warn output */

    nb_valid_elements = 0;
    ref_node = prev ? prev : next;
    parent = ref_node->parent;"
local.oob.memfunc.length-misuse.maxcover.v5,local.oob.memfunc.length-misuse.maxcover.v5,warning,low,"CWE-120,CWE-125,CWE-787",/mnt/WorkDrive/SAILR/dataset/55980/libxml2_55980_fix/xmlcatalog.c,129,2,129,8,High-coverage OOB risk: length/count may be unbounded for memset().,,124,134,"	}

	/*
	 * Parse the argument string
	 */
	memset(arg, 0, sizeof(arg));
	while ((*cur == ' ') || (*cur == '\t')) cur++;
	i = 0;
	while ((*cur != '\n') && (*cur != '\r') && (*cur != 0)) {
	    if (*cur == 0)
		break;"
local.oob.memfunc.length-misuse.maxcover.v5,local.oob.memfunc.length-misuse.maxcover.v5,warning,low,"CWE-120,CWE-125,CWE-787",/mnt/WorkDrive/SAILR/dataset/55980/libxml2_55980_fix/xmlcatalog.c,145,2,145,8,High-coverage OOB risk: length/count may be unbounded for memset().,,140,150,"	 * Parse the arguments
	 */
	i = 0;
	nbargs = 0;
	cur = arg;
	memset(argv, 0, sizeof(argv));
	while (*cur != 0) {
	    while ((*cur == ' ') || (*cur == '\t')) cur++;
	    if (*cur == '\'') {
		cur++;
		argv[i] = cur;"
local.oob.memfunc.length-misuse.maxcover.v5,local.oob.memfunc.length-misuse.maxcover.v5,warning,low,"CWE-120,CWE-125,CWE-787",/mnt/WorkDrive/SAILR/dataset/55980/libxml2_55980_fix/xmlcatalog.c,81,10,81,15,High-coverage OOB risk: length/count may be unbounded for fgets().,,76,86,"    int len;

    if (prompt != NULL)
	fprintf(stdout, ""%s"", prompt);
    fflush(stdout);
    if (!fgets(line_read, 500, stdin))
        return(NULL);
    line_read[500] = 0;
    len = strlen(line_read);
    ret = (char *) malloc(len + 1);
    if (ret != NULL) {"
local.oob.memfunc.length-misuse.maxcover.v5,local.oob.memfunc.length-misuse.maxcover.v5,warning,low,"CWE-120,CWE-125,CWE-787",/mnt/WorkDrive/SAILR/dataset/55980/libxml2_55980_fix/xmlcatalog.c,87,2,87,8,High-coverage OOB risk: length/count may be unbounded for memcpy().,,82,92,"        return(NULL);
    line_read[500] = 0;
    len = strlen(line_read);
    ret = (char *) malloc(len + 1);
    if (ret != NULL) {
	memcpy (ret, line_read, len + 1);
    }
    return(ret);
#endif
}
"
local.oob.memfunc.length-misuse.maxcover.v5,local.oob.memfunc.length-misuse.maxcover.v5,warning,low,"CWE-120,CWE-125,CWE-787",/mnt/WorkDrive/SAILR/dataset/55980/libxml2_55980_fix/runtest.c,1759,9,1759,15,High-coverage OOB risk: length/count may be unbounded for memcpy().,,1754,1764,"	ret = 0;
    } else
#endif
    {
        xmlParserCtxtPtr ctxt = xmlCreateFileParserCtxt(filename);
        memcpy(ctxt->sax, emptySAXHandler, sizeof(xmlSAXHandler));
        xmlCtxtUseOptions(ctxt, options);
        xmlParseDocument(ctxt);
        ret = ctxt->wellFormed ? 0 : ctxt->errNo;
        xmlFreeDoc(ctxt->myDoc);
        xmlFreeParserCtxt(ctxt);"
local.oob.memfunc.length-misuse.maxcover.v5,local.oob.memfunc.length-misuse.maxcover.v5,warning,low,"CWE-120,CWE-125,CWE-787",/mnt/WorkDrive/SAILR/dataset/55980/libxml2_55980_fix/runtest.c,1788,13,1788,19,High-coverage OOB risk: length/count may be unbounded for memcpy().,,1783,1793,"    } else
#endif
    {
        xmlParserCtxtPtr ctxt = xmlCreateFileParserCtxt(filename);
        if (options & XML_PARSE_SAX1) {
            memcpy(ctxt->sax, debugSAXHandler, sizeof(xmlSAXHandler));
            options -= XML_PARSE_SAX1;
        } else {
            memcpy(ctxt->sax, debugSAX2Handler, sizeof(xmlSAXHandler));
        }
        xmlCtxtUseOptions(ctxt, options);"
local.oob.memfunc.length-misuse.maxcover.v5,local.oob.memfunc.length-misuse.maxcover.v5,warning,low,"CWE-120,CWE-125,CWE-787",/mnt/WorkDrive/SAILR/dataset/55980/libxml2_55980_fix/runtest.c,1791,13,1791,19,High-coverage OOB risk: length/count may be unbounded for memcpy().,,1786,1796,"        xmlParserCtxtPtr ctxt = xmlCreateFileParserCtxt(filename);
        if (options & XML_PARSE_SAX1) {
            memcpy(ctxt->sax, debugSAXHandler, sizeof(xmlSAXHandler));
            options -= XML_PARSE_SAX1;
        } else {
            memcpy(ctxt->sax, debugSAX2Handler, sizeof(xmlSAXHandler));
        }
        xmlCtxtUseOptions(ctxt, options);
        xmlParseDocument(ctxt);
        ret = ctxt->wellFormed ? 0 : ctxt->errNo;
        xmlFreeDoc(ctxt->myDoc);"
local.oob.memfunc.length-misuse.maxcover.v5,local.oob.memfunc.length-misuse.maxcover.v5,warning,low,"CWE-120,CWE-125,CWE-787",/mnt/WorkDrive/SAILR/dataset/55980/libxml2_55980_fix/uri.c,1036,5,1036,11,High-coverage OOB risk: length/count may be unbounded for memset().,,1031,1041,"    ret = (xmlURIPtr) xmlMalloc(sizeof(xmlURI));
    if (ret == NULL) {
        xmlURIErrMemory(""creating URI structure\n"");
	return(NULL);
    }
    memset(ret, 0, sizeof(xmlURI));
    ret->port = PORT_EMPTY;
    return(ret);
}

/**"
local.oob.memfunc.length-misuse.maxcover.v5,local.oob.memfunc.length-misuse.maxcover.v5,warning,low,"CWE-120,CWE-125,CWE-787",/mnt/WorkDrive/SAILR/dataset/55980/libxml2_55980_fix/xmlmemory.c,450,5,450,11,High-coverage OOB risk: length/count may be unbounded for memset().,,445,455,"        Mem_Tag_Err(p);
        goto error;
    }
    if (xmlMemStopAtBlock == p->mh_number) xmlMallocBreakpoint();
    p->mh_tag = ~MEMTAG;
    memset(target, -1, p->mh_size);
    xmlMutexLock(&xmlMemMutex);
    debugMemSize -= p->mh_size;
    debugMemBlocks--;
#ifdef DEBUG_MEMORY
    size = p->mh_size;"
local.oob.memfunc.length-misuse.maxcover.v5,local.oob.memfunc.length-misuse.maxcover.v5,warning,low,"CWE-120,CWE-125,CWE-787",/mnt/WorkDrive/SAILR/dataset/55980/libxml2_55980_fix/python/libxml.c,3545,5,3545,11,High-coverage OOB risk: length/count may be unbounded for memset().,,3540,3550,"    if (strings == NULL) {
        PyErr_SetString(PyExc_MemoryError, """");
        return -1;
    }

    memset(strings, 0 , sizeof(xmlChar *) * count);

    {
        int idx;
        for (idx=0; idx < count; ++idx) {
            char* s = PyBytes_AsString"
local.oob.memfunc.length-misuse.maxcover.v5,local.oob.memfunc.length-misuse.maxcover.v5,warning,low,"CWE-120,CWE-125,CWE-787",/mnt/WorkDrive/SAILR/dataset/55980/libxml2_55980_fix/python/libxml.c,3491,5,3491,11,High-coverage OOB risk: length/count may be unbounded for memset().,,3486,3496,"    if (nodeSet->nodeTab == NULL) {
        xmlFree(nodeSet);
        PyErr_SetString(PyExc_MemoryError, """");
        return -1;
    }
    memset(nodeSet->nodeTab, 0 ,
           nodeSet->nodeMax * sizeof(xmlNodePtr));

    {
        int idx;
        for (idx=0; idx < nodeSet->nodeMax; ++idx) {"
local.oob.memfunc.length-misuse.maxcover.v5,local.oob.memfunc.length-misuse.maxcover.v5,warning,low,"CWE-120,CWE-125,CWE-787",/mnt/WorkDrive/SAILR/dataset/55980/libxml2_55980_fix/xmlmodule.c,90,5,90,11,High-coverage OOB risk: length/count may be unbounded for memset().,,85,95,"    if (module == NULL) {
        xmlModuleErrMemory(NULL, ""creating module"");
        return (NULL);
    }

    memset(module, 0, sizeof(xmlModule));

    module->handle = xmlModulePlatformOpen(name);

    if (module->handle == NULL) {
        xmlFree(module);"
local.oob.memfunc.length-misuse.maxcover.v5,local.oob.memfunc.length-misuse.maxcover.v5,warning,low,"CWE-120,CWE-125,CWE-787",/mnt/WorkDrive/SAILR/dataset/55980/libxml2_55980_fix/runtest.c,768,19,768,23,High-coverage OOB risk: length/count may be unbounded for read().,,763,773,"	return(-1);
    if ((fd = open(filename, RD_FLAGS)) < 0) {
        free(base);
	return(-1);
    }
    while ((res = read(fd, &base[siz], info.st_size - siz)) > 0) {
        siz += res;
    }
    close(fd);
#if !defined(_WIN32)
    if (siz != info.st_size) {"
local.oob.memfunc.length-misuse.maxcover.v5,local.oob.memfunc.length-misuse.maxcover.v5,warning,low,"CWE-120,CWE-125,CWE-787",/mnt/WorkDrive/SAILR/dataset/55980/libxml2_55980_fix/xinclude.c,318,5,318,11,High-coverage OOB risk: length/count may be unbounded for memset().,,313,323,"    if (ret == NULL) {
	xmlXIncludeErrMemory(NULL, (xmlNodePtr) doc,
	                     ""creating XInclude context"");
	return(NULL);
    }
    memset(ret, 0, sizeof(xmlXIncludeCtxt));
    ret->doc = doc;
    ret->incNr = 0;
    ret->incMax = 0;
    ret->incTab = NULL;
    ret->nbErrors = 0;"
local.oob.memfunc.length-misuse.maxcover.v5,local.oob.memfunc.length-misuse.maxcover.v5,warning,low,"CWE-120,CWE-125,CWE-787",/mnt/WorkDrive/SAILR/dataset/55980/libxml2_55980_fix/xinclude.c,258,5,258,11,High-coverage OOB risk: length/count may be unbounded for memset().,,253,263,"    ret = (xmlXIncludeRefPtr) xmlMalloc(sizeof(xmlXIncludeRef));
    if (ret == NULL) {
        xmlXIncludeErrMemory(ctxt, elem, ""growing XInclude context"");
	return(NULL);
    }
    memset(ret, 0, sizeof(xmlXIncludeRef));
    if (URI == NULL)
	ret->URI = NULL;
    else
	ret->URI = xmlStrdup(URI);
    ret->fragment = NULL;"
local.oob.memfunc.length-misuse.maxcover.v5,local.oob.memfunc.length-misuse.maxcover.v5,warning,low,"CWE-120,CWE-125,CWE-787",/mnt/WorkDrive/SAILR/dataset/55980/libxml2_55980_fix/python/libxml.c,3393,3,3393,9,High-coverage OOB risk: length/count may be unbounded for memset().,,3388,3398,"		pyCtxt = xmlMalloc(sizeof(xmlSchemaValidCtxtPyCtxt));
		if (pyCtxt == NULL) {
			py_retval = libxml_intWrap(-1);
			return(py_retval);
		}
		memset(pyCtxt, 0, sizeof(xmlSchemaValidCtxtPyCtxt));
	}

	/* TODO: check warn and error is a function ! */
	Py_XDECREF(pyCtxt->error);
	Py_XINCREF(pyobj_error);"
local.oob.memfunc.length-misuse.maxcover.v5,local.oob.memfunc.length-misuse.maxcover.v5,warning,low,"CWE-120,CWE-125,CWE-787",/mnt/WorkDrive/SAILR/dataset/55980/libxml2_55980_fix/tree.c,8117,5,8117,11,High-coverage OOB risk: length/count may be unbounded for memset().,,8112,8122,"    ret = xmlMalloc(sizeof(xmlDOMWrapCtxt));
    if (ret == NULL) {
	xmlTreeErrMemory(""allocating DOM-wrapper context"");
	return (NULL);
    }
    memset(ret, 0, sizeof(xmlDOMWrapCtxt));
    return (ret);
}

/*
* xmlDOMWrapFreeCtxt:"
local.oob.memfunc.length-misuse.maxcover.v5,local.oob.memfunc.length-misuse.maxcover.v5,warning,low,"CWE-120,CWE-125,CWE-787",/mnt/WorkDrive/SAILR/dataset/55980/libxml2_55980_fix/runtest.c,731,15,731,19,High-coverage OOB risk: length/count may be unbounded for read().,,726,736,"    if (fd < 0) {
	fprintf(stderr, ""failed to open %s for reading"", filename);
        return(-1);
    }
    while (idx < size) {
        res = read(fd, bytes, 4096);
	if (res <= 0)
	    break;
	if (res + idx > size)
	    break;
	if (memcmp(bytes, &mem[idx], res) != 0) {"
local.oob.memfunc.length-misuse.maxcover.v5,local.oob.memfunc.length-misuse.maxcover.v5,warning,low,"CWE-120,CWE-125,CWE-787",/mnt/WorkDrive/SAILR/dataset/55980/libxml2_55980_fix/runtest.c,736,6,736,12,High-coverage OOB risk: length/count may be unbounded for memcmp().,,731,741,"        res = read(fd, bytes, 4096);
	if (res <= 0)
	    break;
	if (res + idx > size)
	    break;
	if (memcmp(bytes, &mem[idx], res) != 0) {
	    int ix;
	    for (ix=0; ix<res; ix++)
		if (bytes[ix] != mem[idx+ix])
			break;
	    fprintf(stderr,""Compare error at position %d\n"", idx+ix);"
local.oob.memfunc.length-misuse.maxcover.v5,local.oob.memfunc.length-misuse.maxcover.v5,warning,low,"CWE-120,CWE-125,CWE-787",/mnt/WorkDrive/SAILR/dataset/55980/libxml2_55980_fix/tree.c,8002,2,8002,8,High-coverage OOB risk: length/count may be unbounded for memset().,,7997,8007,"	map = (xmlNsMapPtr) xmlMalloc(sizeof(struct xmlNsMap));
	if (map == NULL) {
	    xmlTreeErrMemory(""allocating namespace map"");
	    return (NULL);
	}
	memset(map, 0, sizeof(struct xmlNsMap));
	*nsmap = map;
    }

    if (map->pool != NULL) {
	/*"
local.oob.memfunc.length-misuse.maxcover.v5,local.oob.memfunc.length-misuse.maxcover.v5,warning,low,"CWE-120,CWE-125,CWE-787",/mnt/WorkDrive/SAILR/dataset/55980/libxml2_55980_fix/runtest.c,649,20,649,24,High-coverage OOB risk: length/count may be unbounded for read().,,644,654,"            close(fd1);
            return(-1);
        }
        total = 0;
        do {
            res1 = read(fd1, bytes1, 4096);
            if (res1 <= 0)
                break;
            total += res1;
            res2 = write(fd2, bytes1, res1);
            if (res2 <= 0 || res2 != res1)"
local.oob.memfunc.length-misuse.maxcover.v5,local.oob.memfunc.length-misuse.maxcover.v5,warning,low,"CWE-120,CWE-125,CWE-787",/mnt/WorkDrive/SAILR/dataset/55980/libxml2_55980_fix/tree.c,8012,2,8012,8,High-coverage OOB risk: length/count may be unbounded for memset().,,8007,8017,"	/*
	* Reuse an item from the pool.
	*/
	ret = map->pool;
	map->pool = ret->next;
	memset(ret, 0, sizeof(struct xmlNsMapItem));
    } else {
	/*
	* Create a new item.
	*/
	ret = (xmlNsMapItemPtr) xmlMalloc(sizeof(struct xmlNsMapItem));"
local.oob.memfunc.length-misuse.maxcover.v5,local.oob.memfunc.length-misuse.maxcover.v5,warning,low,"CWE-120,CWE-125,CWE-787",/mnt/WorkDrive/SAILR/dataset/55980/libxml2_55980_fix/tree.c,8022,2,8022,8,High-coverage OOB risk: length/count may be unbounded for memset().,,8017,8027,"	ret = (xmlNsMapItemPtr) xmlMalloc(sizeof(struct xmlNsMapItem));
	if (ret == NULL) {
	    xmlTreeErrMemory(""allocating namespace map item"");
	    return (NULL);
	}
	memset(ret, 0, sizeof(struct xmlNsMapItem));
    }

    if (map->first == NULL) {
	/*
	* First ever."
local.oob.memfunc.length-misuse.maxcover.v5,local.oob.memfunc.length-misuse.maxcover.v5,warning,low,"CWE-120,CWE-125,CWE-787",/mnt/WorkDrive/SAILR/dataset/55980/libxml2_55980_fix/runtest.c,669,16,669,20,High-coverage OOB risk: length/count may be unbounded for read().,,664,674,"    fd1 = open(r1, RD_FLAGS);
    if (fd1 < 0)
        return(-1);
    fd2 = open(r2, RD_FLAGS);
    while (1) {
        res1 = read(fd1, bytes1, 4096);
        res2 = fd2 >= 0 ? read(fd2, bytes2, 4096) : 0;
	if ((res1 != res2) || (res1 < 0)) {
	    close(fd1);
            if (fd2 >= 0)
                close(fd2);"
local.oob.memfunc.length-misuse.maxcover.v5,local.oob.memfunc.length-misuse.maxcover.v5,warning,low,"CWE-120,CWE-125,CWE-787",/mnt/WorkDrive/SAILR/dataset/55980/libxml2_55980_fix/runtest.c,670,27,670,31,High-coverage OOB risk: length/count may be unbounded for read().,,665,675,"    if (fd1 < 0)
        return(-1);
    fd2 = open(r2, RD_FLAGS);
    while (1) {
        res1 = read(fd1, bytes1, 4096);
        res2 = fd2 >= 0 ? read(fd2, bytes2, 4096) : 0;
	if ((res1 != res2) || (res1 < 0)) {
	    close(fd1);
            if (fd2 >= 0)
                close(fd2);
	    return(1);"
local.oob.memfunc.length-misuse.maxcover.v5,local.oob.memfunc.length-misuse.maxcover.v5,warning,low,"CWE-120,CWE-125,CWE-787",/mnt/WorkDrive/SAILR/dataset/55980/libxml2_55980_fix/runtest.c,679,6,679,12,High-coverage OOB risk: length/count may be unbounded for memcmp().,,674,684,"                close(fd2);
	    return(1);
	}
	if (res1 == 0)
	    break;
	if (memcmp(bytes1, bytes2, res1) != 0) {
	    close(fd1);
            if (fd2 >= 0)
                close(fd2);
	    return(1);
	}"
local.oob.memfunc.length-misuse.maxcover.v5,local.oob.memfunc.length-misuse.maxcover.v5,warning,low,"CWE-120,CWE-125,CWE-787",/mnt/WorkDrive/SAILR/dataset/55980/libxml2_55980_fix/runtest.c,604,5,604,12,High-coverage OOB risk: length/count may be unbounded for strncpy().,,599,609,"    if (suffix == NULL)
        suffix = "".tmp"";
    if (out == NULL)
        out = """";

    strncpy(suffixbuff,suffix,499);
#ifdef VMS
    if(strstr(base,""."") && suffixbuff[0]=='.')
      suffixbuff[0]='_';
#endif
"
local.oob.memfunc.length-misuse.maxcover.v5,local.oob.memfunc.length-misuse.maxcover.v5,warning,low,"CWE-120,CWE-125,CWE-787",/mnt/WorkDrive/SAILR/dataset/55980/libxml2_55980_fix/python/libxml.c,3229,9,3229,15,High-coverage OOB risk: length/count may be unbounded for memset().,,3224,3234,"        pyCtxt = xmlMalloc(sizeof(xmlRelaxNGValidCtxtPyCtxt));
        if (pyCtxt == NULL) {
            py_retval = libxml_intWrap(-1);
            return(py_retval);
        }
        memset(pyCtxt, 0, sizeof(xmlRelaxNGValidCtxtPyCtxt));
    }
    
    /* TODO: check warn and error is a function ! */
    Py_XDECREF(pyCtxt->error);
    Py_XINCREF(pyobj_error);"
local.oob.memfunc.length-misuse.maxcover.v5,local.oob.memfunc.length-misuse.maxcover.v5,warning,low,"CWE-120,CWE-125,CWE-787",/mnt/WorkDrive/SAILR/dataset/55980/libxml2_55980_fix/tree.c,7704,13,7704,20,High-coverage OOB risk: length/count may be unbounded for memmove().,,7699,7709,"	if (start_buf > (unsigned int) len) {
	    /*
	     * We can add it in the space previously shrunk
	     */
	    buf->content -= len;
            memmove(&buf->content[0], str, len);
	    buf->use += len;
	    buf->size += len;
            buf->content[buf->use] = 0;
	    return(0);
	}"
local.oob.memfunc.length-misuse.maxcover.v5,local.oob.memfunc.length-misuse.maxcover.v5,warning,low,"CWE-120,CWE-125,CWE-787",/mnt/WorkDrive/SAILR/dataset/55980/libxml2_55980_fix/tree.c,7724,5,7724,12,High-coverage OOB risk: length/count may be unbounded for memmove().,,7719,7729,"	    xmlTreeErrMemory(""growing buffer"");
            return XML_ERR_NO_MEMORY;
        }
    }

    memmove(&buf->content[len], &buf->content[0], buf->use);
    memmove(&buf->content[0], str, len);
    buf->use += len;
    buf->content[buf->use] = 0;
    return 0;
}"
local.oob.memfunc.length-misuse.maxcover.v5,local.oob.memfunc.length-misuse.maxcover.v5,warning,low,"CWE-120,CWE-125,CWE-787",/mnt/WorkDrive/SAILR/dataset/55980/libxml2_55980_fix/tree.c,7725,5,7725,12,High-coverage OOB risk: length/count may be unbounded for memmove().,,7720,7730,"            return XML_ERR_NO_MEMORY;
        }
    }

    memmove(&buf->content[len], &buf->content[0], buf->use);
    memmove(&buf->content[0], str, len);
    buf->use += len;
    buf->content[buf->use] = 0;
    return 0;
}
"
local.oob.memfunc.length-misuse.maxcover.v5,local.oob.memfunc.length-misuse.maxcover.v5,warning,low,"CWE-120,CWE-125,CWE-787",/mnt/WorkDrive/SAILR/dataset/55980/libxml2_55980_fix/tree.c,7651,5,7651,12,High-coverage OOB risk: length/count may be unbounded for memmove().,,7646,7656,"	    xmlTreeErrMemory(""growing buffer"");
            return XML_ERR_NO_MEMORY;
        }
    }

    memmove(&buf->content[buf->use], str, len);
    buf->use += len;
    buf->content[buf->use] = 0;
    return 0;
}
"
local.oob.memfunc.length-misuse.maxcover.v5,local.oob.memfunc.length-misuse.maxcover.v5,warning,low,"CWE-120,CWE-125,CWE-787",/mnt/WorkDrive/SAILR/dataset/55980/libxml2_55980_fix/tree.c,7560,6,7560,13,High-coverage OOB risk: length/count may be unbounded for memmove().,,7555,7565,"    if ((buf->alloc == XML_BUFFER_ALLOC_IO) && (buf->contentIO != NULL)) {
        start_buf = buf->content - buf->contentIO;

        if (start_buf > newSize) {
	    /* move data back to start */
	    memmove(buf->contentIO, buf->content, buf->use);
	    buf->content = buf->contentIO;
	    buf->content[buf->use] = 0;
	    buf->size += start_buf;
	} else {
	    rebuf = (xmlChar *) xmlRealloc(buf->contentIO, start_buf + newSize);"
local.oob.memfunc.length-misuse.maxcover.v5,local.oob.memfunc.length-misuse.maxcover.v5,warning,low,"CWE-120,CWE-125,CWE-787",/mnt/WorkDrive/SAILR/dataset/55980/libxml2_55980_fix/tree.c,7588,3,7588,9,High-coverage OOB risk: length/count may be unbounded for memcpy().,,7583,7593,"	     * better to make a new allocation and copy only the used range
	     * and free the old one.
	     */
	    rebuf = (xmlChar *) xmlMallocAtomic(newSize);
	    if (rebuf != NULL) {
		memcpy(rebuf, buf->content, buf->use);
		xmlFree(buf->content);
		rebuf[buf->use] = 0;
	    }
	}
	if (rebuf == NULL) {"
local.oob.memfunc.length-misuse.maxcover.v5,local.oob.memfunc.length-misuse.maxcover.v5,warning,low,"CWE-120,CWE-125,CWE-787",/mnt/WorkDrive/SAILR/dataset/55980/libxml2_55980_fix/runtest.c,345,5,345,11,High-coverage OOB risk: length/count may be unbounded for memcpy().,,340,350,"        if ((c < 0) || (n + len > sizeof(content)-1))
            break;
        cur += len;
	n += len;
    }
    memcpy(content, start, n);
    content[n] = 0;
    /* print out the selected text */
    chanl(data ,""%s\n"", content);
    /* create blank line with problem pointer */
    n = 0;"
local.oob.memfunc.length-misuse.maxcover.v5,local.oob.memfunc.length-misuse.maxcover.v5,warning,low,"CWE-120,CWE-125,CWE-787",/mnt/WorkDrive/SAILR/dataset/55980/libxml2_55980_fix/xmlsave.c,2630,5,2630,11,High-coverage OOB risk: length/count may be unbounded for memset().,,2625,2635,"    /*
     * save the content to a temp buffer.
     */
    buf = xmlOutputBufferCreateFilename(filename, handler, cur->compression);
    if (buf == NULL) return(-1);
    memset(&ctxt, 0, sizeof(ctxt));
    ctxt.buf = buf;
    ctxt.level = 0;
    ctxt.format = format ? 1 : 0;
    ctxt.encoding = (const xmlChar *) encoding;
    xmlSaveCtxtInit(&ctxt);"
local.oob.memfunc.length-misuse.maxcover.v5,local.oob.memfunc.length-misuse.maxcover.v5,warning,low,"CWE-120,CWE-125,CWE-787",/mnt/WorkDrive/SAILR/dataset/55980/libxml2_55980_fix/xmlsave.c,2576,5,2576,11,High-coverage OOB risk: length/count may be unbounded for memset().,,2571,2581,"        ((cur->type != XML_DOCUMENT_NODE) &&
	 (cur->type != XML_HTML_DOCUMENT_NODE))) {
        xmlOutputBufferClose(buf);
	return(-1);
    }
    memset(&ctxt, 0, sizeof(ctxt));
    ctxt.buf = buf;
    ctxt.level = 0;
    ctxt.format = format ? 1 : 0;
    ctxt.encoding = (const xmlChar *) encoding;
    xmlSaveCtxtInit(&ctxt);"
local.oob.memfunc.length-misuse.maxcover.v5,local.oob.memfunc.length-misuse.maxcover.v5,warning,low,"CWE-120,CWE-125,CWE-787",/mnt/WorkDrive/SAILR/dataset/55980/libxml2_55980_fix/tree.c,7354,3,7354,10,High-coverage OOB risk: length/count may be unbounded for memmove().,,7349,7359,"	 * on IO buffers
	 */
	if ((buf->alloc == XML_BUFFER_ALLOC_IO) && (buf->contentIO != NULL)) {
	    size_t start_buf = buf->content - buf->contentIO;
	    if (start_buf >= buf->size) {
		memmove(buf->contentIO, &buf->content[0], buf->use);
		buf->content = buf->contentIO;
		buf->content[buf->use] = 0;
		buf->size += start_buf;
	    }
	}"
local.oob.memfunc.length-misuse.maxcover.v5,local.oob.memfunc.length-misuse.maxcover.v5,warning,low,"CWE-120,CWE-125,CWE-787",/mnt/WorkDrive/SAILR/dataset/55980/libxml2_55980_fix/tree.c,7361,2,7361,9,High-coverage OOB risk: length/count may be unbounded for memmove().,,7356,7366,"		buf->content[buf->use] = 0;
		buf->size += start_buf;
	    }
	}
    } else {
	memmove(buf->content, &buf->content[len], buf->use);
	buf->content[buf->use] = 0;
    }
    return(len);
}
"
local.oob.memfunc.length-misuse.maxcover.v5,local.oob.memfunc.length-misuse.maxcover.v5,warning,low,"CWE-120,CWE-125,CWE-787",/mnt/WorkDrive/SAILR/dataset/55980/libxml2_55980_fix/xmlsave.c,2537,5,2537,11,High-coverage OOB risk: length/count may be unbounded for memset().,,2532,2542,"    if (buf == NULL) return(-1);
    if (cur == NULL) {
        xmlOutputBufferClose(buf);
	return(-1);
    }
    memset(&ctxt, 0, sizeof(ctxt));
    ctxt.buf = buf;
    ctxt.level = 0;
    ctxt.format = 0;
    ctxt.encoding = (const xmlChar *) encoding;
    xmlSaveCtxtInit(&ctxt);"
local.oob.memfunc.length-misuse.maxcover.v5,local.oob.memfunc.length-misuse.maxcover.v5,warning,low,"CWE-120,CWE-125,CWE-787",/mnt/WorkDrive/SAILR/dataset/55980/libxml2_55980_fix/xmlsave.c,2488,5,2488,11,High-coverage OOB risk: length/count may be unbounded for memset().,,2483,2493,"	    encoding = NULL;
	}
    }
    buf = xmlOutputBufferCreateFile(f, handler);
    if (buf == NULL) return(-1);
    memset(&ctxt, 0, sizeof(ctxt));
    ctxt.buf = buf;
    ctxt.level = 0;
    ctxt.format = format ? 1 : 0;
    ctxt.encoding = (const xmlChar *) encoding;
    xmlSaveCtxtInit(&ctxt);"
local.oob.memfunc.length-misuse.maxcover.v5,local.oob.memfunc.length-misuse.maxcover.v5,warning,low,"CWE-120,CWE-125,CWE-787",/mnt/WorkDrive/SAILR/dataset/55980/libxml2_55980_fix/xmlsave.c,2370,5,2370,11,High-coverage OOB risk: length/count may be unbounded for memset().,,2365,2375,"        xmlSaveErrMemory(""creating buffer"");
        xmlCharEncCloseFunc(conv_hdlr);
        return;
    }

    memset(&ctxt, 0, sizeof(ctxt));
    ctxt.buf = out_buff;
    ctxt.level = 0;
    ctxt.format = format ? 1 : 0;
    ctxt.encoding = (const xmlChar *) txt_encoding;
    xmlSaveCtxtInit(&ctxt);"
local.oob.memfunc.length-misuse.maxcover.v5,local.oob.memfunc.length-misuse.maxcover.v5,warning,low,"CWE-120,CWE-125,CWE-787",/mnt/WorkDrive/SAILR/dataset/55980/libxml2_55980_fix/relaxng.c,4404,5,4404,11,High-coverage OOB risk: length/count may be unbounded for memset().,,4399,4409,"     */
    partitions = (xmlRelaxNGPartitionPtr)
        xmlMalloc(sizeof(xmlRelaxNGPartition));
    if (partitions == NULL)
        goto error;
    memset(partitions, 0, sizeof(xmlRelaxNGPartition));
    partitions->nbgroups = nbgroups;
    partitions->triage = xmlHashCreate(nbgroups);
    for (i = 0; i < nbgroups; i++) {
        group = groups[i];
        for (j = i + 1; j < nbgroups; j++) {"
local.oob.memfunc.length-misuse.maxcover.v5,local.oob.memfunc.length-misuse.maxcover.v5,warning,low,"CWE-120,CWE-125,CWE-787",/mnt/WorkDrive/SAILR/dataset/55980/libxml2_55980_fix/xmlsave.c,2284,5,2284,11,High-coverage OOB risk: length/count may be unbounded for memset().,,2279,2289,"    if ((buf == NULL) || (cur == NULL)) return;

    if (encoding == NULL)
        encoding = ""UTF-8"";

    memset(&ctxt, 0, sizeof(ctxt));
    ctxt.buf = buf;
    ctxt.level = level;
    ctxt.format = format ? 1 : 0;
    ctxt.encoding = (const xmlChar *) encoding;
    xmlSaveCtxtInit(&ctxt);"
local.oob.memfunc.length-misuse.maxcover.v5,local.oob.memfunc.length-misuse.maxcover.v5,warning,low,"CWE-120,CWE-125,CWE-787",/mnt/WorkDrive/SAILR/dataset/55980/libxml2_55980_fix/xmlreader.c,5281,5,5281,11,High-coverage OOB risk: length/count may be unbounded for memset().,,5276,5286,"    if (ret == NULL) {
        xmlGenericError(xmlGenericErrorContext,
		""xmlNewTextReader : malloc failed\n"");
	return(NULL);
    }
    memset(ret, 0, sizeof(xmlTextReader));
    ret->entNr = 0;
    ret->input = NULL;
    ret->mode = XML_TEXTREADER_MODE_INITIAL;
    ret->node = NULL;
    ret->curnode = NULL;"
local.oob.memfunc.length-misuse.maxcover.v5,local.oob.memfunc.length-misuse.maxcover.v5,warning,low,"CWE-120,CWE-125,CWE-787",/mnt/WorkDrive/SAILR/dataset/55980/libxml2_55980_fix/xmlsave.c,2187,5,2187,11,High-coverage OOB risk: length/count may be unbounded for memset().,,2182,2192,"    outbuf = (xmlOutputBufferPtr) xmlMalloc(sizeof(xmlOutputBuffer));
    if (outbuf == NULL) {
        xmlSaveErrMemory(""creating buffer"");
        return (-1);
    }
    memset(outbuf, 0, (size_t) sizeof(xmlOutputBuffer));
    outbuf->buffer = buf;
    outbuf->encoder = NULL;
    outbuf->writecallback = NULL;
    outbuf->closecallback = NULL;
    outbuf->context = NULL;"
local.oob.memfunc.length-misuse.maxcover.v5,local.oob.memfunc.length-misuse.maxcover.v5,warning,low,"CWE-120,CWE-125,CWE-787",/mnt/WorkDrive/SAILR/dataset/55980/libxml2_55980_fix/xmlregexp.c,6237,2,6237,8,High-coverage OOB risk: length/count may be unbounded for memcpy().,,6232,6242,"	lenp = strlen((char *) token);

	str = (xmlChar *) xmlMallocAtomic(lenn + lenp + 2);
	if (str == NULL)
	    goto error;
	memcpy(&str[0], token, lenp);
	str[lenp] = '|';
	memcpy(&str[lenp + 1], token2, lenn);
	str[lenn + lenp + 1] = 0;

	atom->valuep = str;"
local.oob.memfunc.length-misuse.maxcover.v5,local.oob.memfunc.length-misuse.maxcover.v5,warning,low,"CWE-120,CWE-125,CWE-787",/mnt/WorkDrive/SAILR/dataset/55980/libxml2_55980_fix/xmlregexp.c,6239,2,6239,8,High-coverage OOB risk: length/count may be unbounded for memcpy().,,6234,6244,"	str = (xmlChar *) xmlMallocAtomic(lenn + lenp + 2);
	if (str == NULL)
	    goto error;
	memcpy(&str[0], token, lenp);
	str[lenp] = '|';
	memcpy(&str[lenp + 1], token2, lenn);
	str[lenn + lenp + 1] = 0;

	atom->valuep = str;
    }
    atom->data = data;"
local.oob.memfunc.length-misuse.maxcover.v5,local.oob.memfunc.length-misuse.maxcover.v5,warning,low,"CWE-120,CWE-125,CWE-787",/mnt/WorkDrive/SAILR/dataset/55980/libxml2_55980_fix/xmlregexp.c,6064,2,6064,8,High-coverage OOB risk: length/count may be unbounded for memcpy().,,6059,6069,"	lenp = strlen((char *) token);

	str = (xmlChar *) xmlMallocAtomic(lenn + lenp + 2);
	if (str == NULL)
	    goto error;
	memcpy(&str[0], token, lenp);
	str[lenp] = '|';
	memcpy(&str[lenp + 1], token2, lenn);
	str[lenn + lenp + 1] = 0;

	atom->valuep = str;"
local.oob.memfunc.length-misuse.maxcover.v5,local.oob.memfunc.length-misuse.maxcover.v5,warning,low,"CWE-120,CWE-125,CWE-787",/mnt/WorkDrive/SAILR/dataset/55980/libxml2_55980_fix/xmlregexp.c,6066,2,6066,8,High-coverage OOB risk: length/count may be unbounded for memcpy().,,6061,6071,"	str = (xmlChar *) xmlMallocAtomic(lenn + lenp + 2);
	if (str == NULL)
	    goto error;
	memcpy(&str[0], token, lenp);
	str[lenp] = '|';
	memcpy(&str[lenp + 1], token2, lenn);
	str[lenn + lenp + 1] = 0;

	atom->valuep = str;
    }
    atom->data = data;"
local.oob.memfunc.length-misuse.maxcover.v5,local.oob.memfunc.length-misuse.maxcover.v5,warning,low,"CWE-120,CWE-125,CWE-787",/mnt/WorkDrive/SAILR/dataset/55980/libxml2_55980_fix/relaxng.c,3808,5,3808,11,High-coverage OOB risk: length/count may be unbounded for memset().,,3803,3813,"    int ret = 1;
    xmlNode node;
    xmlNs ns;
    xmlRelaxNGValidCtxt ctxt;

    memset(&ctxt, 0, sizeof(xmlRelaxNGValidCtxt));

    ctxt.flags = FLAGS_IGNORABLE | FLAGS_NOERROR;

    if ((def1->type == XML_RELAXNG_ELEMENT) ||
        (def1->type == XML_RELAXNG_ATTRIBUTE)) {"
local.oob.memfunc.length-misuse.maxcover.v5,local.oob.memfunc.length-misuse.maxcover.v5,warning,low,"CWE-120,CWE-125,CWE-787",/mnt/WorkDrive/SAILR/dataset/55980/libxml2_55980_fix/xmlregexp.c,5994,2,5994,8,High-coverage OOB risk: length/count may be unbounded for memcpy().,,5989,5999,"	str = (xmlChar *) xmlMallocAtomic(lenn + lenp + 2);
	if (str == NULL) {
	    xmlRegFreeAtom(atom);
	    return(NULL);
	}
	memcpy(&str[0], token, lenp);
	str[lenp] = '|';
	memcpy(&str[lenp + 1], token2, lenn);
	str[lenn + lenp + 1] = 0;

	atom->valuep = str;"
local.oob.memfunc.length-misuse.maxcover.v5,local.oob.memfunc.length-misuse.maxcover.v5,warning,low,"CWE-120,CWE-125,CWE-787",/mnt/WorkDrive/SAILR/dataset/55980/libxml2_55980_fix/xmlregexp.c,5996,2,5996,8,High-coverage OOB risk: length/count may be unbounded for memcpy().,,5991,6001,"	    xmlRegFreeAtom(atom);
	    return(NULL);
	}
	memcpy(&str[0], token, lenp);
	str[lenp] = '|';
	memcpy(&str[lenp + 1], token2, lenn);
	str[lenn + lenp + 1] = 0;

	atom->valuep = str;
    }
    snprintf((char *) err_msg, 199, ""not %s"", (const char *) atom->valuep);"
local.oob.memfunc.length-misuse.maxcover.v5,local.oob.memfunc.length-misuse.maxcover.v5,warning,low,"CWE-120,CWE-125,CWE-787",/mnt/WorkDrive/SAILR/dataset/55980/libxml2_55980_fix/xmlIO.c,3709,5,3709,12,High-coverage OOB risk: length/count may be unbounded for strncpy().,,3704,3714,"#   define IS_XMLPGD_SEP(ch) ((ch=='/')||(ch=='\\'))
#else
#   define IS_XMLPGD_SEP(ch) (ch=='/')
#endif

    strncpy(dir, filename, 1023);
    dir[1023] = 0;
    cur = &dir[strlen(dir)];
    while (cur > dir) {
         if (IS_XMLPGD_SEP(*cur)) break;
	 cur --;"
local.oob.memfunc.length-misuse.maxcover.v5,local.oob.memfunc.length-misuse.maxcover.v5,warning,low,"CWE-120,CWE-125,CWE-787",/mnt/WorkDrive/SAILR/dataset/55980/libxml2_55980_fix/python/libxml.c,1986,5,1986,11,High-coverage OOB risk: length/count may be unbounded for memset().,,1981,1991,"    pyCtxt = xmlMalloc(sizeof(xmlValidCtxtPyCtxt));
    if (pyCtxt == NULL) {
            py_retval = libxml_intWrap(-1);
            return(py_retval);
    }
    memset(pyCtxt, 0, sizeof(xmlValidCtxtPyCtxt));

    
    /* TODO: check warn and error is a function ! */
    Py_XDECREF(pyCtxt->error);
    Py_XINCREF(pyobj_error);"
local.oob.memfunc.length-misuse.maxcover.v5,local.oob.memfunc.length-misuse.maxcover.v5,warning,low,"CWE-120,CWE-125,CWE-787",/mnt/WorkDrive/SAILR/dataset/55980/libxml2_55980_fix/xmlregexp.c,5932,2,5932,8,High-coverage OOB risk: length/count may be unbounded for memcpy().,,5927,5937,"	str = (xmlChar *) xmlMallocAtomic(lenn + lenp + 2);
	if (str == NULL) {
	    xmlRegFreeAtom(atom);
	    return(NULL);
	}
	memcpy(&str[0], token, lenp);
	str[lenp] = '|';
	memcpy(&str[lenp + 1], token2, lenn);
	str[lenn + lenp + 1] = 0;

	atom->valuep = str;"
local.oob.memfunc.length-misuse.maxcover.v5,local.oob.memfunc.length-misuse.maxcover.v5,warning,low,"CWE-120,CWE-125,CWE-787",/mnt/WorkDrive/SAILR/dataset/55980/libxml2_55980_fix/xmlregexp.c,5934,2,5934,8,High-coverage OOB risk: length/count may be unbounded for memcpy().,,5929,5939,"	    xmlRegFreeAtom(atom);
	    return(NULL);
	}
	memcpy(&str[0], token, lenp);
	str[lenp] = '|';
	memcpy(&str[lenp + 1], token2, lenn);
	str[lenn + lenp + 1] = 0;

	atom->valuep = str;
    }
"
local.oob.memfunc.length-misuse.maxcover.v5,local.oob.memfunc.length-misuse.maxcover.v5,warning,low,"CWE-120,CWE-125,CWE-787",/mnt/WorkDrive/SAILR/dataset/55980/libxml2_55980_fix/xmlstring.c,878,5,878,11,High-coverage OOB risk: length/count may be unbounded for memcpy().,,873,883,"    i = xmlUTF8Strsize(utf, len);
    ret = (xmlChar *) xmlMallocAtomic((size_t) i + 1);
    if (ret == NULL) {
        return(NULL);
    }
    memcpy(ret, utf, i);
    ret[i] = 0;
    return(ret);
}

/**"
local.oob.memfunc.length-misuse.maxcover.v5,local.oob.memfunc.length-misuse.maxcover.v5,warning,low,"CWE-120,CWE-125,CWE-787",/mnt/WorkDrive/SAILR/dataset/55980/libxml2_55980_fix/xmlreader.c,4658,9,4658,24,High-coverage OOB risk: length/count may be unbounded for memcpy().,,4653,4663,"    char *larger;
    char *str = NULL;
    va_list aq;

    while (1) {
        VA_COPY(aq, ap);
        chars = vsnprintf(str, size, msg, aq);
        va_end(aq);
        if (chars < 0) {
	    xmlGenericError(xmlGenericErrorContext, ""vsnprintf failed !\n"");
	    if (str)"
local.oob.memfunc.length-misuse.maxcover.v5,local.oob.memfunc.length-misuse.maxcover.v5,warning,low,"CWE-120,CWE-125,CWE-787",/mnt/WorkDrive/SAILR/dataset/55980/libxml2_55980_fix/tree.c,6288,13,6288,19,High-coverage OOB risk: length/count may be unbounded for memset().,,6283,6293,"            cur = (xmlNsPtr) xmlMalloc(sizeof(xmlNs));
            if (cur == NULL) {
		xmlTreeErrMemory(""searching namespace"");
                return (NULL);
            }
            memset(cur, 0, sizeof(xmlNs));
            cur->type = XML_LOCAL_NAMESPACE;
            cur->href = xmlStrdup(XML_XML_NAMESPACE);
            cur->prefix = xmlStrdup((const xmlChar *) ""xml"");
            cur->next = node->nsDef;
            node->nsDef = cur;"
local.oob.memfunc.length-misuse.maxcover.v5,local.oob.memfunc.length-misuse.maxcover.v5,warning,low,"CWE-120,CWE-125,CWE-787",/mnt/WorkDrive/SAILR/dataset/55980/libxml2_55980_fix/python/libxml.c,1788,2,1788,8,High-coverage OOB risk: length/count may be unbounded for memset().,,1783,1793,"	pyCtxt = xmlMalloc(sizeof(xmlParserCtxtPyCtxt));
	if (pyCtxt == NULL) {
	    py_retval = libxml_intWrap(-1);
	    return(py_retval);
	}
	memset(pyCtxt,0,sizeof(xmlParserCtxtPyCtxt));
	ctxt->_private = pyCtxt;
    }
    else {
	pyCtxt = (xmlParserCtxtPyCtxtPtr)ctxt->_private;
    }"
local.oob.memfunc.length-misuse.maxcover.v5,local.oob.memfunc.length-misuse.maxcover.v5,warning,low,"CWE-120,CWE-125,CWE-787",/mnt/WorkDrive/SAILR/dataset/55980/libxml2_55980_fix/tree.c,6155,6,6155,12,High-coverage OOB risk: length/count may be unbounded for memset().,,6150,6160,"	    cur = (xmlNsPtr) xmlMalloc(sizeof(xmlNs));
	    if (cur == NULL) {
		xmlTreeErrMemory(""searching namespace"");
		return(NULL);
	    }
	    memset(cur, 0, sizeof(xmlNs));
	    cur->type = XML_LOCAL_NAMESPACE;
	    cur->href = xmlStrdup(XML_XML_NAMESPACE);
	    cur->prefix = xmlStrdup((const xmlChar *)""xml"");
	    cur->next = node->nsDef;
	    node->nsDef = cur;"
local.oob.memfunc.length-misuse.maxcover.v5,local.oob.memfunc.length-misuse.maxcover.v5,warning,low,"CWE-120,CWE-125,CWE-787",/mnt/WorkDrive/SAILR/dataset/55980/libxml2_55980_fix/tree.c,6110,2,6110,8,High-coverage OOB risk: length/count may be unbounded for memset().,,6105,6115,"	if (ns == NULL) {
	    xmlTreeErrMemory(
		""allocating the XML namespace"");
	    return (NULL);
	}
	memset(ns, 0, sizeof(xmlNs));
	ns->type = XML_LOCAL_NAMESPACE;
	ns->href = xmlStrdup(XML_XML_NAMESPACE);
	ns->prefix = xmlStrdup((const xmlChar *)""xml"");
	doc->oldNs = ns;
	return (ns);"
local.oob.memfunc.length-misuse.maxcover.v5,local.oob.memfunc.length-misuse.maxcover.v5,warning,low,"CWE-120,CWE-125,CWE-787",/mnt/WorkDrive/SAILR/dataset/55980/libxml2_55980_fix/xmlstring.c,505,5,505,11,High-coverage OOB risk: length/count may be unbounded for memcpy().,,500,510,"        return(NULL);
    ret = (xmlChar *) xmlMalloc((size_t) size + len + 1);
    if (ret == NULL) {
        return(xmlStrndup(str1, size));
    }
    memcpy(ret, str1, size);
    memcpy(&ret[size], str2, len);
    ret[size + len] = 0;
    return(ret);
}
"
local.oob.memfunc.length-misuse.maxcover.v5,local.oob.memfunc.length-misuse.maxcover.v5,warning,low,"CWE-120,CWE-125,CWE-787",/mnt/WorkDrive/SAILR/dataset/55980/libxml2_55980_fix/xmlstring.c,506,5,506,11,High-coverage OOB risk: length/count may be unbounded for memcpy().,,501,511,"    ret = (xmlChar *) xmlMalloc((size_t) size + len + 1);
    if (ret == NULL) {
        return(xmlStrndup(str1, size));
    }
    memcpy(ret, str1, size);
    memcpy(&ret[size], str2, len);
    ret[size + len] = 0;
    return(ret);
}

/**"
local.oob.memfunc.length-misuse.maxcover.v5,local.oob.memfunc.length-misuse.maxcover.v5,warning,low,"CWE-120,CWE-125,CWE-787",/mnt/WorkDrive/SAILR/dataset/55980/libxml2_55980_fix/xmlstring.c,466,5,466,11,High-coverage OOB risk: length/count may be unbounded for memcpy().,,461,471,"        return(NULL);
    ret = (xmlChar *) xmlRealloc(cur, (size_t) size + len + 1);
    if (ret == NULL) {
        return(cur);
    }
    memcpy(&ret[size], add, len);
    ret[size + len] = 0;
    return(ret);
}

/**"
local.oob.memfunc.length-misuse.maxcover.v5,local.oob.memfunc.length-misuse.maxcover.v5,warning,low,"CWE-120,CWE-125,CWE-787",/mnt/WorkDrive/SAILR/dataset/55980/libxml2_55980_fix/xmlstring.c,53,5,53,11,High-coverage OOB risk: length/count may be unbounded for memcpy().,,48,58,"    if ((cur == NULL) || (len < 0)) return(NULL);
    ret = (xmlChar *) xmlMallocAtomic((size_t) len + 1);
    if (ret == NULL) {
        return(NULL);
    }
    memcpy(ret, cur, len);
    ret[len] = 0;
    return(ret);
}

/**"
local.oob.memfunc.length-misuse.maxcover.v5,local.oob.memfunc.length-misuse.maxcover.v5,warning,low,"CWE-120,CWE-125,CWE-787",/mnt/WorkDrive/SAILR/dataset/55980/libxml2_55980_fix/valid.c,3321,2,3321,8,High-coverage OOB risk: length/count may be unbounded for memset().,,3316,3326,"	cur = (xmlElementPtr) xmlMalloc(sizeof(xmlElement));
	if (cur == NULL) {
	    xmlVErrMemory(ctxt, ""malloc failed"");
	    goto error;
	}
	memset(cur, 0, sizeof(xmlElement));
	cur->type = XML_ELEMENT_DECL;

	/*
	 * fill the structure.
	 */"
local.oob.memfunc.length-misuse.maxcover.v5,local.oob.memfunc.length-misuse.maxcover.v5,warning,low,"CWE-120,CWE-125,CWE-787",/mnt/WorkDrive/SAILR/dataset/55980/libxml2_55980_fix/relaxng.c,2800,5,2800,11,High-coverage OOB risk: length/count may be unbounded for memset().,,2795,2805,"        xmlMalloc(sizeof(xmlRelaxNGTypeLibrary));
    if (lib == NULL) {
        xmlRngVErrMemory(NULL, ""adding types library\n"");
        return (-1);
    }
    memset(lib, 0, sizeof(xmlRelaxNGTypeLibrary));
    lib->namespace = xmlStrdup(namespace);
    lib->data = data;
    lib->have = have;
    lib->comp = comp;
    lib->check = check;"
local.oob.memfunc.length-misuse.maxcover.v5,local.oob.memfunc.length-misuse.maxcover.v5,warning,low,"CWE-120,CWE-125,CWE-787",/mnt/WorkDrive/SAILR/dataset/55980/libxml2_55980_fix/xmlIO.c,2418,5,2418,11,High-coverage OOB risk: length/count may be unbounded for memset().,,2413,2423,"    ret = (xmlOutputBufferPtr) xmlMalloc(sizeof(xmlOutputBuffer));
    if (ret == NULL) {
	xmlIOErrMemory(""creating output buffer"");
	return(NULL);
    }
    memset(ret, 0, sizeof(xmlOutputBuffer));
    ret->buffer = xmlBufCreate();
    if (ret->buffer == NULL) {
        xmlFree(ret);
	return(NULL);
    }"
local.oob.memfunc.length-misuse.maxcover.v5,local.oob.memfunc.length-misuse.maxcover.v5,warning,low,"CWE-120,CWE-125,CWE-787",/mnt/WorkDrive/SAILR/dataset/55980/libxml2_55980_fix/xmlsave.c,346,5,346,11,High-coverage OOB risk: length/count may be unbounded for memset().,,341,351,"    ret = (xmlSaveCtxtPtr) xmlMalloc(sizeof(xmlSaveCtxt));
    if (ret == NULL) {
	xmlSaveErrMemory(""creating saving context"");
	return ( NULL );
    }
    memset(ret, 0, sizeof(xmlSaveCtxt));

    if (encoding != NULL) {
        ret->handler = xmlFindCharEncodingHandler(encoding);
	if (ret->handler == NULL) {
	    xmlSaveErr(XML_SAVE_UNKNOWN_ENCODING, NULL, encoding);"
local.oob.memfunc.length-misuse.maxcover.v5,local.oob.memfunc.length-misuse.maxcover.v5,warning,low,"CWE-120,CWE-125,CWE-787",/mnt/WorkDrive/SAILR/dataset/55980/libxml2_55980_fix/xmlsave.c,298,9,298,15,High-coverage OOB risk: length/count may be unbounded for memset().,,293,303,"    if (ctxt == NULL) return;
    if ((ctxt->encoding == NULL) && (ctxt->escape == NULL))
        ctxt->escape = xmlEscapeEntities;
    len = xmlStrlen((xmlChar *)xmlTreeIndentString);
    if ((xmlTreeIndentString == NULL) || (len == 0)) {
        memset(&ctxt->indent[0], 0, MAX_INDENT + 1);
    } else {
	ctxt->indent_size = len;
	ctxt->indent_nr = MAX_INDENT / ctxt->indent_size;
	for (i = 0;i < ctxt->indent_nr;i++)
	    memcpy(&ctxt->indent[i * ctxt->indent_size], xmlTreeIndentString,"
local.oob.memfunc.length-misuse.maxcover.v5,local.oob.memfunc.length-misuse.maxcover.v5,warning,low,"CWE-120,CWE-125,CWE-787",/mnt/WorkDrive/SAILR/dataset/55980/libxml2_55980_fix/xmlsave.c,303,6,303,12,High-coverage OOB risk: length/count may be unbounded for memcpy().,,298,308,"        memset(&ctxt->indent[0], 0, MAX_INDENT + 1);
    } else {
	ctxt->indent_size = len;
	ctxt->indent_nr = MAX_INDENT / ctxt->indent_size;
	for (i = 0;i < ctxt->indent_nr;i++)
	    memcpy(&ctxt->indent[i * ctxt->indent_size], xmlTreeIndentString,
		   ctxt->indent_size);
        ctxt->indent[ctxt->indent_nr * ctxt->indent_size] = 0;
    }

    if (xmlSaveNoEmptyTags) {"
local.oob.memfunc.length-misuse.maxcover.v5,local.oob.memfunc.length-misuse.maxcover.v5,warning,low,"CWE-120,CWE-125,CWE-787",/mnt/WorkDrive/SAILR/dataset/55980/libxml2_55980_fix/xmlIO.c,2370,5,2370,11,High-coverage OOB risk: length/count may be unbounded for memset().,,2365,2375,"    ret = (xmlOutputBufferPtr) xmlMalloc(sizeof(xmlOutputBuffer));
    if (ret == NULL) {
	xmlIOErrMemory(""creating output buffer"");
	return(NULL);
    }
    memset(ret, 0, sizeof(xmlOutputBuffer));
    ret->buffer = xmlBufCreate();
    if (ret->buffer == NULL) {
        xmlFree(ret);
	return(NULL);
    }"
local.oob.memfunc.length-misuse.maxcover.v5,local.oob.memfunc.length-misuse.maxcover.v5,warning,low,"CWE-120,CWE-125,CWE-787",/mnt/WorkDrive/SAILR/dataset/55980/libxml2_55980_fix/xmlIO.c,2331,5,2331,11,High-coverage OOB risk: length/count may be unbounded for memset().,,2326,2336,"    ret = (xmlParserInputBufferPtr) xmlMalloc(sizeof(xmlParserInputBuffer));
    if (ret == NULL) {
	xmlIOErrMemory(""creating input buffer"");
	return(NULL);
    }
    memset(ret, 0, sizeof(xmlParserInputBuffer));
    ret->buffer = xmlBufCreateSize(2 * xmlDefaultBufferSize);
    if (ret->buffer == NULL) {
        xmlFree(ret);
	return(NULL);
    }"
local.oob.memfunc.length-misuse.maxcover.v5,local.oob.memfunc.length-misuse.maxcover.v5,warning,low,"CWE-120,CWE-125,CWE-787",/mnt/WorkDrive/SAILR/dataset/55980/libxml2_55980_fix/xmlregexp.c,4250,5,4250,11,High-coverage OOB risk: length/count may be unbounded for memcpy().,,4245,4255,"	    return(-1);
	}
    } else {
	str = buf;
    }
    memcpy(&str[0], value, lenp);
    str[lenp] = XML_REG_STRING_SEPARATOR;
    memcpy(&str[lenp + 1], value2, lenn);
    str[lenn + lenp + 1] = 0;

    if (exec->comp->compact != NULL)"
local.oob.memfunc.length-misuse.maxcover.v5,local.oob.memfunc.length-misuse.maxcover.v5,warning,low,"CWE-120,CWE-125,CWE-787",/mnt/WorkDrive/SAILR/dataset/55980/libxml2_55980_fix/xmlregexp.c,4252,5,4252,11,High-coverage OOB risk: length/count may be unbounded for memcpy().,,4247,4257,"    } else {
	str = buf;
    }
    memcpy(&str[0], value, lenp);
    str[lenp] = XML_REG_STRING_SEPARATOR;
    memcpy(&str[lenp + 1], value2, lenn);
    str[lenn + lenp + 1] = 0;

    if (exec->comp->compact != NULL)
	ret = xmlRegCompactPushString(exec, exec->comp, str, data);
    else"
local.oob.memfunc.length-misuse.maxcover.v5,local.oob.memfunc.length-misuse.maxcover.v5,warning,low,"CWE-120,CWE-125,CWE-787",/mnt/WorkDrive/SAILR/dataset/55980/libxml2_55980_fix/relaxng.c,1991,5,1991,11,High-coverage OOB risk: length/count may be unbounded for memset().,,1986,1996,"        xmlRngPErr(ctxt, (xmlNodePtr) doc, XML_ERR_NO_MEMORY,
                   ""xmlRelaxNG: allocate memory for doc %s\n"", URL, NULL);
        xmlFreeDoc(doc);
        return (NULL);
    }
    memset(ret, 0, sizeof(xmlRelaxNGDocument));
    ret->doc = doc;
    ret->href = xmlStrdup(URL);
    ret->next = ctxt->documents;
    ret->externalRef = 1;
    ctxt->documents = ret;"
local.oob.memfunc.length-misuse.maxcover.v5,local.oob.memfunc.length-misuse.maxcover.v5,warning,low,"CWE-120,CWE-125,CWE-787",/mnt/WorkDrive/SAILR/dataset/55980/libxml2_55980_fix/xmlIO.c,1802,12,1802,18,High-coverage OOB risk: length/count may be unbounded for memset().,,1797,1807,"    if (ctxt == NULL) {
	xmlIOErrMemory(""creating HTTP output context"");
        return (NULL);
    }

    (void) memset(ctxt, 0, sizeof(xmlIOHTTPWriteCtxt));

    ctxt->uri = (char *) xmlStrdup((const xmlChar *)post_uri);
    if (ctxt->uri == NULL) {
	xmlIOErrMemory(""copying URI"");
        xmlFreeHTTPWriteCtxt(ctxt);"
local.oob.memfunc.length-misuse.maxcover.v5,local.oob.memfunc.length-misuse.maxcover.v5,warning,low,"CWE-120,CWE-125,CWE-787",/mnt/WorkDrive/SAILR/dataset/55980/libxml2_55980_fix/xmlregexp.c,4110,7,4110,13,High-coverage OOB risk: length/count may be unbounded for memcpy().,,4105,4115,"		     */
		    if (exec->errString != NULL)
			xmlFree(exec->errString);
		    exec->errString = xmlStrdup(value);
		    exec->errState = exec->state;
		    memcpy(exec->errCounts, exec->counts,
			   exec->comp->nbCounters * sizeof(int));
		}
		exec->state = exec->comp->states[trans->to];
		exec->transno = 0;
		if (trans->atom != NULL) {"
local.oob.memfunc.length-misuse.maxcover.v5,local.oob.memfunc.length-misuse.maxcover.v5,warning,low,"CWE-120,CWE-125,CWE-787",/mnt/WorkDrive/SAILR/dataset/55980/libxml2_55980_fix/python/libxml.c,370,2,370,8,High-coverage OOB risk: length/count may be unbounded for memcpy().,,365,375,"	printf(""xmlPythonFileRead: result is not a String\n"");
	Py_DECREF(ret);
	return(-1);
    }
    if (lenread > len)
	memcpy(buffer, data, len);
    else
	memcpy(buffer, data, lenread);
    Py_DECREF(ret);
    return(lenread);
}"
local.oob.memfunc.length-misuse.maxcover.v5,local.oob.memfunc.length-misuse.maxcover.v5,warning,low,"CWE-120,CWE-125,CWE-787",/mnt/WorkDrive/SAILR/dataset/55980/libxml2_55980_fix/python/libxml.c,372,2,372,8,High-coverage OOB risk: length/count may be unbounded for memcpy().,,367,377,"	return(-1);
    }
    if (lenread > len)
	memcpy(buffer, data, len);
    else
	memcpy(buffer, data, lenread);
    Py_DECREF(ret);
    return(lenread);
}

/**"
local.oob.memfunc.length-misuse.maxcover.v5,local.oob.memfunc.length-misuse.maxcover.v5,warning,low,"CWE-120,CWE-125,CWE-787",/mnt/WorkDrive/SAILR/dataset/55980/libxml2_55980_fix/valid.c,2426,5,2426,11,High-coverage OOB risk: length/count may be unbounded for memset().,,2421,2431,"    ret = (xmlNotationPtr) xmlMalloc(sizeof(xmlNotation));
    if (ret == NULL) {
	xmlVErrMemory(ctxt, ""malloc failed"");
	return(NULL);
    }
    memset(ret, 0, sizeof(xmlNotation));

    /*
     * fill the structure.
     */
    ret->name = xmlStrdup(name);"
local.oob.memfunc.length-misuse.maxcover.v5,local.oob.memfunc.length-misuse.maxcover.v5,warning,low,"CWE-120,CWE-125,CWE-787",/mnt/WorkDrive/SAILR/dataset/55980/libxml2_55980_fix/python/libxml.c,305,2,305,8,High-coverage OOB risk: length/count may be unbounded for memcpy().,,300,310,"	printf(""xmlPythonFileReadRaw: result is not a String\n"");
	Py_DECREF(ret);
	return(-1);
    }
    if (lenread > len)
	memcpy(buffer, data, len);
    else
	memcpy(buffer, data, lenread);
    Py_DECREF(ret);
    return(lenread);
}"
local.oob.memfunc.length-misuse.maxcover.v5,local.oob.memfunc.length-misuse.maxcover.v5,warning,low,"CWE-120,CWE-125,CWE-787",/mnt/WorkDrive/SAILR/dataset/55980/libxml2_55980_fix/python/libxml.c,307,2,307,8,High-coverage OOB risk: length/count may be unbounded for memcpy().,,302,312,"	return(-1);
    }
    if (lenread > len)
	memcpy(buffer, data, len);
    else
	memcpy(buffer, data, lenread);
    Py_DECREF(ret);
    return(lenread);
}

/**"
local.oob.memfunc.length-misuse.maxcover.v5,local.oob.memfunc.length-misuse.maxcover.v5,warning,low,"CWE-120,CWE-125,CWE-787",/mnt/WorkDrive/SAILR/dataset/55980/libxml2_55980_fix/xmllint.c,762,10,762,15,High-coverage OOB risk: length/count may be unbounded for fgets().,,757,767,"    int len;

    if (prompt != NULL)
	fprintf(stdout, ""%s"", prompt);
    fflush(stdout);
    if (!fgets(line_read, 500, stdin))
        return(NULL);
    line_read[500] = 0;
    len = strlen(line_read);
    ret = (char *) malloc(len + 1);
    if (ret != NULL) {"
local.oob.memfunc.length-misuse.maxcover.v5,local.oob.memfunc.length-misuse.maxcover.v5,warning,low,"CWE-120,CWE-125,CWE-787",/mnt/WorkDrive/SAILR/dataset/55980/libxml2_55980_fix/xmlregexp.c,4159,21,4159,27,High-coverage OOB risk: length/count may be unbounded for memcpy().,,4154,4164,"		if (exec->errString != NULL)
		    xmlFree(exec->errString);
		exec->errString = xmlStrdup(value);
		exec->errState = exec->state;
                if (exec->comp->nbCounters)
                    memcpy(exec->errCounts, exec->counts,
                           exec->comp->nbCounters * sizeof(int));
	    }

	    /*
	     * Failed to find a way out"
local.oob.memfunc.length-misuse.maxcover.v5,local.oob.memfunc.length-misuse.maxcover.v5,warning,low,"CWE-120,CWE-125,CWE-787",/mnt/WorkDrive/SAILR/dataset/55980/libxml2_55980_fix/xmllint.c,768,2,768,8,High-coverage OOB risk: length/count may be unbounded for memcpy().,,763,773,"        return(NULL);
    line_read[500] = 0;
    len = strlen(line_read);
    ret = (char *) malloc(len + 1);
    if (ret != NULL) {
	memcpy (ret, line_read, len + 1);
    }
    return(ret);
#endif
}
#endif /* LIBXML_XPATH_ENABLED */"
local.oob.memfunc.length-misuse.maxcover.v5,local.oob.memfunc.length-misuse.maxcover.v5,warning,low,"CWE-120,CWE-125,CWE-787",/mnt/WorkDrive/SAILR/dataset/55980/libxml2_55980_fix/relaxng.c,1650,5,1650,11,High-coverage OOB risk: length/count may be unbounded for memset().,,1645,1655,"    if (ret == NULL) {
        xmlRngPErrMemory(ctxt, ""allocating include\n"");
        xmlFreeDoc(doc);
        return (NULL);
    }
    memset(ret, 0, sizeof(xmlRelaxNGInclude));
    ret->doc = doc;
    ret->href = xmlStrdup(URL);
    ret->next = ctxt->includes;
    ctxt->includes = ret;
"
local.oob.memfunc.length-misuse.maxcover.v5,local.oob.memfunc.length-misuse.maxcover.v5,warning,low,"CWE-120,CWE-125,CWE-787",/mnt/WorkDrive/SAILR/dataset/55980/libxml2_55980_fix/tree.c,4314,5,4314,11,High-coverage OOB risk: length/count may be unbounded for memset().,,4309,4319,"    ret = (xmlNodePtr) xmlMalloc(sizeof(xmlNode));
    if (ret == NULL) {
	xmlTreeErrMemory(""copying node"");
	return(NULL);
    }
    memset(ret, 0, sizeof(xmlNode));
    ret->type = node->type;

    ret->doc = doc;
    ret->parent = parent;
    if (node->name == xmlStringText)"
local.oob.memfunc.length-misuse.maxcover.v5,local.oob.memfunc.length-misuse.maxcover.v5,warning,low,"CWE-120,CWE-125,CWE-787",/mnt/WorkDrive/SAILR/dataset/55980/libxml2_55980_fix/xmlIO.c,1500,11,1500,17,High-coverage OOB risk: length/count may be unbounded for memset().,,1495,1505,"    if ( buff == NULL ) {
	xmlIOErrMemory(""creating buffer context"");
	return ( NULL );
    }

    (void)memset( buff, 0, sizeof( xmlZMemBuff ) );
    buff->size = INIT_HTTP_BUFF_SIZE;
    buff->zbuff = xmlMalloc( buff->size );
    if ( buff->zbuff == NULL ) {
	xmlFreeZMemBuff( buff );
	xmlIOErrMemory(""creating buffer"");"
local.oob.memfunc.length-misuse.maxcover.v5,local.oob.memfunc.length-misuse.maxcover.v5,warning,low,"CWE-120,CWE-125,CWE-787",/mnt/WorkDrive/SAILR/dataset/55980/libxml2_55980_fix/valid.c,2210,5,2210,11,High-coverage OOB risk: length/count may be unbounded for memset().,,2205,2215,"    cur = (xmlAttributePtr) xmlMalloc(sizeof(xmlAttribute));
    if (cur == NULL) {
	xmlVErrMemory(NULL, ""malloc failed"");
	return(NULL);
    }
    memset(cur, 0, sizeof(xmlAttribute));
    cur->type = XML_ATTRIBUTE_DECL;
    cur->atype = attr->atype;
    cur->def = attr->def;
    cur->tree = xmlCopyEnumeration(attr->tree);
    if (attr->elem != NULL)"
local.oob.memfunc.length-misuse.maxcover.v5,local.oob.memfunc.length-misuse.maxcover.v5,warning,low,"CWE-120,CWE-125,CWE-787",/mnt/WorkDrive/SAILR/dataset/55980/libxml2_55980_fix/parser.c,5028,3,5028,9,High-coverage OOB risk: length/count may be unbounded for memcpy().,,5023,5033,"			ctxt->instate = state;
			return;
		    }
		    buf = new_buf;
		}
		memcpy(&buf[len], ctxt->input->cur, nbchar);
		len += nbchar;
		buf[len] = 0;
	    }
	}
        if (len > maxLength) {"
local.oob.memfunc.length-misuse.maxcover.v5,local.oob.memfunc.length-misuse.maxcover.v5,warning,low,"CWE-120,CWE-125,CWE-787",/mnt/WorkDrive/SAILR/dataset/55980/libxml2_55980_fix/xmlschemas.c,28864,5,28864,11,High-coverage OOB risk: length/count may be unbounded for memset().,,28859,28869,"     */
    ret = (xmlSchemaSAXPlugPtr) xmlMalloc(sizeof(xmlSchemaSAXPlugStruct));
    if (ret == NULL) {
        return(NULL);
    }
    memset(ret, 0, sizeof(xmlSchemaSAXPlugStruct));
    ret->magic = XML_SAX_PLUG_MAGIC;
    ret->schemas_sax.initialized = XML_SAX2_MAGIC;
    ret->ctxt = ctxt;
    ret->user_sax_ptr = sax;
    ret->user_sax = old_sax;"
local.oob.memfunc.length-misuse.maxcover.v5,local.oob.memfunc.length-misuse.maxcover.v5,warning,low,"CWE-120,CWE-125,CWE-787",/mnt/WorkDrive/SAILR/dataset/55980/libxml2_55980_fix/xmllint.c,495,5,495,11,High-coverage OOB risk: length/count may be unbounded for memset().,,490,500,"    /*
     * xmlEncodeEntitiesReentrant assumes valid UTF-8, but the buffer might
     * end with a truncated UTF-8 sequence. This is a hack to at least avoid
     * an out-of-bounds read.
     */
    memset(&buffer[sizeof(buffer)-4], 0, 4);
    result = (char *) xmlEncodeEntitiesReentrant(NULL, BAD_CAST buffer);
    if (result) {
	xmlGenericError(xmlGenericErrorContext, ""%s"", result);
	xmlFree(result);
    }"
local.oob.memfunc.length-misuse.maxcover.v5,local.oob.memfunc.length-misuse.maxcover.v5,warning,low,"CWE-120,CWE-125,CWE-787",/mnt/WorkDrive/SAILR/dataset/55980/libxml2_55980_fix/xmlregexp.c,3584,5,3584,11,High-coverage OOB risk: length/count may be unbounded for memset().,,3579,3589,"    exec = (xmlRegExecCtxtPtr) xmlMalloc(sizeof(xmlRegExecCtxt));
    if (exec == NULL) {
	xmlRegexpErrMemory(NULL, ""creating execution context"");
	return(NULL);
    }
    memset(exec, 0, sizeof(xmlRegExecCtxt));
    exec->inputString = NULL;
    exec->index = 0;
    exec->determinist = 1;
    exec->maxRollbacks = 0;
    exec->nbRollbacks = 0;"
local.oob.memfunc.length-misuse.maxcover.v5,local.oob.memfunc.length-misuse.maxcover.v5,warning,low,"CWE-120,CWE-125,CWE-787",/mnt/WorkDrive/SAILR/dataset/55980/libxml2_55980_fix/valid.c,2065,5,2065,11,High-coverage OOB risk: length/count may be unbounded for memset().,,2060,2070,"    if (ret == NULL) {
	xmlVErrMemory(ctxt, ""malloc failed"");
	xmlFreeEnumeration(tree);
	return(NULL);
    }
    memset(ret, 0, sizeof(xmlAttribute));
    ret->type = XML_ATTRIBUTE_DECL;

    /*
     * fill the structure.
     */"
local.oob.memfunc.length-misuse.maxcover.v5,local.oob.memfunc.length-misuse.maxcover.v5,warning,low,"CWE-120,CWE-125,CWE-787",/mnt/WorkDrive/SAILR/dataset/55980/libxml2_55980_fix/xmlregexp.c,3611,9,3611,15,High-coverage OOB risk: length/count may be unbounded for memset().,,3606,3616,"	if (exec->counts == NULL) {
	    xmlRegexpErrMemory(NULL, ""creating execution context"");
	    xmlFree(exec);
	    return(NULL);
	}
        memset(exec->counts, 0, comp->nbCounters * sizeof(int) * 2);
	exec->errCounts = &exec->counts[comp->nbCounters];
    } else {
	exec->counts = NULL;
	exec->errCounts = NULL;
    }"
local.oob.memfunc.length-misuse.maxcover.v5,local.oob.memfunc.length-misuse.maxcover.v5,warning,low,"CWE-120,CWE-125,CWE-787",/mnt/WorkDrive/SAILR/dataset/55980/libxml2_55980_fix/relaxng.c,1303,9,1303,15,High-coverage OOB risk: length/count may be unbounded for memset().,,1298,1308,"            xmlMalloc(sizeof(xmlRelaxNGValidState));
        if (ret == NULL) {
            xmlRngVErrMemory(ctxt, ""allocating states\n"");
            return (NULL);
        }
        memset(ret, 0, sizeof(xmlRelaxNGValidState));
    }
    attrs = ret->attrs;
    maxAttrs = ret->maxAttrs;
    memcpy(ret, state, sizeof(xmlRelaxNGValidState));
    ret->attrs = attrs;"
local.oob.memfunc.length-misuse.maxcover.v5,local.oob.memfunc.length-misuse.maxcover.v5,warning,low,"CWE-120,CWE-125,CWE-787",/mnt/WorkDrive/SAILR/dataset/55980/libxml2_55980_fix/relaxng.c,1307,5,1307,11,High-coverage OOB risk: length/count may be unbounded for memcpy().,,1302,1312,"        }
        memset(ret, 0, sizeof(xmlRelaxNGValidState));
    }
    attrs = ret->attrs;
    maxAttrs = ret->maxAttrs;
    memcpy(ret, state, sizeof(xmlRelaxNGValidState));
    ret->attrs = attrs;
    ret->maxAttrs = maxAttrs;
    if (state->nbAttrs > 0) {
        if (ret->attrs == NULL) {
            ret->maxAttrs = state->maxAttrs;"
local.oob.memfunc.length-misuse.maxcover.v5,local.oob.memfunc.length-misuse.maxcover.v5,warning,low,"CWE-120,CWE-125,CWE-787",/mnt/WorkDrive/SAILR/dataset/55980/libxml2_55980_fix/relaxng.c,1333,9,1333,15,High-coverage OOB risk: length/count may be unbounded for memcpy().,,1328,1338,"                return (ret);
            }
            ret->maxAttrs = state->maxAttrs;
            ret->attrs = tmp;
        }
        memcpy(ret->attrs, state->attrs,
               state->nbAttrs * sizeof(xmlAttrPtr));
    }
    return (ret);
}
"
local.oob.memfunc.length-misuse.maxcover.v5,local.oob.memfunc.length-misuse.maxcover.v5,warning,low,"CWE-120,CWE-125,CWE-787",/mnt/WorkDrive/SAILR/dataset/55980/libxml2_55980_fix/relaxng.c,1221,9,1221,15,High-coverage OOB risk: length/count may be unbounded for memset().,,1216,1226,"            xmlMalloc(sizeof(xmlRelaxNGValidState));
        if (ret == NULL) {
            xmlRngVErrMemory(ctxt, ""allocating states\n"");
            return (NULL);
        }
        memset(ret, 0, sizeof(xmlRelaxNGValidState));
    }
    ret->value = NULL;
    ret->endvalue = NULL;
    if (node == NULL) {
        ret->node = (xmlNodePtr) ctxt->doc;"
local.oob.memfunc.length-misuse.maxcover.v5,local.oob.memfunc.length-misuse.maxcover.v5,warning,low,"CWE-120,CWE-125,CWE-787",/mnt/WorkDrive/SAILR/dataset/55980/libxml2_55980_fix/relaxng.c,1259,13,1259,19,High-coverage OOB risk: length/count may be unbounded for memcpy().,,1254,1264,"            ret->attrs = tmp;
            ret->maxAttrs = nbAttrs;
        }
        ret->nbAttrs = nbAttrs;
        if (nbAttrs < MAX_ATTR) {
            memcpy(ret->attrs, attrs, sizeof(xmlAttrPtr) * nbAttrs);
        } else {
            attr = node->properties;
            nbAttrs = 0;
            while (attr != NULL) {
                ret->attrs[nbAttrs++] = attr;"
local.oob.memfunc.length-misuse.maxcover.v5,local.oob.memfunc.length-misuse.maxcover.v5,warning,low,"CWE-120,CWE-125,CWE-787",/mnt/WorkDrive/SAILR/dataset/55980/libxml2_55980_fix/xmlregexp.c,3279,9,3279,15,High-coverage OOB risk: length/count may be unbounded for memset().,,3274,3284,"	exec->counts = (int *) xmlMalloc(comp->nbCounters * sizeof(int));
	if (exec->counts == NULL) {
	    xmlRegexpErrMemory(NULL, ""running regexp"");
	    return(-1);
	}
        memset(exec->counts, 0, comp->nbCounters * sizeof(int));
    } else
	exec->counts = NULL;
    while ((exec->status == 0) && (exec->state != NULL) &&
	   ((exec->inputString[exec->index] != 0) ||
	    ((exec->state != NULL) &&"
local.oob.memfunc.length-misuse.maxcover.v5,local.oob.memfunc.length-misuse.maxcover.v5,warning,low,"CWE-120,CWE-125,CWE-787",/mnt/WorkDrive/SAILR/dataset/55980/libxml2_55980_fix/xmlIO.c,733,11,733,15,High-coverage OOB risk: length/count may be unbounded for read().,,728,738," */
static int
xmlFdRead (void * context, char * buffer, int len) {
    int ret;

    ret = read((int) (ptrdiff_t) context, &buffer[0], len);
    if (ret < 0) xmlIOErr(0, ""read()"");
    return(ret);
}

#ifdef LIBXML_OUTPUT_ENABLED"
local.oob.memfunc.length-misuse.maxcover.v5,local.oob.memfunc.length-misuse.maxcover.v5,warning,low,"CWE-120,CWE-125,CWE-787",/mnt/WorkDrive/SAILR/dataset/55980/libxml2_55980_fix/valid.c,1797,5,1797,11,High-coverage OOB risk: length/count may be unbounded for memset().,,1792,1802,"    ret = (xmlEnumerationPtr) xmlMalloc(sizeof(xmlEnumeration));
    if (ret == NULL) {
	xmlVErrMemory(NULL, ""malloc failed"");
        return(NULL);
    }
    memset(ret, 0, sizeof(xmlEnumeration));

    if (name != NULL)
        ret->name = xmlStrdup(name);
    return(ret);
}"
local.oob.memfunc.length-misuse.maxcover.v5,local.oob.memfunc.length-misuse.maxcover.v5,warning,low,"CWE-120,CWE-125,CWE-787",/mnt/WorkDrive/SAILR/dataset/55980/libxml2_55980_fix/valid.c,1658,5,1658,11,High-coverage OOB risk: length/count may be unbounded for memset().,,1653,1663,"    cur = (xmlElementPtr) xmlMalloc(sizeof(xmlElement));
    if (cur == NULL) {
	xmlVErrMemory(NULL, ""malloc failed"");
	return(NULL);
    }
    memset(cur, 0, sizeof(xmlElement));
    cur->type = XML_ELEMENT_DECL;
    cur->etype = elem->etype;
    if (elem->name != NULL)
	cur->name = xmlStrdup(elem->name);
    else"
local.oob.memfunc.length-misuse.maxcover.v5,local.oob.memfunc.length-misuse.maxcover.v5,warning,low,"CWE-120,CWE-125,CWE-787",/mnt/WorkDrive/SAILR/dataset/55980/libxml2_55980_fix/relaxng.c,928,5,928,11,High-coverage OOB risk: length/count may be unbounded for memset().,,923,933,"    ret = (xmlRelaxNGDefinePtr) xmlMalloc(sizeof(xmlRelaxNGDefine));
    if (ret == NULL) {
        xmlRngPErrMemory(ctxt, ""allocating define\n"");
        return (NULL);
    }
    memset(ret, 0, sizeof(xmlRelaxNGDefine));
    ctxt->defTab[ctxt->defNr++] = ret;
    ret->node = node;
    ret->depth = -1;
    return (ret);
}"
local.oob.memfunc.length-misuse.maxcover.v5,local.oob.memfunc.length-misuse.maxcover.v5,warning,low,"CWE-120,CWE-125,CWE-787",/mnt/WorkDrive/SAILR/dataset/55980/libxml2_55980_fix/relaxng.c,853,5,853,11,High-coverage OOB risk: length/count may be unbounded for memset().,,848,858,"    ret = (xmlRelaxNGGrammarPtr) xmlMalloc(sizeof(xmlRelaxNGGrammar));
    if (ret == NULL) {
        xmlRngPErrMemory(ctxt, NULL);
        return (NULL);
    }
    memset(ret, 0, sizeof(xmlRelaxNGGrammar));

    return (ret);
}

/**"
local.oob.memfunc.length-misuse.maxcover.v5,local.oob.memfunc.length-misuse.maxcover.v5,warning,low,"CWE-120,CWE-125,CWE-787",/mnt/WorkDrive/SAILR/dataset/55980/libxml2_55980_fix/xmlreader.c,2011,5,2011,11,High-coverage OOB risk: length/count may be unbounded for memset().,,2006,2016,"    if (ret == NULL) {
        xmlGenericError(xmlGenericErrorContext,
		""xmlNewTextReader : malloc failed\n"");
	return(NULL);
    }
    memset(ret, 0, sizeof(xmlTextReader));
    ret->doc = NULL;
    ret->entTab = NULL;
    ret->entMax = 0;
    ret->entNr = 0;
    ret->input = input;"
local.oob.memfunc.length-misuse.maxcover.v5,local.oob.memfunc.length-misuse.maxcover.v5,warning,low,"CWE-120,CWE-125,CWE-787",/mnt/WorkDrive/SAILR/dataset/55980/libxml2_55980_fix/xmlregexp.c,3236,6,3236,12,High-coverage OOB risk: length/count may be unbounded for memcpy().,,3231,3241,"	    fprintf(stderr, ""exec save: allocation failed"");
	    exec->status = -6;
	    return;
	}
	if (exec->counts) {
	    memcpy(exec->counts, exec->rollbacks[exec->nbRollbacks].counts,
	       exec->comp->nbCounters * sizeof(int));
	}
    }

#ifdef DEBUG_REGEXP_EXEC"
local.oob.memfunc.length-misuse.maxcover.v5,local.oob.memfunc.length-misuse.maxcover.v5,warning,low,"CWE-120,CWE-125,CWE-787",/mnt/WorkDrive/SAILR/dataset/55980/libxml2_55980_fix/xmlregexp.c,3179,2,3179,8,High-coverage OOB risk: length/count may be unbounded for memset().,,3174,3184,"	if (exec->rollbacks == NULL) {
	    xmlRegexpErrMemory(NULL, ""saving regexp"");
	    exec->maxRollbacks = 0;
	    return;
	}
	memset(exec->rollbacks, 0,
	       exec->maxRollbacks * sizeof(xmlRegExecRollback));
    } else if (exec->nbRollbacks >= exec->maxRollbacks) {
	xmlRegExecRollback *tmp;
	int len = exec->maxRollbacks;
"
local.oob.memfunc.length-misuse.maxcover.v5,local.oob.memfunc.length-misuse.maxcover.v5,warning,low,"CWE-120,CWE-125,CWE-787",/mnt/WorkDrive/SAILR/dataset/55980/libxml2_55980_fix/relaxng.c,774,5,774,11,High-coverage OOB risk: length/count may be unbounded for memset().,,769,779,"    ret = (xmlRelaxNGPtr) xmlMalloc(sizeof(xmlRelaxNG));
    if (ret == NULL) {
        xmlRngPErrMemory(ctxt, NULL);
        return (NULL);
    }
    memset(ret, 0, sizeof(xmlRelaxNG));

    return (ret);
}

/**"
local.oob.memfunc.length-misuse.maxcover.v5,local.oob.memfunc.length-misuse.maxcover.v5,warning,low,"CWE-120,CWE-125,CWE-787",/mnt/WorkDrive/SAILR/dataset/55980/libxml2_55980_fix/valid.c,1546,2,1546,8,High-coverage OOB risk: length/count may be unbounded for memset().,,1541,1551,"		xmlFree(uqname);
            if (ns != NULL)
	        xmlFree(ns);
	    return(NULL);
	}
	memset(ret, 0, sizeof(xmlElement));
	ret->type = XML_ELEMENT_DECL;

	/*
	 * fill the structure.
	 */"
local.oob.memfunc.length-misuse.maxcover.v5,local.oob.memfunc.length-misuse.maxcover.v5,warning,low,"CWE-120,CWE-125,CWE-787",/mnt/WorkDrive/SAILR/dataset/55980/libxml2_55980_fix/xmlregexp.c,3195,2,3195,8,High-coverage OOB risk: length/count may be unbounded for memset().,,3190,3200,"	    exec->maxRollbacks /= 2;
	    return;
	}
	exec->rollbacks = tmp;
	tmp = &exec->rollbacks[len];
	memset(tmp, 0, (exec->maxRollbacks - len) * sizeof(xmlRegExecRollback));
    }
    exec->rollbacks[exec->nbRollbacks].state = exec->state;
    exec->rollbacks[exec->nbRollbacks].index = exec->index;
    exec->rollbacks[exec->nbRollbacks].nextbranch = exec->transno + 1;
    if (exec->comp->nbCounters > 0) {"
local.oob.memfunc.length-misuse.maxcover.v5,local.oob.memfunc.length-misuse.maxcover.v5,warning,low,"CWE-120,CWE-125,CWE-787",/mnt/WorkDrive/SAILR/dataset/55980/libxml2_55980_fix/xmlregexp.c,3210,2,3210,8,High-coverage OOB risk: length/count may be unbounded for memcpy().,,3205,3215,"		xmlRegexpErrMemory(NULL, ""saving regexp"");
		exec->status = -5;
		return;
	    }
	}
	memcpy(exec->rollbacks[exec->nbRollbacks].counts, exec->counts,
	       exec->comp->nbCounters * sizeof(int));
    }
    exec->nbRollbacks++;
}
"
local.oob.memfunc.length-misuse.maxcover.v5,local.oob.memfunc.length-misuse.maxcover.v5,warning,low,"CWE-120,CWE-125,CWE-787",/mnt/WorkDrive/SAILR/dataset/55980/libxml2_55980_fix/xmlwriter.c,4484,5,4484,28,High-coverage OOB risk: length/count may be unbounded for memcpy().,,4479,4489,"        xmlWriterErrMsg(NULL, XML_ERR_NO_MEMORY,
                        ""xmlTextWriterVSprintf : out of memory!\n"");
        return NULL;
    }

    VA_COPY(locarg, argptr);
    while (((count = vsnprintf((char *) buf, size, format, locarg)) < 0)
           || (count == size - 1) || (count == size) || (count > size)) {
	va_end(locarg);
        xmlFree(buf);
        size += BUFSIZ;"
local.oob.memfunc.length-misuse.maxcover.v5,local.oob.memfunc.length-misuse.maxcover.v5,warning,low,"CWE-120,CWE-125,CWE-787",/mnt/WorkDrive/SAILR/dataset/55980/libxml2_55980_fix/xmlwriter.c,4496,2,4496,25,High-coverage OOB risk: length/count may be unbounded for memcpy().,,4491,4501,"        if (buf == NULL) {
            xmlWriterErrMsg(NULL, XML_ERR_NO_MEMORY,
                            ""xmlTextWriterVSprintf : out of memory!\n"");
            return NULL;
        }
	VA_COPY(locarg, argptr);
    }
    va_end(locarg);

    return buf;
}"
local.oob.memfunc.length-misuse.maxcover.v5,local.oob.memfunc.length-misuse.maxcover.v5,warning,low,"CWE-120,CWE-125,CWE-787",/mnt/WorkDrive/SAILR/dataset/55980/libxml2_55980_fix/valid.c,1003,5,1003,11,High-coverage OOB risk: length/count may be unbounded for memset().,,998,1008,"    ret = (xmlElementContentPtr) xmlMalloc(sizeof(xmlElementContent));
    if (ret == NULL) {
	xmlVErrMemory(NULL, ""malloc failed"");
	return(NULL);
    }
    memset(ret, 0, sizeof(xmlElementContent));
    ret->type = cur->type;
    ret->ocur = cur->ocur;
    if (cur->name != NULL) {
	if (dict)
	    ret->name = xmlDictLookup(dict, cur->name, -1);"
local.oob.memfunc.length-misuse.maxcover.v5,local.oob.memfunc.length-misuse.maxcover.v5,warning,low,"CWE-120,CWE-125,CWE-787",/mnt/WorkDrive/SAILR/dataset/55980/libxml2_55980_fix/valid.c,1032,6,1032,12,High-coverage OOB risk: length/count may be unbounded for memset().,,1027,1037,"	    tmp = (xmlElementContentPtr) xmlMalloc(sizeof(xmlElementContent));
	    if (tmp == NULL) {
		xmlVErrMemory(NULL, ""malloc failed"");
		return(ret);
	    }
	    memset(tmp, 0, sizeof(xmlElementContent));
	    tmp->type = cur->type;
	    tmp->ocur = cur->ocur;
	    prev->c2 = tmp;
	    tmp->parent = prev;
	    if (cur->name != NULL) {"
local.oob.memfunc.length-misuse.maxcover.v5,local.oob.memfunc.length-misuse.maxcover.v5,warning,low,"CWE-120,CWE-125,CWE-787",/mnt/WorkDrive/SAILR/dataset/55980/libxml2_55980_fix/xmlschemas.c,27768,5,27768,11,High-coverage OOB risk: length/count may be unbounded for memset().,,27763,27773,"    ret = (xmlSchemaValidCtxtPtr) xmlMalloc(sizeof(xmlSchemaValidCtxt));
    if (ret == NULL) {
        xmlSchemaVErrMemory(NULL, ""allocating validation context"", NULL);
        return (NULL);
    }
    memset(ret, 0, sizeof(xmlSchemaValidCtxt));
    ret->type = XML_SCHEMA_CTXT_VALIDATOR;
    ret->dict = xmlDictCreate();
    ret->nodeQNames = xmlSchemaItemListCreate();
    ret->schema = schema;
    return (ret);"
local.oob.memfunc.length-misuse.maxcover.v5,local.oob.memfunc.length-misuse.maxcover.v5,warning,low,"CWE-120,CWE-125,CWE-787",/mnt/WorkDrive/SAILR/dataset/55980/libxml2_55980_fix/parser.c,3733,6,3733,12,High-coverage OOB risk: length/count may be unbounded for memcpy().,,3728,3738,"	    buffer = (xmlChar *) xmlMallocAtomic(max);
	    if (buffer == NULL) {
	        xmlErrMemory(ctxt, NULL);
		return(NULL);
	    }
	    memcpy(buffer, buf, len);
	    while (xmlIsNameChar(ctxt, c)) {
		if (count++ > XML_PARSER_CHUNK_SIZE) {
		    count = 0;
		    GROW;
                    if (ctxt->instate == XML_PARSER_EOF) {"
local.oob.memfunc.length-misuse.maxcover.v5,local.oob.memfunc.length-misuse.maxcover.v5,warning,low,"CWE-120,CWE-125,CWE-787",/mnt/WorkDrive/SAILR/dataset/55980/libxml2_55980_fix/valid.c,938,5,938,11,High-coverage OOB risk: length/count may be unbounded for memset().,,933,943,"    ret = (xmlElementContentPtr) xmlMalloc(sizeof(xmlElementContent));
    if (ret == NULL) {
	xmlVErrMemory(NULL, ""malloc failed"");
	return(NULL);
    }
    memset(ret, 0, sizeof(xmlElementContent));
    ret->type = type;
    ret->ocur = XML_ELEMENT_CONTENT_ONCE;
    if (name != NULL) {
        int l;
	const xmlChar *tmp;"
local.oob.memfunc.length-misuse.maxcover.v5,local.oob.memfunc.length-misuse.maxcover.v5,warning,low,"CWE-120,CWE-125,CWE-787",/mnt/WorkDrive/SAILR/dataset/55980/libxml2_55980_fix/parser.c,3635,6,3635,12,High-coverage OOB risk: length/count may be unbounded for memcpy().,,3630,3640,"	    buffer = (xmlChar *) xmlMallocAtomic(max);
	    if (buffer == NULL) {
	        xmlErrMemory(ctxt, NULL);
		return(NULL);
	    }
	    memcpy(buffer, buf, len);
	    while (xmlIsNameChar(ctxt, c)) {
		if (len + 10 > max) {
		    xmlChar *tmp;

		    max *= 2;"
local.oob.memfunc.length-misuse.maxcover.v5,local.oob.memfunc.length-misuse.maxcover.v5,warning,low,"CWE-120,CWE-125,CWE-787",/mnt/WorkDrive/SAILR/dataset/55980/libxml2_55980_fix/valid.c,869,12,869,18,High-coverage OOB risk: length/count may be unbounded for memset().,,864,874,"    if ((ret = xmlMalloc(sizeof (xmlValidCtxt))) == NULL) {
	xmlVErrMemory(NULL, ""malloc failed"");
	return (NULL);
    }

    (void) memset(ret, 0, sizeof (xmlValidCtxt));

    return (ret);
}

/**"
local.oob.memfunc.length-misuse.maxcover.v5,local.oob.memfunc.length-misuse.maxcover.v5,warning,low,"CWE-120,CWE-125,CWE-787",/mnt/WorkDrive/SAILR/dataset/55980/libxml2_55980_fix/timsort.h,383,5,383,11,High-coverage OOB risk: length/count may be unbounded for memcpy().,,378,388,"  TIM_SORT_RESIZE(store, MIN(A, B));
  storage = store->storage;

  /* left merge */
  if (A < B) {
    memcpy(storage, &dst[curr], A * sizeof(SORT_TYPE));
    i = 0;
    j = curr + A;

    for (k = curr; k < curr + A + B; k++) {
      if ((i < A) && (j < curr + A + B)) {"
local.oob.memfunc.length-misuse.maxcover.v5,local.oob.memfunc.length-misuse.maxcover.v5,warning,low,"CWE-120,CWE-125,CWE-787",/mnt/WorkDrive/SAILR/dataset/55980/libxml2_55980_fix/timsort.h,402,5,402,11,High-coverage OOB risk: length/count may be unbounded for memcpy().,,397,407,"        break;
      }
    }
  } else {
    /* right merge */
    memcpy(storage, &dst[curr + A], B * sizeof(SORT_TYPE));
    i = B;
    j = curr + A;
    k = curr + A + B;

    while (k > curr) {"
local.oob.memfunc.length-misuse.maxcover.v5,local.oob.memfunc.length-misuse.maxcover.v5,warning,low,"CWE-120,CWE-125,CWE-787",/mnt/WorkDrive/SAILR/dataset/55980/libxml2_55980_fix/tree.c,2810,5,2810,11,High-coverage OOB risk: length/count may be unbounded for memset().,,2805,2815,"    cur = (xmlNodePtr) xmlMalloc(sizeof(xmlNode));
    if (cur == NULL) {
	xmlTreeErrMemory(""building CDATA"");
	return(NULL);
    }
    memset(cur, 0, sizeof(xmlNode));
    cur->type = XML_CDATA_SECTION_NODE;
    cur->doc = doc;

    if (content != NULL) {
	cur->content = xmlStrndup(content, len);"
local.oob.memfunc.length-misuse.maxcover.v5,local.oob.memfunc.length-misuse.maxcover.v5,warning,low,"CWE-120,CWE-125,CWE-787",/mnt/WorkDrive/SAILR/dataset/55980/libxml2_55980_fix/tree.c,2776,5,2776,11,High-coverage OOB risk: length/count may be unbounded for memset().,,2771,2781,"    cur = (xmlNodePtr) xmlMalloc(sizeof(xmlNode));
    if (cur == NULL) {
	xmlTreeErrMemory(""building comment"");
	return(NULL);
    }
    memset(cur, 0, sizeof(xmlNode));
    cur->type = XML_COMMENT_NODE;

    cur->name = xmlStringComment;
    if (content != NULL) {
	cur->content = xmlStrdup(content);"
local.oob.memfunc.length-misuse.maxcover.v5,local.oob.memfunc.length-misuse.maxcover.v5,warning,low,"CWE-120,CWE-125,CWE-787",/mnt/WorkDrive/SAILR/dataset/55980/libxml2_55980_fix/tree.c,2723,5,2723,11,High-coverage OOB risk: length/count may be unbounded for memset().,,2718,2728,"    cur = (xmlNodePtr) xmlMalloc(sizeof(xmlNode));
    if (cur == NULL) {
	xmlTreeErrMemory(""building text"");
	return(NULL);
    }
    memset(cur, 0, sizeof(xmlNode));
    cur->type = XML_TEXT_NODE;

    cur->name = xmlStringText;
    if (content != NULL) {
	cur->content = xmlStrndup(content, len);"
local.oob.memfunc.length-misuse.maxcover.v5,local.oob.memfunc.length-misuse.maxcover.v5,warning,low,"CWE-120,CWE-125,CWE-787",/mnt/WorkDrive/SAILR/dataset/55980/libxml2_55980_fix/tree.c,2652,5,2652,11,High-coverage OOB risk: length/count may be unbounded for memset().,,2647,2657,"    cur = (xmlNodePtr) xmlMalloc(sizeof(xmlNode));
    if (cur == NULL) {
	xmlTreeErrMemory(""building reference"");
	return(NULL);
    }
    memset(cur, 0, sizeof(xmlNode));
    cur->type = XML_ENTITY_REF_NODE;

    cur->doc = (xmlDoc *)doc;
    if (name[0] == '&') {
        int len;"
local.oob.memfunc.length-misuse.maxcover.v5,local.oob.memfunc.length-misuse.maxcover.v5,warning,low,"CWE-120,CWE-125,CWE-787",/mnt/WorkDrive/SAILR/dataset/55980/libxml2_55980_fix/tree.c,2608,5,2608,11,High-coverage OOB risk: length/count may be unbounded for memset().,,2603,2613,"    cur = (xmlNodePtr) xmlMalloc(sizeof(xmlNode));
    if (cur == NULL) {
	xmlTreeErrMemory(""building character reference"");
	return(NULL);
    }
    memset(cur, 0, sizeof(xmlNode));
    cur->type = XML_ENTITY_REF_NODE;

    cur->doc = doc;
    if (name[0] == '&') {
        int len;"
local.oob.memfunc.length-misuse.maxcover.v5,local.oob.memfunc.length-misuse.maxcover.v5,warning,low,"CWE-120,CWE-125,CWE-787",/mnt/WorkDrive/SAILR/dataset/55980/libxml2_55980_fix/xmlschemastypes.c,5921,4,5921,11,High-coverage OOB risk: length/count may be unbounded for memmove().,,5916,5926,"		    if (dec.frac != dec.total) {
			int diff = dec.total - dec.frac;
			/*
			* Insert the decimal point.
			*/
			memmove(offs + diff + 1, offs + diff, dec.frac +1);
			offs[diff] = '.';
		    } else {
			unsigned int i = 0;
			/*
			* Insert missing zeroes behind the decimal point."
local.oob.memfunc.length-misuse.maxcover.v5,local.oob.memfunc.length-misuse.maxcover.v5,warning,low,"CWE-120,CWE-125,CWE-787",/mnt/WorkDrive/SAILR/dataset/55980/libxml2_55980_fix/xmlschemastypes.c,5931,8,5931,15,High-coverage OOB risk: length/count may be unbounded for memmove().,,5926,5936,"			* Insert missing zeroes behind the decimal point.
			*/
			while (*(offs + i) != 0)
			    i++;
			if (i < dec.total) {
			    memmove(offs + (dec.total - i), offs, i +1);
			    memset(offs, '0', dec.total - i);
			}
		    }
		} else {
		    /*"
local.oob.memfunc.length-misuse.maxcover.v5,local.oob.memfunc.length-misuse.maxcover.v5,warning,low,"CWE-120,CWE-125,CWE-787",/mnt/WorkDrive/SAILR/dataset/55980/libxml2_55980_fix/xmlschemastypes.c,5932,8,5932,14,High-coverage OOB risk: length/count may be unbounded for memset().,,5927,5937,"			*/
			while (*(offs + i) != 0)
			    i++;
			if (i < dec.total) {
			    memmove(offs + (dec.total - i), offs, i +1);
			    memset(offs, '0', dec.total - i);
			}
		    }
		} else {
		    /*
		    * Append decimal point and zero."
local.oob.memfunc.length-misuse.maxcover.v5,local.oob.memfunc.length-misuse.maxcover.v5,warning,low,"CWE-120,CWE-125,CWE-787",/mnt/WorkDrive/SAILR/dataset/55980/libxml2_55980_fix/tree.c,2490,5,2490,11,High-coverage OOB risk: length/count may be unbounded for memset().,,2485,2495,"    cur = (xmlNodePtr) xmlMalloc(sizeof(xmlNode));
    if (cur == NULL) {
	xmlTreeErrMemory(""building text"");
	return(NULL);
    }
    memset(cur, 0, sizeof(xmlNode));
    cur->type = XML_TEXT_NODE;

    cur->name = xmlStringText;
    if (content != NULL) {
	cur->content = xmlStrdup(content);"
local.oob.memfunc.length-misuse.maxcover.v5,local.oob.memfunc.length-misuse.maxcover.v5,warning,low,"CWE-120,CWE-125,CWE-787",/mnt/WorkDrive/SAILR/dataset/55980/libxml2_55980_fix/xzlib.c,741,13,741,19,High-coverage OOB risk: length/count may be unbounded for memcpy().,,736,746,"    got = 0;
    do {
        /* first just try copying data from the output buffer */
        if (state->have) {
            n = state->have > len ? len : state->have;
            memcpy(buf, state->next, n);
            state->next += n;
            state->have -= n;
        }

        /* output buffer empty -- return if we're at the end of the input */"
local.oob.memfunc.length-misuse.maxcover.v5,local.oob.memfunc.length-misuse.maxcover.v5,warning,low,"CWE-120,CWE-125,CWE-787",/mnt/WorkDrive/SAILR/dataset/55980/libxml2_55980_fix/tree.c,2457,5,2457,11,High-coverage OOB risk: length/count may be unbounded for memset().,,2452,2462,"    cur = (xmlNodePtr) xmlMalloc(sizeof(xmlNode));
    if (cur == NULL) {
	xmlTreeErrMemory(""building fragment"");
	return(NULL);
    }
    memset(cur, 0, sizeof(xmlNode));
    cur->type = XML_DOCUMENT_FRAG_NODE;

    cur->doc = doc;

    if ((__xmlRegisterCallbacks) && (xmlRegisterNodeDefaultValue))"
local.oob.memfunc.length-misuse.maxcover.v5,local.oob.memfunc.length-misuse.maxcover.v5,warning,low,"CWE-120,CWE-125,CWE-787",/mnt/WorkDrive/SAILR/dataset/55980/libxml2_55980_fix/tree.c,2323,5,2323,11,High-coverage OOB risk: length/count may be unbounded for memset().,,2318,2328,"    if (cur == NULL) {
	xmlTreeErrMemory(""building node"");
	/* we can't check here that name comes from the doc dictionary */
	return(NULL);
    }
    memset(cur, 0, sizeof(xmlNode));
    cur->type = XML_ELEMENT_NODE;

    cur->name = name;
    cur->ns = ns;
"
local.oob.memfunc.length-misuse.maxcover.v5,local.oob.memfunc.length-misuse.maxcover.v5,warning,low,"CWE-120,CWE-125,CWE-787",/mnt/WorkDrive/SAILR/dataset/55980/libxml2_55980_fix/tree.c,2278,5,2278,11,High-coverage OOB risk: length/count may be unbounded for memset().,,2273,2283,"    cur = (xmlNodePtr) xmlMalloc(sizeof(xmlNode));
    if (cur == NULL) {
	xmlTreeErrMemory(""building node"");
	return(NULL);
    }
    memset(cur, 0, sizeof(xmlNode));
    cur->type = XML_ELEMENT_NODE;

    cur->name = xmlStrdup(name);
    cur->ns = ns;
"
local.oob.memfunc.length-misuse.maxcover.v5,local.oob.memfunc.length-misuse.maxcover.v5,warning,low,"CWE-120,CWE-125,CWE-787",/mnt/WorkDrive/SAILR/dataset/55980/libxml2_55980_fix/tree.c,2213,5,2213,11,High-coverage OOB risk: length/count may be unbounded for memset().,,2208,2218,"    cur = (xmlNodePtr) xmlMalloc(sizeof(xmlNode));
    if (cur == NULL) {
	xmlTreeErrMemory(""building PI"");
	return(NULL);
    }
    memset(cur, 0, sizeof(xmlNode));
    cur->type = XML_PI_NODE;

    if ((doc != NULL) && (doc->dict != NULL))
        cur->name = xmlDictLookup(doc->dict, name, -1);
    else"
local.oob.memfunc.length-misuse.maxcover.v5,local.oob.memfunc.length-misuse.maxcover.v5,warning,low,"CWE-120,CWE-125,CWE-787",/mnt/WorkDrive/SAILR/dataset/55980/libxml2_55980_fix/parser.c,3012,2,3012,8,High-coverage OOB risk: length/count may be unbounded for memcpy().,,3007,3017,"	buffer = (xmlChar *) xmlMallocAtomic(max);
	if (buffer == NULL) {
	    xmlErrMemory(ctxt, NULL);
	    return(NULL);
	}
	memcpy(buffer, buf, len);
	while ((c != 0) && (c != ':')) { /* tested bigname.xml */
	    if (len + 10 > max) {
	        xmlChar *tmp;

		max *= 2;"
local.oob.memfunc.length-misuse.maxcover.v5,local.oob.memfunc.length-misuse.maxcover.v5,warning,low,"CWE-120,CWE-125,CWE-787",/mnt/WorkDrive/SAILR/dataset/55980/libxml2_55980_fix/tree.c,2063,5,2063,11,High-coverage OOB risk: length/count may be unbounded for memset().,,2058,2068,"    cur = (xmlAttrPtr) xmlMalloc(sizeof(xmlAttr));
    if (cur == NULL) {
	xmlTreeErrMemory(""building attribute"");
	return(NULL);
    }
    memset(cur, 0, sizeof(xmlAttr));
    cur->type = XML_ATTRIBUTE_NODE;

    if ((doc != NULL) && (doc->dict != NULL))
	cur->name = xmlDictLookup(doc->dict, name, -1);
    else"
local.oob.memfunc.length-misuse.maxcover.v5,local.oob.memfunc.length-misuse.maxcover.v5,warning,low,"CWE-120,CWE-125,CWE-787",/mnt/WorkDrive/SAILR/dataset/55980/libxml2_55980_fix/parser.c,3090,6,3090,12,High-coverage OOB risk: length/count may be unbounded for memcpy().,,3085,3095,"	    buffer = (xmlChar *) xmlMallocAtomic(max);
	    if (buffer == NULL) {
	        xmlErrMemory(ctxt, NULL);
		return(NULL);
	    }
	    memcpy(buffer, buf, len);
	    while (c != 0) { /* tested bigname2.xml */
		if (len + 10 > max) {
		    xmlChar *tmp;

		    max *= 2;"
local.oob.memfunc.length-misuse.maxcover.v5,local.oob.memfunc.length-misuse.maxcover.v5,warning,low,"CWE-120,CWE-125,CWE-787",/mnt/WorkDrive/SAILR/dataset/55980/libxml2_55980_fix/xzlib.c,518,9,518,15,High-coverage OOB risk: length/count may be unbounded for memcpy().,,513,523,"     * input to output -- this assumes that the output buffer is larger than
     * the input buffer, which also assures space for gzungetc() */
    state->raw = state->pos;
    state->next = state->out;
    if (strm->avail_in) {
        memcpy(state->next + state->have, strm->next_in, strm->avail_in);
        state->have += strm->avail_in;
        strm->avail_in = 0;
    }
    state->how = COPY;
    state->direct = 1;"
local.oob.memfunc.length-misuse.maxcover.v5,local.oob.memfunc.length-misuse.maxcover.v5,warning,low,"CWE-120,CWE-125,CWE-787",/mnt/WorkDrive/SAILR/dataset/55980/libxml2_55980_fix/tree.c,1896,5,1896,11,High-coverage OOB risk: length/count may be unbounded for memset().,,1891,1901,"	     (!(xmlDictOwns(node->doc->dict, name)))))
            xmlFree((xmlChar *) name);
        xmlTreeErrMemory(""building attribute"");
        return (NULL);
    }
    memset(cur, 0, sizeof(xmlAttr));
    cur->type = XML_ATTRIBUTE_NODE;

    cur->parent = node;
    if (node != NULL) {
        doc = node->doc;"
local.oob.memfunc.length-misuse.maxcover.v5,local.oob.memfunc.length-misuse.maxcover.v5,warning,low,"CWE-120,CWE-125,CWE-787",/mnt/WorkDrive/SAILR/dataset/55980/libxml2_55980_fix/xzlib.c,288,35,288,41,High-coverage OOB risk: length/count may be unbounded for memcmp().,,283,293,"static int
is_format_xz(xz_statep state)
{
    lzma_stream *strm = &(state->strm);

    return strm->avail_in >= 6 && memcmp(state->in, ""\3757zXZ"", 6) == 0;
}

static int
is_format_lzma(xz_statep state)
{"
local.oob.memfunc.length-misuse.maxcover.v5,local.oob.memfunc.length-misuse.maxcover.v5,warning,low,"CWE-120,CWE-125,CWE-787",/mnt/WorkDrive/SAILR/dataset/55980/libxml2_55980_fix/xzlib.c,234,15,234,19,High-coverage OOB risk: length/count may be unbounded for read().,,229,239,"{
    int ret;

    *have = 0;
    do {
        ret = read(state->fd, buf + *have, len - *have);
        if (ret <= 0)
            break;
        *have += ret;
    } while (*have < len);
    if (ret < 0) {"
local.oob.memfunc.length-misuse.maxcover.v5,local.oob.memfunc.length-misuse.maxcover.v5,warning,low,"CWE-120,CWE-125,CWE-787",/mnt/WorkDrive/SAILR/dataset/55980/libxml2_55980_fix/tree.c,1175,5,1175,11,High-coverage OOB risk: length/count may be unbounded for memset().,,1170,1180,"    cur = (xmlDocPtr) xmlMalloc(sizeof(xmlDoc));
    if (cur == NULL) {
	xmlTreeErrMemory(""building doc"");
	return(NULL);
    }
    memset(cur, 0, sizeof(xmlDoc));
    cur->type = XML_DOCUMENT_NODE;

    cur->version = xmlStrdup(version);
    if (cur->version == NULL) {
	xmlTreeErrMemory(""building doc"");"
local.oob.memfunc.length-misuse.maxcover.v5,local.oob.memfunc.length-misuse.maxcover.v5,warning,low,"CWE-120,CWE-125,CWE-787",/mnt/WorkDrive/SAILR/dataset/55980/libxml2_55980_fix/xmlregexp.c,909,5,909,11,High-coverage OOB risk: length/count may be unbounded for memset().,,904,914,"    ret = (xmlRegStatePtr) xmlMalloc(sizeof(xmlRegState));
    if (ret == NULL) {
	xmlRegexpErrMemory(ctxt, ""allocating state"");
	return(NULL);
    }
    memset(ret, 0, sizeof(xmlRegState));
    ret->type = XML_REGEXP_TRANS_STATE;
    ret->mark = XML_REGEXP_MARK_NORMAL;
    return(ret);
}
"
local.oob.memfunc.length-misuse.maxcover.v5,local.oob.memfunc.length-misuse.maxcover.v5,warning,low,"CWE-120,CWE-125,CWE-787",/mnt/WorkDrive/SAILR/dataset/55980/libxml2_55980_fix/xmlregexp.c,872,5,872,11,High-coverage OOB risk: length/count may be unbounded for memset().,,867,877,"    ret = (xmlRegAtomPtr) xmlMalloc(sizeof(xmlRegAtom));
    if (ret == NULL) {
	xmlRegexpErrMemory(ctxt, ""copying atom"");
	return(NULL);
    }
    memset(ret, 0, sizeof(xmlRegAtom));
    ret->type = atom->type;
    ret->quant = atom->quant;
    ret->min = atom->min;
    ret->max = atom->max;
    if (atom->nbRanges > 0) {"
local.oob.memfunc.length-misuse.maxcover.v5,local.oob.memfunc.length-misuse.maxcover.v5,warning,low,"CWE-120,CWE-125,CWE-787",/mnt/WorkDrive/SAILR/dataset/55980/libxml2_55980_fix/tree.c,971,5,971,11,High-coverage OOB risk: length/count may be unbounded for memset().,,966,976,"    cur = (xmlDtdPtr) xmlMalloc(sizeof(xmlDtd));
    if (cur == NULL) {
	xmlTreeErrMemory(""building internal subset"");
	return(NULL);
    }
    memset(cur, 0, sizeof(xmlDtd));
    cur->type = XML_DTD_NODE;

    if (name != NULL) {
	cur->name = xmlStrdup(name);
	if (cur->name == NULL) {"
local.oob.memfunc.length-misuse.maxcover.v5,local.oob.memfunc.length-misuse.maxcover.v5,warning,low,"CWE-120,CWE-125,CWE-787",/mnt/WorkDrive/SAILR/dataset/55980/libxml2_55980_fix/xmlschemas.c,25428,2,25428,8,High-coverage OOB risk: length/count may be unbounded for memset().,,25423,25433,"	}
	if (attr->val != NULL) {
	    xmlSchemaFreeValue(attr->val);
	    attr->val = NULL;
	}
	memset(attr, 0, sizeof(xmlSchemaAttrInfo));
    }
    vctxt->nbAttrInfos = 0;
}

/*"
local.oob.memfunc.length-misuse.maxcover.v5,local.oob.memfunc.length-misuse.maxcover.v5,warning,low,"CWE-120,CWE-125,CWE-787",/mnt/WorkDrive/SAILR/dataset/55980/libxml2_55980_fix/xmlregexp.c,820,5,820,11,High-coverage OOB risk: length/count may be unbounded for memset().,,815,825,"    ret = (xmlRegAtomPtr) xmlMalloc(sizeof(xmlRegAtom));
    if (ret == NULL) {
	xmlRegexpErrMemory(ctxt, ""allocating atom"");
	return(NULL);
    }
    memset(ret, 0, sizeof(xmlRegAtom));
    ret->type = type;
    ret->quant = XML_REGEXP_QUANT_ONCE;
    ret->min = 0;
    ret->max = 0;
    return(ret);"
local.oob.memfunc.length-misuse.maxcover.v5,local.oob.memfunc.length-misuse.maxcover.v5,warning,low,"CWE-120,CWE-125,CWE-787",/mnt/WorkDrive/SAILR/dataset/55980/libxml2_55980_fix/xmlregexp.c,716,5,716,11,High-coverage OOB risk: length/count may be unbounded for memset().,,711,721,"    xmlRegParserCtxtPtr ret;

    ret = (xmlRegParserCtxtPtr) xmlMalloc(sizeof(xmlRegParserCtxt));
    if (ret == NULL)
	return(NULL);
    memset(ret, 0, sizeof(xmlRegParserCtxt));
    if (string != NULL)
	ret->string = xmlStrdup(string);
    ret->cur = ret->string;
    ret->neg = 0;
    ret->negs = 0;"
local.oob.memfunc.length-misuse.maxcover.v5,local.oob.memfunc.length-misuse.maxcover.v5,warning,low,"CWE-120,CWE-125,CWE-787",/mnt/WorkDrive/SAILR/dataset/55980/libxml2_55980_fix/tree.c,897,5,897,11,High-coverage OOB risk: length/count may be unbounded for memset().,,892,902,"    cur = (xmlDtdPtr) xmlMalloc(sizeof(xmlDtd));
    if (cur == NULL) {
	xmlTreeErrMemory(""building DTD"");
	return(NULL);
    }
    memset(cur, 0 , sizeof(xmlDtd));
    cur->type = XML_DTD_NODE;

    if (name != NULL)
	cur->name = xmlStrdup(name);
    if (ExternalID != NULL)"
local.oob.memfunc.length-misuse.maxcover.v5,local.oob.memfunc.length-misuse.maxcover.v5,warning,low,"CWE-120,CWE-125,CWE-787",/mnt/WorkDrive/SAILR/dataset/55980/libxml2_55980_fix/xmlregexp.c,465,5,465,11,High-coverage OOB risk: length/count may be unbounded for memset().,,460,470,"    ret = (xmlRegexpPtr) xmlMalloc(sizeof(xmlRegexp));
    if (ret == NULL) {
	xmlRegexpErrMemory(ctxt, ""compiling regexp"");
	return(NULL);
    }
    memset(ret, 0, sizeof(xmlRegexp));
    ret->string = ctxt->string;
    ret->nbStates = ctxt->nbStates;
    ret->states = ctxt->states;
    ret->nbAtoms = ctxt->nbAtoms;
    ret->atoms = ctxt->atoms;"
local.oob.memfunc.length-misuse.maxcover.v5,local.oob.memfunc.length-misuse.maxcover.v5,warning,low,"CWE-120,CWE-125,CWE-787",/mnt/WorkDrive/SAILR/dataset/55980/libxml2_55980_fix/tree.c,761,5,761,11,High-coverage OOB risk: length/count may be unbounded for memset().,,756,766,"    cur = (xmlNsPtr) xmlMalloc(sizeof(xmlNs));
    if (cur == NULL) {
	xmlTreeErrMemory(""building namespace"");
	return(NULL);
    }
    memset(cur, 0, sizeof(xmlNs));
    cur->type = XML_LOCAL_NAMESPACE;

    if (href != NULL)
	cur->href = xmlStrdup(href);
    if (prefix != NULL)"
local.oob.memfunc.length-misuse.maxcover.v5,local.oob.memfunc.length-misuse.maxcover.v5,warning,low,"CWE-120,CWE-125,CWE-787",/mnt/WorkDrive/SAILR/dataset/55980/libxml2_55980_fix/xmlregexp.c,444,9,444,15,High-coverage OOB risk: length/count may be unbounded for memset().,,439,449,"    if (dim1 > SIZE_MAX / dim2 / elemSize)
        return (NULL);
    totalSize = dim1 * dim2 * elemSize;
    ret = xmlMalloc(totalSize);
    if (ret != NULL)
        memset(ret, 0, totalSize);
    return (ret);
}

/**
 * xmlRegEpxFromParse:"
local.oob.memfunc.length-misuse.maxcover.v5,local.oob.memfunc.length-misuse.maxcover.v5,warning,low,"CWE-120,CWE-125,CWE-787",/mnt/WorkDrive/SAILR/dataset/55980/libxml2_55980_fix/xmlwriter.c,436,5,436,11,High-coverage OOB risk: length/count may be unbounded for memset().,,431,441,"        xmlWriterErrMsg(NULL, XML_ERR_INTERNAL_ERROR,
                        ""xmlNewTextWriterTree : invalid document tree!\n"");
        return NULL;
    }

    memset(&saxHandler, '\0', sizeof(saxHandler));
    xmlSAX2InitDefaultSAXHandler(&saxHandler, 1);
    saxHandler.startDocument = xmlTextWriterStartDocumentCallback;
    saxHandler.startElement = xmlSAX2StartElement;
    saxHandler.endElement = xmlSAX2EndElement;
"
local.oob.memfunc.length-misuse.maxcover.v5,local.oob.memfunc.length-misuse.maxcover.v5,warning,low,"CWE-120,CWE-125,CWE-787",/mnt/WorkDrive/SAILR/dataset/55980/libxml2_55980_fix/parser.c,1670,13,1670,19,High-coverage OOB risk: length/count may be unbounded for memcpy().,,1665,1675,"	if (attallocs == NULL) {
            xmlFree(atts);
            goto mem_error;
        }
        if (ctxt->maxatts > 0)
            memcpy(atts, ctxt->atts, ctxt->maxatts * sizeof(const xmlChar *));
        xmlFree(ctxt->atts);
	ctxt->atts = atts;
	ctxt->attallocs = attallocs;
	ctxt->maxatts = maxatts;
    }"
local.oob.memfunc.length-misuse.maxcover.v5,local.oob.memfunc.length-misuse.maxcover.v5,warning,low,"CWE-120,CWE-125,CWE-787",/mnt/WorkDrive/SAILR/dataset/55980/libxml2_55980_fix/xmlwriter.c,367,5,367,11,High-coverage OOB risk: length/count may be unbounded for memset().,,362,372,"{
    xmlTextWriterPtr ret;
    xmlSAXHandler saxHandler;
    xmlParserCtxtPtr ctxt;

    memset(&saxHandler, '\0', sizeof(saxHandler));
    xmlSAX2InitDefaultSAXHandler(&saxHandler, 1);
    saxHandler.startDocument = xmlTextWriterStartDocumentCallback;
    saxHandler.startElement = xmlSAX2StartElement;
    saxHandler.endElement = xmlSAX2EndElement;
"
local.oob.memfunc.length-misuse.maxcover.v5,local.oob.memfunc.length-misuse.maxcover.v5,warning,low,"CWE-120,CWE-125,CWE-787",/mnt/WorkDrive/SAILR/dataset/55980/libxml2_55980_fix/xmlwriter.c,192,5,192,11,High-coverage OOB risk: length/count may be unbounded for memset().,,187,197,"    if (ret == NULL) {
        xmlWriterErrMsg(NULL, XML_ERR_NO_MEMORY,
                        ""xmlNewTextWriter : out of memory!\n"");
        return NULL;
    }
    memset(ret, 0, sizeof(xmlTextWriter));

    ret->nodes = xmlListCreate(xmlFreeTextWriterStackEntry,
                               xmlCmpTextWriterStackEntry);
    if (ret->nodes == NULL) {
        xmlWriterErrMsg(NULL, XML_ERR_NO_MEMORY,"
local.oob.memfunc.length-misuse.maxcover.v5,local.oob.memfunc.length-misuse.maxcover.v5,warning,low,"CWE-120,CWE-125,CWE-787",/mnt/WorkDrive/SAILR/dataset/55980/libxml2_55980_fix/xmlschemas.c,24350,2,24350,8,High-coverage OOB risk: length/count may be unbounded for memset().,,24345,24355,"	if (vctxt->elemInfos == NULL) {
	    xmlSchemaVErrMemory(vctxt,
		""allocating the element info array"", NULL);
	    return (NULL);
	}
	memset(vctxt->elemInfos, 0, 10 * sizeof(xmlSchemaNodeInfoPtr));
	vctxt->sizeElemInfos = 10;
    } else if (vctxt->sizeElemInfos <= vctxt->depth) {
	int i = vctxt->sizeElemInfos;

	vctxt->sizeElemInfos *= 2;"
local.oob.memfunc.length-misuse.maxcover.v5,local.oob.memfunc.length-misuse.maxcover.v5,warning,low,"CWE-120,CWE-125,CWE-787",/mnt/WorkDrive/SAILR/dataset/55980/libxml2_55980_fix/xmlschemas.c,24389,5,24389,11,High-coverage OOB risk: length/count may be unbounded for memset().,,24384,24394,"	    VERROR_INT(""xmlSchemaGetFreshElemInfo"",
		""elem info has not been cleared"");
	    return (NULL);
	}
    }
    memset(info, 0, sizeof(xmlSchemaNodeInfo));
    info->nodeType = XML_ELEMENT_NODE;
    info->depth = vctxt->depth;

    return (info);
}"
local.oob.memfunc.length-misuse.maxcover.v5,local.oob.memfunc.length-misuse.maxcover.v5,warning,low,"CWE-120,CWE-125,CWE-787",/mnt/WorkDrive/SAILR/dataset/55980/libxml2_55980_fix/parser.c,1175,9,1175,16,High-coverage OOB risk: length/count may be unbounded for memmove().,,1170,1180,"	xmlAttrNormalizeSpace(ret, ret);
	*len = strlen((const char *)ret);
        return(ret);
    } else if (remove_head) {
        *len -= remove_head;
        memmove(src, src + remove_head, 1 + *len);
	return(src);
    }
    return(NULL);
}
"
local.oob.memfunc.length-misuse.maxcover.v5,local.oob.memfunc.length-misuse.maxcover.v5,warning,low,"CWE-120,CWE-125,CWE-787",/mnt/WorkDrive/SAILR/dataset/55980/libxml2_55980_fix/xmlschemas.c,24198,5,24198,11,High-coverage OOB risk: length/count may be unbounded for memset().,,24193,24203,"	xmlMalloc(sizeof(xmlSchemaAttrInfo));
    if (iattr == NULL) {
	xmlSchemaVErrMemory(vctxt, ""creating new attribute info"", NULL);
	return (NULL);
    }
    memset(iattr, 0, sizeof(xmlSchemaAttrInfo));
    iattr->nodeType = XML_ATTRIBUTE_NODE;
    vctxt->attrInfos[vctxt->nbAttrInfos++] = iattr;

    return (iattr);
}"
local.oob.memfunc.length-misuse.maxcover.v5,local.oob.memfunc.length-misuse.maxcover.v5,warning,low,"CWE-120,CWE-125,CWE-787",/mnt/WorkDrive/SAILR/dataset/55980/libxml2_55980_fix/xmlschemastypes.c,3791,5,3791,11,High-coverage OOB risk: length/count may be unbounded for memcpy().,,3786,3796,"{
    xmlSchemaValPtr ret = xmlSchemaNewValue(v->type);
    if (ret == NULL)
        return NULL;

    memcpy(ret, v, sizeof(xmlSchemaVal));
    ret->next = NULL;
    return ret;
}

/**"
local.oob.memfunc.length-misuse.maxcover.v5,local.oob.memfunc.length-misuse.maxcover.v5,warning,low,"CWE-120,CWE-125,CWE-787",/mnt/WorkDrive/SAILR/dataset/55980/libxml2_55980_fix/tree.c,242,5,242,11,High-coverage OOB risk: length/count may be unbounded for memcpy().,,237,247,"	    return(NULL);
	}
    } else {
	ret = memory;
    }
    memcpy(&ret[0], prefix, lenp);
    ret[lenp] = ':';
    memcpy(&ret[lenp + 1], ncname, lenn);
    ret[lenn + lenp + 1] = 0;
    return(ret);
}"
local.oob.memfunc.length-misuse.maxcover.v5,local.oob.memfunc.length-misuse.maxcover.v5,warning,low,"CWE-120,CWE-125,CWE-787",/mnt/WorkDrive/SAILR/dataset/55980/libxml2_55980_fix/tree.c,244,5,244,11,High-coverage OOB risk: length/count may be unbounded for memcpy().,,239,249,"    } else {
	ret = memory;
    }
    memcpy(&ret[0], prefix, lenp);
    ret[lenp] = ':';
    memcpy(&ret[lenp + 1], ncname, lenn);
    ret[lenn + lenp + 1] = 0;
    return(ret);
}

/**"
local.oob.memfunc.length-misuse.maxcover.v5,local.oob.memfunc.length-misuse.maxcover.v5,warning,low,"CWE-120,CWE-125,CWE-787",/mnt/WorkDrive/SAILR/dataset/55980/libxml2_55980_fix/xmlschemas.c,23962,7,23962,13,High-coverage OOB risk: length/count may be unbounded for memcpy().,,23957,23967,"			xmlSchemaIDCFreeBinding(parBind);
			goto internal_error;
		    }
		    parBind->sizeNodes = bind->nbNodes;
		    parBind->nbNodes = bind->nbNodes;
		    memcpy(parBind->nodeTable, bind->nodeTable,
			bind->nbNodes * sizeof(xmlSchemaPSVIIDCNodePtr));
		}
	    }
	    if (bind->dupls) {
		/*"
local.oob.memfunc.length-misuse.maxcover.v5,local.oob.memfunc.length-misuse.maxcover.v5,warning,low,"CWE-120,CWE-125,CWE-787",/mnt/WorkDrive/SAILR/dataset/55980/libxml2_55980_fix/xmlschemas.c,23477,6,23477,12,High-coverage OOB risk: length/count may be unbounded for memset().,,23472,23482,"	    if (matcher == NULL) {
		xmlSchemaVErrMemory(vctxt,
		    ""allocating an IDC matcher"", NULL);
		return (-1);
	    }
	    memset(matcher, 0, sizeof(xmlSchemaIDCMatcher));
	}
	if (last == NULL)
	    vctxt->inode->idcMatchers = matcher;
	else
	    last->next = matcher;"
local.oob.memfunc.length-misuse.maxcover.v5,local.oob.memfunc.length-misuse.maxcover.v5,warning,low,"CWE-120,CWE-125,CWE-787",/mnt/WorkDrive/SAILR/dataset/55980/libxml2_55980_fix/xmlschemas.c,22997,7,22997,13,High-coverage OOB risk: length/count may be unbounded for memset().,,22992,23002,"			xmlSchemaVErrMemory(NULL,
			    ""allocating an array of key-sequences"",
			    NULL);
			return(-1);
		    }
		    memset(matcher->keySeqs, 0,
			matcher->sizeKeySeqs *
			sizeof(xmlSchemaPSVIIDCKeyPtr *));
		} else if (pos >= matcher->sizeKeySeqs) {
		    int i = matcher->sizeKeySeqs;
"
local.oob.memfunc.length-misuse.maxcover.v5,local.oob.memfunc.length-misuse.maxcover.v5,warning,low,"CWE-120,CWE-125,CWE-787",/mnt/WorkDrive/SAILR/dataset/55980/libxml2_55980_fix/xmlschemas.c,23065,3,23065,9,High-coverage OOB risk: length/count may be unbounded for memset().,,23060,23070,"		if (keySeq == NULL) {
		    xmlSchemaVErrMemory(NULL,
			""allocating an IDC key-sequence"", NULL);
		    return(-1);
		}
		memset(keySeq, 0, matcher->aidc->def->nbFields *
		    sizeof(xmlSchemaPSVIIDCKeyPtr));
		matcher->keySeqs[pos] = keySeq;
create_key:
		/*
		* Create a key once per node only."
local.oob.memfunc.length-misuse.maxcover.v5,local.oob.memfunc.length-misuse.maxcover.v5,warning,low,"CWE-120,CWE-125,CWE-787",/mnt/WorkDrive/SAILR/dataset/55980/libxml2_55980_fix/xmlschemas.c,23245,6,23245,12,High-coverage OOB risk: length/count may be unbounded for memset().,,23240,23250,"		    ""allocating an IDC node-table item"", NULL);
		xmlFree(*keySeq);
		*keySeq = NULL;
		return(-1);
	    }
	    memset(ntItem, 0, sizeof(xmlSchemaPSVIIDCNode));

	    /*
	    * Store the node-table item in a global list.
	    */
	    if (idc->type != XML_SCHEMA_TYPE_IDC_KEYREF) {"
local.oob.memfunc.length-misuse.maxcover.v5,local.oob.memfunc.length-misuse.maxcover.v5,warning,low,"CWE-120,CWE-125,CWE-787",/mnt/WorkDrive/SAILR/dataset/55980/libxml2_55980_fix/xmlschemas.c,22575,2,22575,8,High-coverage OOB risk: length/count may be unbounded for memset().,,22570,22580,"	if (sto == NULL) {
	    xmlSchemaVErrMemory(NULL,
		""allocating an IDC state object"", NULL);
	    return (-1);
	}
	memset(sto, 0, sizeof(xmlSchemaIDCStateObj));
    }
    /*
    * Add to global list.
    */
    if (vctxt->xpathStates != NULL)"
local.oob.memfunc.length-misuse.maxcover.v5,local.oob.memfunc.length-misuse.maxcover.v5,warning,low,"CWE-120,CWE-125,CWE-787",/mnt/WorkDrive/SAILR/dataset/55980/libxml2_55980_fix/xmlschemas.c,22193,5,22193,11,High-coverage OOB risk: length/count may be unbounded for memset().,,22188,22198,"    if (ret == NULL) {
	xmlSchemaVErrMemory(NULL,
	    ""allocating a PSVI IDC binding item"", NULL);
	return (NULL);
    }
    memset(ret, 0, sizeof(xmlSchemaPSVIIDCBinding));
    ret->definition = idcDef;
    return (ret);
}

/**"
local.oob.memfunc.length-misuse.maxcover.v5,local.oob.memfunc.length-misuse.maxcover.v5,warning,low,"CWE-120,CWE-125,CWE-787",/mnt/WorkDrive/SAILR/dataset/55980/libxml2_55980_fix/xpath.c,9964,6,9964,12,High-coverage OOB risk: length/count may be unbounded for memcpy().,,9959,9969,"            }
	    buffer = (xmlChar *) xmlMallocAtomic(max);
	    if (buffer == NULL) {
		XP_ERRORNULL(XPATH_MEMORY_ERROR);
	    }
	    memcpy(buffer, buf, len);
	    while ((IS_LETTER(c)) || (IS_DIGIT(c)) || /* test bigname.xml */
		   (c == '.') || (c == '-') ||
		   (c == '_') || ((qualified) && (c == ':')) ||
		   (IS_COMBINING(c)) ||
		   (IS_EXTENDER(c))) {"
local.oob.memfunc.length-misuse.maxcover.v5,local.oob.memfunc.length-misuse.maxcover.v5,warning,low,"CWE-120,CWE-125,CWE-787",/mnt/WorkDrive/SAILR/dataset/55980/libxml2_55980_fix/xmlschemastypes.c,964,5,964,11,High-coverage OOB risk: length/count may be unbounded for memset().,,959,969,"	return(NULL);
    val = (xmlSchemaValPtr) xmlMalloc(sizeof(xmlSchemaVal));
    if (val == NULL) {
	return(NULL);
    }
    memset(val, 0, sizeof(xmlSchemaVal));
    val->type = type;
    val->value.str = (xmlChar *) value;
    return(val);
}
"
local.oob.memfunc.length-misuse.maxcover.v5,local.oob.memfunc.length-misuse.maxcover.v5,warning,low,"CWE-120,CWE-125,CWE-787",/mnt/WorkDrive/SAILR/dataset/55980/libxml2_55980_fix/xmlschemastypes.c,429,2,429,8,High-coverage OOB risk: length/count may be unbounded for memset().,,424,434,"	    xmlMalloc(sizeof(xmlSchemaModelGroup));
	if (sequence == NULL) {
	    xmlSchemaTypeErrMemory(NULL, ""allocating model group component"");
	    return;
	}
	memset(sequence, 0, sizeof(xmlSchemaModelGroup));
	sequence->type = XML_SCHEMA_TYPE_SEQUENCE;
	particle->children = (xmlSchemaTreeItemPtr) sequence;
	/* Second particle. */
	particle = xmlSchemaAddParticle();
	if (particle == NULL)"
local.oob.memfunc.length-misuse.maxcover.v5,local.oob.memfunc.length-misuse.maxcover.v5,warning,low,"CWE-120,CWE-125,CWE-787",/mnt/WorkDrive/SAILR/dataset/55980/libxml2_55980_fix/xmlschemastypes.c,445,2,445,8,High-coverage OOB risk: length/count may be unbounded for memset().,,440,450,"	wild = (xmlSchemaWildcardPtr) xmlMalloc(sizeof(xmlSchemaWildcard));
	if (wild == NULL) {
	    xmlSchemaTypeErrMemory(NULL, ""allocating wildcard component"");
	    return;
	}
	memset(wild, 0, sizeof(xmlSchemaWildcard));
	wild->type = XML_SCHEMA_TYPE_ANY;
	wild->any = 1;
	wild->processContents = XML_SCHEMAS_ANY_LAX;
	particle->children = (xmlSchemaTreeItemPtr) wild;
	/*"
local.oob.memfunc.length-misuse.maxcover.v5,local.oob.memfunc.length-misuse.maxcover.v5,warning,low,"CWE-120,CWE-125,CWE-787",/mnt/WorkDrive/SAILR/dataset/55980/libxml2_55980_fix/xmlschemastypes.c,459,2,459,8,High-coverage OOB risk: length/count may be unbounded for memset().,,454,464,"	if (wild == NULL) {
	    xmlSchemaTypeErrMemory(NULL, ""could not create an attribute ""
		""wildcard on anyType"");
	    return;
	}
	memset(wild, 0, sizeof(xmlSchemaWildcard));
	wild->any = 1;
	wild->processContents = XML_SCHEMAS_ANY_LAX;
	xmlSchemaTypeAnyTypeDef->attributeWildcard = wild;
    }
    xmlSchemaTypeAnySimpleTypeDef = xmlSchemaInitBasicType(""anySimpleType"","
local.oob.memfunc.length-misuse.maxcover.v5,local.oob.memfunc.length-misuse.maxcover.v5,warning,low,"CWE-120,CWE-125,CWE-787",/mnt/WorkDrive/SAILR/dataset/55980/libxml2_55980_fix/xmlschemastypes.c,381,5,381,11,High-coverage OOB risk: length/count may be unbounded for memset().,,376,386,"	xmlMalloc(sizeof(xmlSchemaParticle));
    if (ret == NULL) {
	xmlSchemaTypeErrMemory(NULL, ""allocating particle component"");
	return (NULL);
    }
    memset(ret, 0, sizeof(xmlSchemaParticle));
    ret->type = XML_SCHEMA_TYPE_PARTICLE;
    ret->minOccurs = 1;
    ret->maxOccurs = 1;
    return (ret);
}"
local.oob.memfunc.length-misuse.maxcover.v5,local.oob.memfunc.length-misuse.maxcover.v5,warning,low,"CWE-120,CWE-125,CWE-787",/mnt/WorkDrive/SAILR/dataset/55980/libxml2_55980_fix/xmlschemastypes.c,273,5,273,11,High-coverage OOB risk: length/count may be unbounded for memset().,,268,278,"    ret = (xmlSchemaTypePtr) xmlMalloc(sizeof(xmlSchemaType));
    if (ret == NULL) {
        xmlSchemaTypeErrMemory(NULL, ""could not initialize basic types"");
	return(NULL);
    }
    memset(ret, 0, sizeof(xmlSchemaType));
    ret->name = (const xmlChar *)name;
    ret->targetNamespace = XML_SCHEMAS_NAMESPACE_NAME;
    ret->type = XML_SCHEMA_TYPE_BASIC;
    ret->baseType = baseType;
    ret->contentType = XML_SCHEMA_CONTENT_BASIC;"
local.oob.memfunc.length-misuse.maxcover.v5,local.oob.memfunc.length-misuse.maxcover.v5,warning,low,"CWE-120,CWE-125,CWE-787",/mnt/WorkDrive/SAILR/dataset/55980/libxml2_55980_fix/xmlschemastypes.c,232,5,232,11,High-coverage OOB risk: length/count may be unbounded for memset().,,227,237,"
    value = (xmlSchemaValPtr) xmlMalloc(sizeof(xmlSchemaVal));
    if (value == NULL) {
	return(NULL);
    }
    memset(value, 0, sizeof(xmlSchemaVal));
    value->type = type;
    return(value);
}

static xmlSchemaFacetPtr"
local.oob.memfunc.length-misuse.maxcover.v5,local.oob.memfunc.length-misuse.maxcover.v5,warning,low,"CWE-120,CWE-125,CWE-787",/mnt/WorkDrive/SAILR/dataset/55980/libxml2_55980_fix/xpath.c,6941,5,6941,11,High-coverage OOB risk: length/count may be unbounded for memset().,,6936,6946,"        /* TODO: Propagate memory error. */
        xmlXPathErrMemory(NULL, ""comparing nodesets\n"");
	xmlFree(values1);
	return(0);
    }
    memset(values1, 0, ns1->nodeNr * sizeof(xmlChar *));
    values2 = (xmlChar **) xmlMalloc(ns2->nodeNr * sizeof(xmlChar *));
    if (values2 == NULL) {
        /* TODO: Propagate memory error. */
        xmlXPathErrMemory(NULL, ""comparing nodesets\n"");
	xmlFree(hashs1);"
local.oob.memfunc.length-misuse.maxcover.v5,local.oob.memfunc.length-misuse.maxcover.v5,warning,low,"CWE-120,CWE-125,CWE-787",/mnt/WorkDrive/SAILR/dataset/55980/libxml2_55980_fix/xpath.c,6959,5,6959,11,High-coverage OOB risk: length/count may be unbounded for memset().,,6954,6964,"	xmlFree(hashs1);
	xmlFree(values1);
	xmlFree(values2);
	return(0);
    }
    memset(values2, 0, ns2->nodeNr * sizeof(xmlChar *));
    for (i = 0;i < ns1->nodeNr;i++) {
	hashs1[i] = xmlXPathNodeValHash(ns1->nodeTab[i]);
	for (j = 0;j < ns2->nodeNr;j++) {
	    if (i == 0)
		hashs2[j] = xmlXPathNodeValHash(ns2->nodeTab[j]);"
local.oob.memfunc.length-misuse.maxcover.v5,local.oob.memfunc.length-misuse.maxcover.v5,warning,low,"CWE-120,CWE-125,CWE-787",/mnt/WorkDrive/SAILR/dataset/55980/libxml2_55980_fix/xpath.c,6304,5,6304,11,High-coverage OOB risk: length/count may be unbounded for memset().,,6299,6309,"    ret = (xmlXPathParserContextPtr) xmlMalloc(sizeof(xmlXPathParserContext));
    if (ret == NULL) {
        xmlXPathErrMemory(ctxt, ""creating evaluation context\n"");
	return(NULL);
    }
    memset(ret, 0 , sizeof(xmlXPathParserContext));

    /* Allocate the value stack */
    ret->valueTab = (xmlXPathObjectPtr *)
                     xmlMalloc(10 * sizeof(xmlXPathObjectPtr));
    if (ret->valueTab == NULL) {"
local.oob.memfunc.length-misuse.maxcover.v5,local.oob.memfunc.length-misuse.maxcover.v5,warning,low,"CWE-120,CWE-125,CWE-787",/mnt/WorkDrive/SAILR/dataset/55980/libxml2_55980_fix/xpath.c,6268,5,6268,11,High-coverage OOB risk: length/count may be unbounded for memset().,,6263,6273,"    ret = (xmlXPathParserContextPtr) xmlMalloc(sizeof(xmlXPathParserContext));
    if (ret == NULL) {
        xmlXPathErrMemory(ctxt, ""creating parser context\n"");
	return(NULL);
    }
    memset(ret, 0 , sizeof(xmlXPathParserContext));
    ret->cur = ret->base = str;
    ret->context = ctxt;

    ret->comp = xmlXPathNewCompExpr();
    if (ret->comp == NULL) {"
local.oob.memfunc.length-misuse.maxcover.v5,local.oob.memfunc.length-misuse.maxcover.v5,warning,low,"CWE-120,CWE-125,CWE-787",/mnt/WorkDrive/SAILR/dataset/55980/libxml2_55980_fix/xpath.c,6160,5,6160,11,High-coverage OOB risk: length/count may be unbounded for memset().,,6155,6165,"    ret = (xmlXPathContextPtr) xmlMalloc(sizeof(xmlXPathContext));
    if (ret == NULL) {
        xmlXPathErrMemory(NULL, ""creating context\n"");
	return(NULL);
    }
    memset(ret, 0 , sizeof(xmlXPathContext));
    ret->doc = doc;
    ret->node = NULL;

    ret->varHash = NULL;
"
local.oob.memfunc.length-misuse.maxcover.v5,local.oob.memfunc.length-misuse.maxcover.v5,warning,low,"CWE-120,CWE-125,CWE-787",/mnt/WorkDrive/SAILR/dataset/55980/libxml2_55980_fix/xpath.c,5668,6,5668,12,High-coverage OOB risk: length/count may be unbounded for memset().,,5663,5673,"		if ((tmpset->nodeTab[0] != NULL) &&
		    (tmpset->nodeTab[0]->type == XML_NAMESPACE_DECL))
		    xmlXPathNodeSetFreeNs((xmlNsPtr) tmpset->nodeTab[0]);
	    }
	    tmpset->nodeNr = 0;
	    memset(obj, 0, sizeof(xmlXPathObject));
	    obj->nodesetval = tmpset;
	} else
	    memset(obj, 0, sizeof(xmlXPathObject));

	return;"
local.oob.memfunc.length-misuse.maxcover.v5,local.oob.memfunc.length-misuse.maxcover.v5,warning,low,"CWE-120,CWE-125,CWE-787",/mnt/WorkDrive/SAILR/dataset/55980/libxml2_55980_fix/xpath.c,5671,6,5671,12,High-coverage OOB risk: length/count may be unbounded for memset().,,5666,5676,"	    }
	    tmpset->nodeNr = 0;
	    memset(obj, 0, sizeof(xmlXPathObject));
	    obj->nodesetval = tmpset;
	} else
	    memset(obj, 0, sizeof(xmlXPathObject));

	return;

free_obj:
	/*"
local.oob.memfunc.length-misuse.maxcover.v5,local.oob.memfunc.length-misuse.maxcover.v5,warning,low,"CWE-120,CWE-125,CWE-787",/mnt/WorkDrive/SAILR/dataset/55980/libxml2_55980_fix/xpath.c,5428,5,5428,11,High-coverage OOB risk: length/count may be unbounded for memcpy().,,5423,5433,"    ret = (xmlXPathObjectPtr) xmlMalloc(sizeof(xmlXPathObject));
    if (ret == NULL) {
        xmlXPathErrMemory(NULL, ""copying object\n"");
	return(NULL);
    }
    memcpy(ret, val , sizeof(xmlXPathObject));
#ifdef XP_DEBUG_OBJ_USAGE
    xmlXPathDebugObjUsageRequested(NULL, val->type);
#endif
    switch (val->type) {
	case XPATH_BOOLEAN:"
local.oob.memfunc.length-misuse.maxcover.v5,local.oob.memfunc.length-misuse.maxcover.v5,warning,low,"CWE-120,CWE-125,CWE-787",/mnt/WorkDrive/SAILR/dataset/55980/libxml2_55980_fix/xpath.c,5399,5,5399,11,High-coverage OOB risk: length/count may be unbounded for memset().,,5394,5404,"    ret = (xmlXPathObjectPtr) xmlMalloc(sizeof(xmlXPathObject));
    if (ret == NULL) {
        xmlXPathErrMemory(NULL, ""creating user object\n"");
	return(NULL);
    }
    memset(ret, 0 , sizeof(xmlXPathObject));
    ret->type = XPATH_USERS;
    ret->user = val;
#ifdef XP_DEBUG_OBJ_USAGE
    xmlXPathDebugObjUsageRequested(NULL, XPATH_USERS);
#endif"
local.oob.memfunc.length-misuse.maxcover.v5,local.oob.memfunc.length-misuse.maxcover.v5,warning,low,"CWE-120,CWE-125,CWE-787",/mnt/WorkDrive/SAILR/dataset/55980/libxml2_55980_fix/xpath.c,5360,5,5360,11,High-coverage OOB risk: length/count may be unbounded for memset().,,5355,5365,"    ret = (xmlXPathObjectPtr) xmlMalloc(sizeof(xmlXPathObject));
    if (ret == NULL) {
        xmlXPathErrMemory(NULL, ""creating string object\n"");
	return(NULL);
    }
    memset(ret, 0 , sizeof(xmlXPathObject));
    ret->type = XPATH_STRING;
    ret->stringval = xmlStrdup(BAD_CAST val);
#ifdef XP_DEBUG_OBJ_USAGE
    xmlXPathDebugObjUsageRequested(NULL, XPATH_STRING);
#endif"
local.oob.memfunc.length-misuse.maxcover.v5,local.oob.memfunc.length-misuse.maxcover.v5,warning,low,"CWE-120,CWE-125,CWE-787",/mnt/WorkDrive/SAILR/dataset/55980/libxml2_55980_fix/xpath.c,5334,5,5334,11,High-coverage OOB risk: length/count may be unbounded for memset().,,5329,5339,"    if (ret == NULL) {
        xmlXPathErrMemory(NULL, ""creating string object\n"");
        xmlFree(val);
	return(NULL);
    }
    memset(ret, 0 , sizeof(xmlXPathObject));
    ret->type = XPATH_STRING;
    ret->stringval = val;
#ifdef XP_DEBUG_OBJ_USAGE
    xmlXPathDebugObjUsageRequested(NULL, XPATH_STRING);
#endif"
local.oob.memfunc.length-misuse.maxcover.v5,local.oob.memfunc.length-misuse.maxcover.v5,warning,low,"CWE-120,CWE-125,CWE-787",/mnt/WorkDrive/SAILR/dataset/55980/libxml2_55980_fix/xpath.c,5302,5,5302,11,High-coverage OOB risk: length/count may be unbounded for memset().,,5297,5307,"    ret = (xmlXPathObjectPtr) xmlMalloc(sizeof(xmlXPathObject));
    if (ret == NULL) {
        xmlXPathErrMemory(NULL, ""creating string object\n"");
	return(NULL);
    }
    memset(ret, 0 , sizeof(xmlXPathObject));
    ret->type = XPATH_STRING;
    if (val != NULL)
	ret->stringval = xmlStrdup(val);
    else
	ret->stringval = xmlStrdup((const xmlChar *)"""");"
local.oob.memfunc.length-misuse.maxcover.v5,local.oob.memfunc.length-misuse.maxcover.v5,warning,low,"CWE-120,CWE-125,CWE-787",/mnt/WorkDrive/SAILR/dataset/55980/libxml2_55980_fix/xpath.c,5276,5,5276,11,High-coverage OOB risk: length/count may be unbounded for memset().,,5271,5281,"    ret = (xmlXPathObjectPtr) xmlMalloc(sizeof(xmlXPathObject));
    if (ret == NULL) {
        xmlXPathErrMemory(NULL, ""creating boolean object\n"");
	return(NULL);
    }
    memset(ret, 0 , sizeof(xmlXPathObject));
    ret->type = XPATH_BOOLEAN;
    ret->boolval = (val != 0);
#ifdef XP_DEBUG_OBJ_USAGE
    xmlXPathDebugObjUsageRequested(NULL, XPATH_BOOLEAN);
#endif"
local.oob.memfunc.length-misuse.maxcover.v5,local.oob.memfunc.length-misuse.maxcover.v5,warning,low,"CWE-120,CWE-125,CWE-787",/mnt/WorkDrive/SAILR/dataset/55980/libxml2_55980_fix/xpath.c,5250,5,5250,11,High-coverage OOB risk: length/count may be unbounded for memset().,,5245,5255,"    ret = (xmlXPathObjectPtr) xmlMalloc(sizeof(xmlXPathObject));
    if (ret == NULL) {
        xmlXPathErrMemory(NULL, ""creating float object\n"");
	return(NULL);
    }
    memset(ret, 0 , sizeof(xmlXPathObject));
    ret->type = XPATH_NUMBER;
    ret->floatval = val;
#ifdef XP_DEBUG_OBJ_USAGE
    xmlXPathDebugObjUsageRequested(NULL, XPATH_NUMBER);
#endif"
local.oob.memfunc.length-misuse.maxcover.v5,local.oob.memfunc.length-misuse.maxcover.v5,warning,low,"CWE-120,CWE-125,CWE-787",/mnt/WorkDrive/SAILR/dataset/55980/libxml2_55980_fix/xpath.c,4441,5,4441,11,High-coverage OOB risk: length/count may be unbounded for memset().,,4436,4446,"    if (ret == NULL) {
        xmlXPathErrMemory(NULL, ""creating node set object\n"");
        xmlXPathFreeNodeSet(val);
	return(NULL);
    }
    memset(ret, 0 , sizeof(xmlXPathObject));
    ret->type = XPATH_NODESET;
    ret->nodesetval = val;
#ifdef XP_DEBUG_OBJ_USAGE
    xmlXPathDebugObjUsageRequested(NULL, XPATH_NODESET);
#endif"
local.oob.memfunc.length-misuse.maxcover.v5,local.oob.memfunc.length-misuse.maxcover.v5,warning,low,"CWE-120,CWE-125,CWE-787",/mnt/WorkDrive/SAILR/dataset/55980/libxml2_55980_fix/xpath.c,4377,5,4377,11,High-coverage OOB risk: length/count may be unbounded for memset().,,4372,4382,"    ret = (xmlXPathObjectPtr) xmlMalloc(sizeof(xmlXPathObject));
    if (ret == NULL) {
        xmlXPathErrMemory(NULL, ""creating result value tree\n"");
	return(NULL);
    }
    memset(ret, 0 , sizeof(xmlXPathObject));
    ret->type = XPATH_XSLT_TREE;
    ret->boolval = 1;
    ret->user = (void *) val;
    ret->nodesetval = xmlXPathNodeSetCreate(val);
#ifdef XP_DEBUG_OBJ_USAGE"
local.oob.memfunc.length-misuse.maxcover.v5,local.oob.memfunc.length-misuse.maxcover.v5,warning,low,"CWE-120,CWE-125,CWE-787",/mnt/WorkDrive/SAILR/dataset/55980/libxml2_55980_fix/xpath.c,4347,5,4347,11,High-coverage OOB risk: length/count may be unbounded for memset().,,4342,4352,"    ret = (xmlXPathObjectPtr) xmlMalloc(sizeof(xmlXPathObject));
    if (ret == NULL) {
        xmlXPathErrMemory(NULL, ""creating nodeset\n"");
	return(NULL);
    }
    memset(ret, 0 , sizeof(xmlXPathObject));
    ret->type = XPATH_NODESET;
    ret->boolval = 0;
    /* TODO: Check memory error. */
    ret->nodesetval = xmlXPathNodeSetCreate(val);
    /* @@ with_ns to check whether namespace nodes should be looked at @@ */"
local.oob.memfunc.length-misuse.maxcover.v5,local.oob.memfunc.length-misuse.maxcover.v5,warning,low,"CWE-120,CWE-125,CWE-787",/mnt/WorkDrive/SAILR/dataset/55980/libxml2_55980_fix/xpath.c,4081,3,4081,9,High-coverage OOB risk: length/count may be unbounded for memset().,,4076,4086,"		    XML_NODESET_DEFAULT * sizeof(xmlNodePtr));
		if (set1->nodeTab == NULL) {
		    xmlXPathErrMemory(NULL, ""merging nodeset\n"");
		    goto error;
		}
		memset(set1->nodeTab, 0,
		    XML_NODESET_DEFAULT * sizeof(xmlNodePtr));
		set1->nodeMax = XML_NODESET_DEFAULT;
	    } else if (set1->nodeNr >= set1->nodeMax) {
		xmlNodePtr *temp;
"
local.oob.memfunc.length-misuse.maxcover.v5,local.oob.memfunc.length-misuse.maxcover.v5,warning,low,"CWE-120,CWE-125,CWE-787",/mnt/WorkDrive/SAILR/dataset/55980/libxml2_55980_fix/xpath.c,4020,3,4020,9,High-coverage OOB risk: length/count may be unbounded for memset().,,4015,4025,"		    XML_NODESET_DEFAULT * sizeof(xmlNodePtr));
		if (set1->nodeTab == NULL) {
		    xmlXPathErrMemory(NULL, ""merging nodeset\n"");
		    goto error;
		}
		memset(set1->nodeTab, 0,
		    XML_NODESET_DEFAULT * sizeof(xmlNodePtr));
		set1->nodeMax = XML_NODESET_DEFAULT;
	    } else if (set1->nodeNr >= set1->nodeMax) {
		xmlNodePtr *temp;
"
local.oob.memfunc.length-misuse.maxcover.v5,local.oob.memfunc.length-misuse.maxcover.v5,warning,low,"CWE-120,CWE-125,CWE-787",/mnt/WorkDrive/SAILR/dataset/55980/libxml2_55980_fix/xpath.c,3928,6,3928,12,High-coverage OOB risk: length/count may be unbounded for memset().,,3923,3933,"						    sizeof(xmlNodePtr));
	    if (val1->nodeTab == NULL) {
	        xmlXPathErrMemory(NULL, ""merging nodeset\n"");
		goto error;
	    }
	    memset(val1->nodeTab, 0 ,
		   XML_NODESET_DEFAULT * sizeof(xmlNodePtr));
	    val1->nodeMax = XML_NODESET_DEFAULT;
	} else if (val1->nodeNr == val1->nodeMax) {
	    xmlNodePtr *temp;
"
local.oob.memfunc.length-misuse.maxcover.v5,local.oob.memfunc.length-misuse.maxcover.v5,warning,low,"CWE-120,CWE-125,CWE-787",/mnt/WorkDrive/SAILR/dataset/55980/libxml2_55980_fix/xpath.c,3835,2,3835,8,High-coverage OOB risk: length/count may be unbounded for memset().,,3830,3840,"					     sizeof(xmlNodePtr));
	if (cur->nodeTab == NULL) {
	    xmlXPathErrMemory(NULL, ""growing nodeset\n"");
	    return(-1);
	}
	memset(cur->nodeTab, 0 ,
	       XML_NODESET_DEFAULT * sizeof(xmlNodePtr));
        cur->nodeMax = XML_NODESET_DEFAULT;
    } else if (cur->nodeNr == cur->nodeMax) {
        xmlNodePtr *temp;
"
local.oob.memfunc.length-misuse.maxcover.v5,local.oob.memfunc.length-misuse.maxcover.v5,warning,low,"CWE-120,CWE-125,CWE-787",/mnt/WorkDrive/SAILR/dataset/55980/libxml2_55980_fix/xpath.c,3779,2,3779,8,High-coverage OOB risk: length/count may be unbounded for memset().,,3774,3784,"					     sizeof(xmlNodePtr));
	if (cur->nodeTab == NULL) {
	    xmlXPathErrMemory(NULL, ""growing nodeset\n"");
	    return(-1);
	}
	memset(cur->nodeTab, 0 ,
	       XML_NODESET_DEFAULT * sizeof(xmlNodePtr));
        cur->nodeMax = XML_NODESET_DEFAULT;
    } else if (cur->nodeNr == cur->nodeMax) {
        xmlNodePtr *temp;
"
local.oob.memfunc.length-misuse.maxcover.v5,local.oob.memfunc.length-misuse.maxcover.v5,warning,low,"CWE-120,CWE-125,CWE-787",/mnt/WorkDrive/SAILR/dataset/55980/libxml2_55980_fix/xpath.c,3721,2,3721,8,High-coverage OOB risk: length/count may be unbounded for memset().,,3716,3726,"					     sizeof(xmlNodePtr));
	if (cur->nodeTab == NULL) {
	    xmlXPathErrMemory(NULL, ""growing nodeset\n"");
	    return(-1);
	}
	memset(cur->nodeTab, 0 ,
	       XML_NODESET_DEFAULT * sizeof(xmlNodePtr));
        cur->nodeMax = XML_NODESET_DEFAULT;
    } else if (cur->nodeNr == cur->nodeMax) {
        xmlNodePtr *temp;
"
local.oob.memfunc.length-misuse.maxcover.v5,local.oob.memfunc.length-misuse.maxcover.v5,warning,low,"CWE-120,CWE-125,CWE-787",/mnt/WorkDrive/SAILR/dataset/55980/libxml2_55980_fix/xpath.c,3615,5,3615,11,High-coverage OOB risk: length/count may be unbounded for memset().,,3610,3620,"    ret = (xmlNodeSetPtr) xmlMalloc(sizeof(xmlNodeSet));
    if (ret == NULL) {
        xmlXPathErrMemory(NULL, ""creating nodeset\n"");
	return(NULL);
    }
    memset(ret, 0 , sizeof(xmlNodeSet));
    if (val != NULL) {
        ret->nodeTab = (xmlNodePtr *) xmlMalloc(XML_NODESET_DEFAULT *
					     sizeof(xmlNodePtr));
	if (ret->nodeTab == NULL) {
	    xmlXPathErrMemory(NULL, ""creating nodeset\n"");"
local.oob.memfunc.length-misuse.maxcover.v5,local.oob.memfunc.length-misuse.maxcover.v5,warning,low,"CWE-120,CWE-125,CWE-787",/mnt/WorkDrive/SAILR/dataset/55980/libxml2_55980_fix/xpath.c,3624,2,3624,8,High-coverage OOB risk: length/count may be unbounded for memset().,,3619,3629,"	if (ret->nodeTab == NULL) {
	    xmlXPathErrMemory(NULL, ""creating nodeset\n"");
	    xmlFree(ret);
	    return(NULL);
	}
	memset(ret->nodeTab, 0 ,
	       XML_NODESET_DEFAULT * sizeof(xmlNodePtr));
        ret->nodeMax = XML_NODESET_DEFAULT;
	if (val->type == XML_NAMESPACE_DECL) {
	    xmlNsPtr ns = (xmlNsPtr) val;
            xmlNodePtr nsNode = xmlXPathNodeSetDupNs((xmlNodePtr) ns->next, ns);"
local.oob.memfunc.length-misuse.maxcover.v5,local.oob.memfunc.length-misuse.maxcover.v5,warning,low,"CWE-120,CWE-125,CWE-787",/mnt/WorkDrive/SAILR/dataset/55980/libxml2_55980_fix/xpath.c,3566,5,3566,11,High-coverage OOB risk: length/count may be unbounded for memset().,,3561,3571,"    cur = (xmlNsPtr) xmlMalloc(sizeof(xmlNs));
    if (cur == NULL) {
        xmlXPathErrMemory(NULL, ""duplicating namespace\n"");
	return(NULL);
    }
    memset(cur, 0, sizeof(xmlNs));
    cur->type = XML_NAMESPACE_DECL;
    if (ns->href != NULL)
	cur->href = xmlStrdup(ns->href);
    if (ns->prefix != NULL)
	cur->prefix = xmlStrdup(ns->prefix);"
local.oob.memfunc.length-misuse.maxcover.v5,local.oob.memfunc.length-misuse.maxcover.v5,warning,low,"CWE-120,CWE-125,CWE-787",/mnt/WorkDrive/SAILR/dataset/55980/libxml2_55980_fix/xpath.c,3279,6,3279,13,High-coverage OOB risk: length/count may be unbounded for memmove().,,3274,3284,"	    size = strlen(work) + 1;
	    if (size > buffersize) {
		work[buffersize - 1] = 0;
		size = buffersize;
	    }
	    memmove(buffer, work, size);
	}
	break;
    }
}
"
local.oob.memfunc.length-misuse.maxcover.v5,local.oob.memfunc.length-misuse.maxcover.v5,warning,low,"CWE-120,CWE-125,CWE-787",/mnt/WorkDrive/SAILR/dataset/55980/libxml2_55980_fix/xpath.c,2225,5,2225,11,High-coverage OOB risk: length/count may be unbounded for memset().,,2220,2230,"    ret = (xmlXPathContextCachePtr) xmlMalloc(sizeof(xmlXPathContextCache));
    if (ret == NULL) {
        xmlXPathErrMemory(NULL, ""creating object cache\n"");
	return(NULL);
    }
    memset(ret, 0 , sizeof(xmlXPathContextCache));
    ret->maxNodeset = 100;
    ret->maxString = 100;
    ret->maxBoolean = 100;
    ret->maxNumber = 100;
    ret->maxMisc = 100;"
local.oob.memfunc.length-misuse.maxcover.v5,local.oob.memfunc.length-misuse.maxcover.v5,warning,low,"CWE-120,CWE-125,CWE-787",/mnt/WorkDrive/SAILR/dataset/55980/libxml2_55980_fix/xpath.c,1037,5,1037,11,High-coverage OOB risk: length/count may be unbounded for memset().,,1032,1042,"    cur = (xmlXPathCompExprPtr) xmlMalloc(sizeof(xmlXPathCompExpr));
    if (cur == NULL) {
        xmlXPathErrMemory(NULL, ""allocating component\n"");
	return(NULL);
    }
    memset(cur, 0, sizeof(xmlXPathCompExpr));
    cur->maxStep = 10;
    cur->nbStep = 0;
    cur->steps = (xmlXPathStepOp *) xmlMalloc(cur->maxStep *
	                                   sizeof(xmlXPathStepOp));
    if (cur->steps == NULL) {"
local.oob.memfunc.length-misuse.maxcover.v5,local.oob.memfunc.length-misuse.maxcover.v5,warning,low,"CWE-120,CWE-125,CWE-787",/mnt/WorkDrive/SAILR/dataset/55980/libxml2_55980_fix/xpath.c,1047,5,1047,11,High-coverage OOB risk: length/count may be unbounded for memset().,,1042,1052,"    if (cur->steps == NULL) {
        xmlXPathErrMemory(NULL, ""allocating steps\n"");
	xmlFree(cur);
	return(NULL);
    }
    memset(cur->steps, 0, cur->maxStep * sizeof(xmlXPathStepOp));
    cur->last = -1;
#ifdef DEBUG_EVAL_COUNTS
    cur->nb = 0;
#endif
    return(cur);"
local.oob.memfunc.length-misuse.maxcover.v5,local.oob.memfunc.length-misuse.maxcover.v5,warning,low,"CWE-120,CWE-125,CWE-787",/mnt/WorkDrive/SAILR/dataset/55980/libxml2_55980_fix/xpath.c,875,5,875,11,High-coverage OOB risk: length/count may be unbounded for memset().,,870,880,"    if (ret == NULL) {
	xmlXPathErrMemory(NULL,
	    ""xmlPointerListCreate: allocating item\n"");
	return (NULL);
    }
    memset(ret, 0, sizeof(xmlPointerList));
    if (initialSize > 0) {
	xmlPointerListAddSize(ret, NULL, initialSize);
	ret->number = 0;
    }
    return (ret);"
local.oob.memfunc.length-misuse.maxcover.v5,local.oob.memfunc.length-misuse.maxcover.v5,warning,low,"CWE-120,CWE-125,CWE-787",/mnt/WorkDrive/SAILR/dataset/55980/libxml2_55980_fix/xmlschemas.c,10045,5,10045,11,High-coverage OOB risk: length/count may be unbounded for memset().,,10040,10050,"    if (ret == NULL) {
        xmlSchemaPErrMemory(NULL, ""allocating schema parser context"",
                            NULL);
        return (NULL);
    }
    memset(ret, 0, sizeof(xmlSchemaParserCtxt));
    ret->type = XML_SCHEMA_CTXT_PARSER;
    ret->attrProhibs = xmlSchemaItemListCreate();
    if (ret->attrProhibs == NULL) {
	xmlFree(ret);
	return(NULL);"
local.oob.memfunc.length-misuse.maxcover.v5,local.oob.memfunc.length-misuse.maxcover.v5,warning,low,"CWE-120,CWE-125,CWE-787",/mnt/WorkDrive/SAILR/dataset/55980/libxml2_55980_fix/xmlschemas.c,10013,5,10013,11,High-coverage OOB risk: length/count may be unbounded for memset().,,10008,10018,"    if (ret == NULL) {
        xmlSchemaPErrMemory(NULL,
	    ""allocating schema construction context"", NULL);
        return (NULL);
    }
    memset(ret, 0, sizeof(xmlSchemaConstructionCtxt));

    ret->buckets = xmlSchemaItemListCreate();
    if (ret->buckets == NULL) {
	xmlSchemaPErrMemory(NULL,
	    ""allocating list of schema buckets"", NULL);"
local.oob.memfunc.length-misuse.maxcover.v5,local.oob.memfunc.length-misuse.maxcover.v5,warning,low,"CWE-120,CWE-125,CWE-787",/mnt/WorkDrive/SAILR/dataset/55980/libxml2_55980_fix/xmlschemas.c,9955,5,9955,11,High-coverage OOB risk: length/count may be unbounded for memset().,,9950,9960,"	xmlMalloc(sizeof(xmlSchemaSchemaRelation));
    if (ret == NULL) {
	xmlSchemaPErrMemory(NULL, ""allocating schema relation"", NULL);
	return(NULL);
    }
    memset(ret, 0, sizeof(xmlSchemaSchemaRelation));
    return(ret);
}

#if 0
static void"
local.oob.memfunc.length-misuse.maxcover.v5,local.oob.memfunc.length-misuse.maxcover.v5,warning,low,"CWE-120,CWE-125,CWE-787",/mnt/WorkDrive/SAILR/dataset/55980/libxml2_55980_fix/xmlschemas.c,8339,5,8339,11,High-coverage OOB risk: length/count may be unbounded for memset().,,8334,8344,"        xmlSchemaPErrMemory(ctxt,
	    ""allocating a 'selector' of an identity-constraint definition"",
	    NULL);
        return (NULL);
    }
    memset(item, 0, sizeof(xmlSchemaIDCSelect));
    /*
    * Attribute ""xpath"" (mandatory).
    */
    attr = xmlSchemaGetPropNode(node, ""xpath"");
    if (attr == NULL) {"
local.oob.memfunc.length-misuse.maxcover.v5,local.oob.memfunc.length-misuse.maxcover.v5,warning,low,"CWE-120,CWE-125,CWE-787",/mnt/WorkDrive/SAILR/dataset/55980/libxml2_55980_fix/xmlschemas.c,5794,5,5794,11,High-coverage OOB risk: length/count may be unbounded for memset().,,5789,5799,"    if (ret == NULL) {
	xmlSchemaPErrMemory(NULL,
	    ""allocating a substitution group container"", NULL);
	return(NULL);
    }
    memset(ret, 0, sizeof(xmlSchemaSubstGroup));
    ret->head = head;
    /* Create list of members. */
    ret->members = xmlSchemaItemListCreate();
    if (ret->members == NULL) {
	xmlSchemaSubstGroupFree(ret);"
local.oob.memfunc.length-misuse.maxcover.v5,local.oob.memfunc.length-misuse.maxcover.v5,warning,low,"CWE-120,CWE-125,CWE-787",/mnt/WorkDrive/SAILR/dataset/55980/libxml2_55980_fix/xmlschemas.c,5752,5,5752,11,High-coverage OOB risk: length/count may be unbounded for memset().,,5747,5757,"    ret = (xmlSchemaWildcardPtr) xmlMalloc(sizeof(xmlSchemaWildcard));
    if (ret == NULL) {
        xmlSchemaPErrMemory(ctxt, ""adding wildcard"", NULL);
        return (NULL);
    }
    memset(ret, 0, sizeof(xmlSchemaWildcard));
    ret->type = type;
    ret->node = node;
    WXS_ADD_LOCAL(ctxt, ret);
    return (ret);
}"
local.oob.memfunc.length-misuse.maxcover.v5,local.oob.memfunc.length-misuse.maxcover.v5,warning,low,"CWE-120,CWE-125,CWE-787",/mnt/WorkDrive/SAILR/dataset/55980/libxml2_55980_fix/xmlschemas.c,5712,5,5712,11,High-coverage OOB risk: length/count may be unbounded for memset().,,5707,5717,"    if (ret == NULL) {
        xmlSchemaPErrMemory(ctxt,
	    ""allocating an identity-constraint definition"", NULL);
        return (NULL);
    }
    memset(ret, 0, sizeof(xmlSchemaIDC));
    /* The target namespace of the parent element declaration. */
    ret->targetNamespace = nsName;
    ret->name = name;
    ret->type = category;
    ret->node = node;"
local.oob.memfunc.length-misuse.maxcover.v5,local.oob.memfunc.length-misuse.maxcover.v5,warning,low,"CWE-120,CWE-125,CWE-787",/mnt/WorkDrive/SAILR/dataset/55980/libxml2_55980_fix/xmlschemas.c,5652,5,5652,11,High-coverage OOB risk: length/count may be unbounded for memset().,,5647,5657,"	xmlMalloc(sizeof(xmlSchemaModelGroupDef));
    if (ret == NULL) {
        xmlSchemaPErrMemory(ctxt, ""adding group"", NULL);
        return (NULL);
    }
    memset(ret, 0, sizeof(xmlSchemaModelGroupDef));
    ret->name = name;
    ret->type = XML_SCHEMA_TYPE_GROUP;
    ret->node = node;
    ret->targetNamespace = nsName;
"
local.oob.memfunc.length-misuse.maxcover.v5,local.oob.memfunc.length-misuse.maxcover.v5,warning,low,"CWE-120,CWE-125,CWE-787",/mnt/WorkDrive/SAILR/dataset/55980/libxml2_55980_fix/xmlschemas.c,5564,5,5564,11,High-coverage OOB risk: length/count may be unbounded for memset().,,5559,5569,"    if (ret == NULL) {
	xmlSchemaPErrMemory(ctxt, ""allocating model group component"",
	    NULL);
	return (NULL);
    }
    memset(ret, 0, sizeof(xmlSchemaModelGroup));
    ret->type = type;
    ret->node = node;
    WXS_ADD_LOCAL(ctxt, ret);
    if ((type == XML_SCHEMA_TYPE_SEQUENCE) ||
	(type == XML_SCHEMA_TYPE_CHOICE))"
local.oob.memfunc.length-misuse.maxcover.v5,local.oob.memfunc.length-misuse.maxcover.v5,warning,low,"CWE-120,CWE-125,CWE-787",/mnt/WorkDrive/SAILR/dataset/55980/libxml2_55980_fix/xmlschemas.c,5527,5,5527,11,High-coverage OOB risk: length/count may be unbounded for memset().,,5522,5532,"    if (ret == NULL) {
	xmlSchemaPErrMemory(pctxt,
	    ""allocating attribute use prohibition"", NULL);
	return (NULL);
    }
    memset(ret, 0, sizeof(xmlSchemaAttributeUseProhib));
    ret->type = XML_SCHEMA_EXTRA_ATTR_USE_PROHIB;
    WXS_ADD_LOCAL(pctxt, ret);
    return (ret);
}
"
local.oob.memfunc.length-misuse.maxcover.v5,local.oob.memfunc.length-misuse.maxcover.v5,warning,low,"CWE-120,CWE-125,CWE-787",/mnt/WorkDrive/SAILR/dataset/55980/libxml2_55980_fix/xmlschemas.c,5465,5,5465,11,High-coverage OOB risk: length/count may be unbounded for memset().,,5460,5470,"    ret = (xmlSchemaTypePtr) xmlMalloc(sizeof(xmlSchemaType));
    if (ret == NULL) {
        xmlSchemaPErrMemory(ctxt, ""allocating type"", NULL);
        return (NULL);
    }
    memset(ret, 0, sizeof(xmlSchemaType));
    ret->type = type;
    ret->name = name;
    ret->targetNamespace = nsName;
    ret->node = node;
    if (topLevel) {"
local.oob.memfunc.length-misuse.maxcover.v5,local.oob.memfunc.length-misuse.maxcover.v5,warning,low,"CWE-120,CWE-125,CWE-787",/mnt/WorkDrive/SAILR/dataset/55980/libxml2_55980_fix/xmlschemas.c,5423,5,5423,11,High-coverage OOB risk: length/count may be unbounded for memset().,,5418,5428,"    ret = (xmlSchemaElementPtr) xmlMalloc(sizeof(xmlSchemaElement));
    if (ret == NULL) {
        xmlSchemaPErrMemory(ctxt, ""allocating element"", NULL);
        return (NULL);
    }
    memset(ret, 0, sizeof(xmlSchemaElement));
    ret->type = XML_SCHEMA_TYPE_ELEMENT;
    ret->name = name;
    ret->targetNamespace = nsName;
    ret->node = node;
"
local.oob.memfunc.length-misuse.maxcover.v5,local.oob.memfunc.length-misuse.maxcover.v5,warning,low,"CWE-120,CWE-125,CWE-787",/mnt/WorkDrive/SAILR/dataset/55980/libxml2_55980_fix/xmlschemas.c,5374,5,5374,11,High-coverage OOB risk: length/count may be unbounded for memset().,,5369,5379,"        xmlMalloc(sizeof(xmlSchemaAttributeGroup));
    if (ret == NULL) {
	xmlSchemaPErrMemory(pctxt, ""allocating attribute group"", NULL);
	return (NULL);
    }
    memset(ret, 0, sizeof(xmlSchemaAttributeGroup));
    ret->type = XML_SCHEMA_TYPE_ATTRIBUTEGROUP;
    ret->name = name;
    ret->targetNamespace = nsName;
    ret->node = node;
"
local.oob.memfunc.length-misuse.maxcover.v5,local.oob.memfunc.length-misuse.maxcover.v5,warning,low,"CWE-120,CWE-125,CWE-787",/mnt/WorkDrive/SAILR/dataset/55980/libxml2_55980_fix/xmlschemas.c,5330,5,5330,11,High-coverage OOB risk: length/count may be unbounded for memset().,,5325,5335,"    if (ret == NULL) {
	xmlSchemaPErrMemory(pctxt,
	    ""allocating redefinition info"", NULL);
	return (NULL);
    }
    memset(ret, 0, sizeof(xmlSchemaRedef));
    ret->item = item;
    ret->targetBucket = targetBucket;
    ret->refName = refName;
    ret->refTargetNs = refTargetNs;
    if (WXS_CONSTRUCTOR(pctxt)->redefs == NULL)"
local.oob.memfunc.length-misuse.maxcover.v5,local.oob.memfunc.length-misuse.maxcover.v5,warning,low,"CWE-120,CWE-125,CWE-787",/mnt/WorkDrive/SAILR/dataset/55980/libxml2_55980_fix/xmlschemas.c,5300,5,5300,11,High-coverage OOB risk: length/count may be unbounded for memset().,,5295,5305,"    ret = (xmlSchemaAttributeUsePtr) xmlMalloc(sizeof(xmlSchemaAttributeUse));
    if (ret == NULL) {
        xmlSchemaPErrMemory(pctxt, ""allocating attribute"", NULL);
        return (NULL);
    }
    memset(ret, 0, sizeof(xmlSchemaAttributeUse));
    ret->type = XML_SCHEMA_TYPE_ATTRIBUTE_USE;
    ret->node = node;

    WXS_ADD_LOCAL(pctxt, ret);
    return (ret);"
local.oob.memfunc.length-misuse.maxcover.v5,local.oob.memfunc.length-misuse.maxcover.v5,warning,low,"CWE-120,CWE-125,CWE-787",/mnt/WorkDrive/SAILR/dataset/55980/libxml2_55980_fix/xmlschemas.c,5260,5,5260,11,High-coverage OOB risk: length/count may be unbounded for memset().,,5255,5265,"    ret = (xmlSchemaAttributePtr) xmlMalloc(sizeof(xmlSchemaAttribute));
    if (ret == NULL) {
        xmlSchemaPErrMemory(ctxt, ""allocating attribute"", NULL);
        return (NULL);
    }
    memset(ret, 0, sizeof(xmlSchemaAttribute));
    ret->type = XML_SCHEMA_TYPE_ATTRIBUTE;
    ret->node = node;
    ret->name = name;
    ret->targetNamespace = nsName;
"
local.oob.memfunc.length-misuse.maxcover.v5,local.oob.memfunc.length-misuse.maxcover.v5,warning,low,"CWE-120,CWE-125,CWE-787",/mnt/WorkDrive/SAILR/dataset/55980/libxml2_55980_fix/xmlschemas.c,5223,5,5223,11,High-coverage OOB risk: length/count may be unbounded for memset().,,5218,5228,"    ret = (xmlSchemaNotationPtr) xmlMalloc(sizeof(xmlSchemaNotation));
    if (ret == NULL) {
        xmlSchemaPErrMemory(ctxt, ""add annotation"", NULL);
        return (NULL);
    }
    memset(ret, 0, sizeof(xmlSchemaNotation));
    ret->type = XML_SCHEMA_TYPE_NOTATION;
    ret->name = name;
    ret->targetNamespace = nsName;
    /* TODO: do we need the node to be set?
    * ret->node = node;*/"
local.oob.memfunc.length-misuse.maxcover.v5,local.oob.memfunc.length-misuse.maxcover.v5,warning,low,"CWE-120,CWE-125,CWE-787",/mnt/WorkDrive/SAILR/dataset/55980/libxml2_55980_fix/xmlschemas.c,3646,5,3646,11,High-coverage OOB risk: length/count may be unbounded for memset().,,3641,3651,"    ret = (xmlSchemaBucketPtr) xmlMalloc(size);
    if (ret == NULL) {
	xmlSchemaPErrMemory(NULL, ""allocating schema bucket"", NULL);
	return(NULL);
    }
    memset(ret, 0, size);
    ret->targetNamespace = targetNamespace;
    ret->type = type;
    ret->globals = xmlSchemaItemListCreate();
    if (ret->globals == NULL) {
	xmlFree(ret);"
local.oob.memfunc.length-misuse.maxcover.v5,local.oob.memfunc.length-misuse.maxcover.v5,warning,low,"CWE-120,CWE-125,CWE-787",/mnt/WorkDrive/SAILR/dataset/55980/libxml2_55980_fix/xmlschemas.c,3395,5,3395,11,High-coverage OOB risk: length/count may be unbounded for memset().,,3390,3400,"    if (ret == NULL) {
	xmlSchemaPErrMemory(NULL,
	    ""allocating an item list structure"", NULL);
	return (NULL);
    }
    memset(ret, 0, sizeof(xmlSchemaItemList));
    return (ret);
}

static void
xmlSchemaItemListClear(xmlSchemaItemListPtr list)"
local.oob.memfunc.length-misuse.maxcover.v5,local.oob.memfunc.length-misuse.maxcover.v5,warning,low,"CWE-120,CWE-125,CWE-787",/mnt/WorkDrive/SAILR/dataset/55980/libxml2_55980_fix/xmlschemas.c,3379,5,3379,11,High-coverage OOB risk: length/count may be unbounded for memset().,,3374,3384,"    ret = (xmlSchemaAnnotPtr) xmlMalloc(sizeof(xmlSchemaAnnot));
    if (ret == NULL) {
        xmlSchemaPErrMemory(ctxt, ""allocating annotation"", node);
        return (NULL);
    }
    memset(ret, 0, sizeof(xmlSchemaAnnot));
    ret->content = node;
    return (ret);
}

static xmlSchemaItemListPtr"
local.oob.memfunc.length-misuse.maxcover.v5,local.oob.memfunc.length-misuse.maxcover.v5,warning,low,"CWE-120,CWE-125,CWE-787",/mnt/WorkDrive/SAILR/dataset/55980/libxml2_55980_fix/xmlschemas.c,3355,5,3355,11,High-coverage OOB risk: length/count may be unbounded for memset().,,3350,3360,"
    ret = (xmlSchemaFacetPtr) xmlMalloc(sizeof(xmlSchemaFacet));
    if (ret == NULL) {
        return (NULL);
    }
    memset(ret, 0, sizeof(xmlSchemaFacet));

    return (ret);
}

/**"
local.oob.memfunc.length-misuse.maxcover.v5,local.oob.memfunc.length-misuse.maxcover.v5,warning,low,"CWE-120,CWE-125,CWE-787",/mnt/WorkDrive/SAILR/dataset/55980/libxml2_55980_fix/xmlschemas.c,3332,5,3332,11,High-coverage OOB risk: length/count may be unbounded for memset().,,3327,3337,"    ret = (xmlSchemaPtr) xmlMalloc(sizeof(xmlSchema));
    if (ret == NULL) {
        xmlSchemaPErrMemory(ctxt, ""allocating schema"", NULL);
        return (NULL);
    }
    memset(ret, 0, sizeof(xmlSchema));
    ret->dict = ctxt->dict;
    xmlDictReference(ret->dict);

    return (ret);
}"
local.oob.memfunc.length-misuse.maxcover.v5,local.oob.memfunc.length-misuse.maxcover.v5,warning,low,"CWE-120,CWE-125,CWE-787",/mnt/WorkDrive/SAILR/dataset/55980/libxml2_55980_fix/testapi.c,141,5,141,11,High-coverage OOB risk: length/count may be unbounded for memset().,,136,146,"#ifdef HAVE_PUTENV
    /* access to the proxy can slow up regression tests a lot */
    putenv((char *) ""http_proxy="");
#endif

    memset(chartab, 0, sizeof(chartab));
    strncpy((char *) chartab, ""  chartab\n"", 20);
    memset(inttab, 0, sizeof(inttab));
    memset(longtab, 0, sizeof(longtab));

    xmlInitParser();"
local.oob.memfunc.length-misuse.maxcover.v5,local.oob.memfunc.length-misuse.maxcover.v5,warning,low,"CWE-120,CWE-125,CWE-787",/mnt/WorkDrive/SAILR/dataset/55980/libxml2_55980_fix/testapi.c,142,5,142,12,High-coverage OOB risk: length/count may be unbounded for strncpy().,,137,147,"    /* access to the proxy can slow up regression tests a lot */
    putenv((char *) ""http_proxy="");
#endif

    memset(chartab, 0, sizeof(chartab));
    strncpy((char *) chartab, ""  chartab\n"", 20);
    memset(inttab, 0, sizeof(inttab));
    memset(longtab, 0, sizeof(longtab));

    xmlInitParser();
#ifdef LIBXML_CATALOG_ENABLED"
local.oob.memfunc.length-misuse.maxcover.v5,local.oob.memfunc.length-misuse.maxcover.v5,warning,low,"CWE-120,CWE-125,CWE-787",/mnt/WorkDrive/SAILR/dataset/55980/libxml2_55980_fix/testapi.c,143,5,143,11,High-coverage OOB risk: length/count may be unbounded for memset().,,138,148,"    putenv((char *) ""http_proxy="");
#endif

    memset(chartab, 0, sizeof(chartab));
    strncpy((char *) chartab, ""  chartab\n"", 20);
    memset(inttab, 0, sizeof(inttab));
    memset(longtab, 0, sizeof(longtab));

    xmlInitParser();
#ifdef LIBXML_CATALOG_ENABLED
    xmlInitializeCatalog();"
local.oob.memfunc.length-misuse.maxcover.v5,local.oob.memfunc.length-misuse.maxcover.v5,warning,low,"CWE-120,CWE-125,CWE-787",/mnt/WorkDrive/SAILR/dataset/55980/libxml2_55980_fix/testapi.c,144,5,144,11,High-coverage OOB risk: length/count may be unbounded for memset().,,139,149,"#endif

    memset(chartab, 0, sizeof(chartab));
    strncpy((char *) chartab, ""  chartab\n"", 20);
    memset(inttab, 0, sizeof(inttab));
    memset(longtab, 0, sizeof(longtab));

    xmlInitParser();
#ifdef LIBXML_CATALOG_ENABLED
    xmlInitializeCatalog();
#endif"
