ruleId,ruleName,severity,precision,cwe,file,startLine,startColumn,endLine,endColumn,message,helpUri,contextStart,contextEnd,snippet
cpp/unbounded-write,cpp/unbounded-write,9.3,medium,"CWE-120,CWE-787,CWE-805",/media/shafi/Research/STAILOR/dataset/66502/libxml2_66502_vul/xmlmemory.c,484,5,484,11,This 'call to strcpy' with input from [a command-line argument](1) may overflow the destination.,,479,489,"
    s = (char *) HDR_2_CLIENT(p);

    if (xmlMemStopAtBlock == p->mh_number) xmlMallocBreakpoint();

    strcpy(s,str);

    TEST_POINT

    if (xmlMemTraceBlockAt == s) {
	fprintf(stderr,"
cpp/unbounded-write,cpp/unbounded-write,9.3,medium,"CWE-120,CWE-787,CWE-805",/media/shafi/Research/STAILOR/dataset/66502/libxml2_66502_vul/xzlib.c,153,5,153,11,"This 'call to strcpy' with input from [an environment variable](1) may overflow the destination.
This 'call to strcpy' with input from [a command-line argument](2) may overflow the destination.
This 'call to strcpy' with input from [a command-line argument](3) may overflow the destination.
This 'call to strcpy' with input from [a command-line argument](4) may overflow the destination.",,148,158,"    state->path = xmlMalloc(strlen(path) + 1);
    if (state->path == NULL) {
        xmlFree(state);
        return NULL;
    }
    strcpy(state->path, path);

    /* open the file with the appropriate mode (or just use fd) */
    state->fd = fd != -1 ? fd : open(path,
#ifdef O_LARGEFILE
                                     O_LARGEFILE |"
cpp/unbounded-write,cpp/unbounded-write,9.3,medium,"CWE-120,CWE-787,CWE-805",/media/shafi/Research/STAILOR/dataset/66502/libxml2_66502_vul/xzlib.c,110,5,110,11,This 'call to strcpy' with input from [a command-line argument](1) may overflow the destination.,,105,115,"         xmlMalloc(strlen(state->path) + strlen(msg) + 3)) == NULL) {
        state->err = LZMA_MEM_ERROR;
        state->msg = (char *) ""out of memory"";
        return;
    }
    strcpy(state->msg, state->path);
    strcat(state->msg, "": "");
    strcat(state->msg, msg);
    return;
}
"
local/cpp/cwe-120-overflow,local/cpp/cwe-120-overflow,warning,low,CWE-120,/media/shafi/Research/STAILOR/dataset/66502/libxml2_66502_vul/SAX2.c,2432,6,2432,12,CWE-120: Potential Buffer Overflow via memcpy (unchecked length).,,2427,2437,"		    return;
		}
		ctxt->nodemem = size;
		lastChild->content = newbuf;
	    }
	    memcpy(&lastChild->content[ctxt->nodelen], ch, len);
	    ctxt->nodelen += len;
	    lastChild->content[ctxt->nodelen] = 0;
	} else if (coalesceText) {
	    if (xmlTextConcat(lastChild, ch, len)) {
		xmlSAX2ErrMemory(ctxt);"
local/cpp/cwe-120-overflow,local/cpp/cwe-120-overflow,warning,low,CWE-120,/media/shafi/Research/STAILOR/dataset/66502/libxml2_66502_vul/SAX2.c,1679,6,1679,12,CWE-120: Potential Buffer Overflow via memcpy (unchecked length).,,1674,1684,"
	if ((len < (int) (2 * sizeof(void *))) &&
	    (ctxt->options & XML_PARSE_COMPACT)) {
	    /* store the string in the node overriding properties and nsDef */
	    xmlChar *tmp = (xmlChar *) &(ret->properties);
	    memcpy(tmp, str, len);
	    tmp[len] = 0;
	    intern = tmp;
	} else if ((len <= 3) && ((cur == '""') || (cur == '\'') ||
	    ((cur == '<') && (str[len + 1] != '!')))) {
	    intern = xmlDictLookup(ctxt->dict, str, len);"
local/cpp/cwe-120-overflow,local/cpp/cwe-120-overflow,warning,low,CWE-120,/media/shafi/Research/STAILOR/dataset/66502/libxml2_66502_vul/buf.c,790,5,790,12,CWE-120: Potential Buffer Overflow via memmove (unchecked length).,,785,795,"	    xmlBufMemoryError(buf);
            return XML_ERR_NO_MEMORY;
        }
    }

    memmove(&buf->content[buf->use], str, len);
    buf->use += len;
    buf->content[buf->use] = 0;
    UPDATE_COMPAT(buf)
    return 0;
}"
local/cpp/cwe-120-overflow,local/cpp/cwe-120-overflow,warning,low,CWE-120,/media/shafi/Research/STAILOR/dataset/66502/libxml2_66502_vul/buf.c,691,6,691,13,CWE-120: Potential Buffer Overflow via memmove (unchecked length).,,686,696,"    if ((buf->alloc == XML_BUFFER_ALLOC_IO) && (buf->contentIO != NULL)) {
        start_buf = buf->content - buf->contentIO;

        if (start_buf > newSize) {
	    /* move data back to start */
	    memmove(buf->contentIO, buf->content, buf->use);
	    buf->content = buf->contentIO;
	    buf->content[buf->use] = 0;
	    buf->size += start_buf;
	} else {
	    rebuf = (xmlChar *) xmlRealloc(buf->contentIO, start_buf + newSize);"
local/cpp/cwe-120-overflow,local/cpp/cwe-120-overflow,warning,low,CWE-120,/media/shafi/Research/STAILOR/dataset/66502/libxml2_66502_vul/buf.c,720,3,720,9,CWE-120: Potential Buffer Overflow via memcpy (unchecked length).,,715,725,"	     * better to make a new allocation and copy only the used range
	     * and free the old one.
	     */
	    rebuf = (xmlChar *) xmlMallocAtomic(newSize);
	    if (rebuf != NULL) {
		memcpy(rebuf, buf->content, buf->use);
		xmlFree(buf->content);
		rebuf[buf->use] = 0;
	    }
	}
	if (rebuf == NULL) {"
local/cpp/cwe-120-overflow,local/cpp/cwe-120-overflow,warning,low,CWE-120,/media/shafi/Research/STAILOR/dataset/66502/libxml2_66502_vul/buf.c,342,3,342,10,CWE-120: Potential Buffer Overflow via memmove (unchecked length).,,337,347,"	 * on IO buffers
	 */
	if ((buf->alloc == XML_BUFFER_ALLOC_IO) && (buf->contentIO != NULL)) {
	    size_t start_buf = buf->content - buf->contentIO;
	    if (start_buf >= buf->size) {
		memmove(buf->contentIO, &buf->content[0], buf->use);
		buf->content = buf->contentIO;
		buf->content[buf->use] = 0;
		buf->size += start_buf;
	    }
	}"
local/cpp/cwe-120-overflow,local/cpp/cwe-120-overflow,warning,low,CWE-120,/media/shafi/Research/STAILOR/dataset/66502/libxml2_66502_vul/buf.c,349,2,349,9,CWE-120: Potential Buffer Overflow via memmove (unchecked length).,,344,354,"		buf->content[buf->use] = 0;
		buf->size += start_buf;
	    }
	}
    } else {
	memmove(buf->content, &buf->content[len], buf->use);
	buf->content[buf->use] = 0;
    }
    UPDATE_COMPAT(buf)
    return(len);
}"
local/cpp/cwe-120-overflow,local/cpp/cwe-120-overflow,warning,low,CWE-120,/media/shafi/Research/STAILOR/dataset/66502/libxml2_66502_vul/c14n.c,330,2,330,8,CWE-120: Potential Buffer Overflow via memset (unchecked length).,,325,335,"        cur->nodeTab = (xmlNodePtr*) xmlMalloc(XML_NAMESPACES_DEFAULT * sizeof(xmlNodePtr));
	if ((cur->nsTab == NULL) || (cur->nodeTab == NULL)) {
	    xmlC14NErrMemory();
	    return;
	}
	memset(cur->nsTab, 0 , XML_NAMESPACES_DEFAULT * sizeof(xmlNsPtr));
	memset(cur->nodeTab, 0 , XML_NAMESPACES_DEFAULT * sizeof(xmlNodePtr));
        cur->nsMax = XML_NAMESPACES_DEFAULT;
    } else if(cur->nsMax == cur->nsCurEnd) {
	void *tmp;
	int tmpSize;"
local/cpp/cwe-120-overflow,local/cpp/cwe-120-overflow,warning,low,CWE-120,/media/shafi/Research/STAILOR/dataset/66502/libxml2_66502_vul/c14n.c,331,2,331,8,CWE-120: Potential Buffer Overflow via memset (unchecked length).,,326,336,"	if ((cur->nsTab == NULL) || (cur->nodeTab == NULL)) {
	    xmlC14NErrMemory();
	    return;
	}
	memset(cur->nsTab, 0 , XML_NAMESPACES_DEFAULT * sizeof(xmlNsPtr));
	memset(cur->nodeTab, 0 , XML_NAMESPACES_DEFAULT * sizeof(xmlNodePtr));
        cur->nsMax = XML_NAMESPACES_DEFAULT;
    } else if(cur->nsMax == cur->nsCurEnd) {
	void *tmp;
	int tmpSize;
"
local/cpp/cwe-120-overflow,local/cpp/cwe-120-overflow,warning,low,CWE-120,/media/shafi/Research/STAILOR/dataset/66502/libxml2_66502_vul/c14n.c,302,2,302,8,CWE-120: Potential Buffer Overflow via memset (unchecked length).,,297,307,"    if(cur == NULL) {
        xmlC14NErrParam(NULL);
        return;
    }
    if(cur->nsTab != NULL) {
	memset(cur->nsTab, 0, cur->nsMax * sizeof(xmlNsPtr));
	xmlFree(cur->nsTab);
    }
    if(cur->nodeTab != NULL) {
	memset(cur->nodeTab, 0, cur->nsMax * sizeof(xmlNodePtr));
	xmlFree(cur->nodeTab);"
local/cpp/cwe-120-overflow,local/cpp/cwe-120-overflow,warning,low,CWE-120,/media/shafi/Research/STAILOR/dataset/66502/libxml2_66502_vul/c14n.c,306,2,306,8,CWE-120: Potential Buffer Overflow via memset (unchecked length).,,301,311,"    if(cur->nsTab != NULL) {
	memset(cur->nsTab, 0, cur->nsMax * sizeof(xmlNsPtr));
	xmlFree(cur->nsTab);
    }
    if(cur->nodeTab != NULL) {
	memset(cur->nodeTab, 0, cur->nsMax * sizeof(xmlNodePtr));
	xmlFree(cur->nodeTab);
    }
    memset(cur, 0, sizeof(xmlC14NVisibleNsStack));
    xmlFree(cur);
"
local/cpp/cwe-120-overflow,local/cpp/cwe-120-overflow,warning,low,CWE-120,/media/shafi/Research/STAILOR/dataset/66502/libxml2_66502_vul/encoding.c,1077,6,1077,13,CWE-120: Potential Buffer Overflow via memmove (unchecked length).,,1072,1082,"    for (i = 0;i < xmlCharEncodingAliasesNb;i++) {
	if (!strcmp(xmlCharEncodingAliases[i].alias, alias)) {
	    xmlFree((char *) xmlCharEncodingAliases[i].name);
	    xmlFree((char *) xmlCharEncodingAliases[i].alias);
	    xmlCharEncodingAliasesNb--;
	    memmove(&xmlCharEncodingAliases[i], &xmlCharEncodingAliases[i + 1],
		    sizeof(xmlCharEncodingAlias) * (xmlCharEncodingAliasesNb - i));
	    return(0);
	}
    }
    return(-1);"
local/cpp/cwe-120-overflow,local/cpp/cwe-120-overflow,warning,low,CWE-120,/media/shafi/Research/STAILOR/dataset/66502/libxml2_66502_vul/encoding.c,307,5,307,11,CWE-120: Potential Buffer Overflow via memcpy (unchecked length).,,302,312,"    /*
     * FIXME: Conversion functions must assure valid UTF-8, so we have
     * to check for UTF-8 validity. Preferably, this converter shouldn't
     * be used at all.
     */
    memcpy(out, inb, len);

    *outlen = len;
    *inlenb = len;
    return(*outlen);
}"
local/cpp/cwe-120-overflow,local/cpp/cwe-120-overflow,warning,low,CWE-120,/media/shafi/Research/STAILOR/dataset/66502/libxml2_66502_vul/hash.c,1316,9,1316,16,CWE-120: Potential Buffer Overflow via memmove (unchecked length).,,1311,1321,"    next = entry + 1;

    if (cur < entry) {
        xmlHashEntry *end = &hash->table[hash->size];

        memmove(entry, next, (char *) end - (char *) next);
        entry = hash->table;
        end[-1] = *entry;
        next = entry + 1;
    }
"
local/cpp/cwe-120-overflow,local/cpp/cwe-120-overflow,warning,low,CWE-120,/media/shafi/Research/STAILOR/dataset/66502/libxml2_66502_vul/hash.c,1322,5,1322,12,CWE-120: Potential Buffer Overflow via memmove (unchecked length).,,1317,1327,"        entry = hash->table;
        end[-1] = *entry;
        next = entry + 1;
    }

    memmove(entry, next, (char *) cur - (char *) entry);

    /*
     * Update entry
     */
    cur->hashValue = 0;"
local/cpp/cwe-120-overflow,local/cpp/cwe-120-overflow,warning,low,CWE-120,/media/shafi/Research/STAILOR/dataset/66502/libxml2_66502_vul/dict.c,804,13,804,20,CWE-120: Potential Buffer Overflow via memmove (unchecked length).,,799,809,"        if (cur < entry) {
            /*
             * If we traversed the end of the buffer, handle the part
             * at the start of the buffer.
             */
            memmove(&dict->table[1], dict->table,
                    (char *) cur - (char *) dict->table);
            cur = end - 1;
            dict->table[0] = *cur;
        }
"
local/cpp/cwe-120-overflow,local/cpp/cwe-120-overflow,warning,low,CWE-120,/media/shafi/Research/STAILOR/dataset/66502/libxml2_66502_vul/dict.c,810,9,810,16,CWE-120: Potential Buffer Overflow via memmove (unchecked length).,,805,815,"                    (char *) cur - (char *) dict->table);
            cur = end - 1;
            dict->table[0] = *cur;
        }

        memmove(&entry[1], entry, (char *) cur - (char *) entry);
    }

    /*
     * Populate entry
     */"
local/cpp/cwe-120-overflow,local/cpp/cwe-120-overflow,warning,low,CWE-120,/media/shafi/Research/STAILOR/dataset/66502/libxml2_66502_vul/dict.c,632,5,632,11,CWE-120: Potential Buffer Overflow via memset (unchecked length).,,627,637,"    if ((size_t) size + 0 > SIZE_MAX / sizeof(table[0]))
        return(-1);
    table = xmlMalloc(size * sizeof(table[0]));
    if (table == NULL)
        return(-1);
    memset(table, 0, size * sizeof(table[0]));

    oldsize = dict->size;
    if (oldsize == 0)
        goto done;
"
local/cpp/cwe-120-overflow,local/cpp/cwe-120-overflow,warning,low,CWE-120,/media/shafi/Research/STAILOR/dataset/66502/libxml2_66502_vul/catalog.c,981,11,981,15,CWE-120: Potential Buffer Overflow via read (unchecked length).,,976,986,"	fclose(fd);
#endif
        return (NULL);
    }
#ifdef HAVE_STAT
    len = read(fd, content, size);
    close(fd);
#else
    len = fread(content, 1, size, fd);
    fclose(fd);
#endif"
local/cpp/cwe-120-overflow,local/cpp/cwe-120-overflow,warning,low,CWE-120,/media/shafi/Research/STAILOR/dataset/66502/libxml2_66502_vul/hash.c,520,9,520,15,CWE-120: Potential Buffer Overflow via memcpy (unchecked length).,,515,525,"        }
    } else {
        copy = xmlMalloc(lengths[0] + 1);
        if (copy == NULL)
            return(-1);
        memcpy(copy, key, lengths[0] + 1);

        if (key2 != NULL) {
            copy2 = xmlMalloc(lengths[1] + 1);
            if (copy2 == NULL) {
                xmlFree(copy);"
local/cpp/cwe-120-overflow,local/cpp/cwe-120-overflow,warning,low,CWE-120,/media/shafi/Research/STAILOR/dataset/66502/libxml2_66502_vul/hash.c,528,13,528,19,CWE-120: Potential Buffer Overflow via memcpy (unchecked length).,,523,533,"            copy2 = xmlMalloc(lengths[1] + 1);
            if (copy2 == NULL) {
                xmlFree(copy);
                return(-1);
            }
            memcpy(copy2, key2, lengths[1] + 1);
        } else {
            copy2 = NULL;
        }

        if (key3 != NULL) {"
local/cpp/cwe-120-overflow,local/cpp/cwe-120-overflow,warning,low,CWE-120,/media/shafi/Research/STAILOR/dataset/66502/libxml2_66502_vul/hash.c,540,13,540,19,CWE-120: Potential Buffer Overflow via memcpy (unchecked length).,,535,545,"            if (copy3 == NULL) {
                xmlFree(copy);
                xmlFree(copy2);
                return(-1);
            }
            memcpy(copy3, key3, lengths[2] + 1);
        } else {
            copy3 = NULL;
        }
    }
"
local/cpp/cwe-120-overflow,local/cpp/cwe-120-overflow,warning,low,CWE-120,/media/shafi/Research/STAILOR/dataset/66502/libxml2_66502_vul/hash.c,564,13,564,20,CWE-120: Potential Buffer Overflow via memmove (unchecked length).,,559,569,"        if (cur < entry) {
            /*
             * If we traversed the end of the buffer, handle the part
             * at the start of the buffer.
             */
            memmove(&hash->table[1], hash->table,
                    (char *) cur - (char *) hash->table);
            cur = end - 1;
            hash->table[0] = *cur;
        }
"
local/cpp/cwe-120-overflow,local/cpp/cwe-120-overflow,warning,low,CWE-120,/media/shafi/Research/STAILOR/dataset/66502/libxml2_66502_vul/hash.c,570,9,570,16,CWE-120: Potential Buffer Overflow via memmove (unchecked length).,,565,575,"                    (char *) cur - (char *) hash->table);
            cur = end - 1;
            hash->table[0] = *cur;
        }

        memmove(&entry[1], entry, (char *) cur - (char *) entry);
    }

    /*
     * Populate entry
     */"
local/cpp/cwe-120-overflow,local/cpp/cwe-120-overflow,warning,low,CWE-120,/media/shafi/Research/STAILOR/dataset/66502/libxml2_66502_vul/dict.c,256,5,256,11,CWE-120: Potential Buffer Overflow via memcpy (unchecked length).,,251,261,"	pool->next = dict->strings;
	dict->strings = pool;
    }
found_pool:
    ret = pool->free;
    memcpy(pool->free, prefix, plen);
    pool->free += plen;
    *(pool->free++) = ':';
    memcpy(pool->free, name, namelen);
    pool->free += namelen;
    *(pool->free++) = 0;"
local/cpp/cwe-120-overflow,local/cpp/cwe-120-overflow,warning,low,CWE-120,/media/shafi/Research/STAILOR/dataset/66502/libxml2_66502_vul/dict.c,259,5,259,11,CWE-120: Potential Buffer Overflow via memcpy (unchecked length).,,254,264,"found_pool:
    ret = pool->free;
    memcpy(pool->free, prefix, plen);
    pool->free += plen;
    *(pool->free++) = ':';
    memcpy(pool->free, name, namelen);
    pool->free += namelen;
    *(pool->free++) = 0;
    pool->nbStrings++;
    return(ret);
}"
local/cpp/cwe-120-overflow,local/cpp/cwe-120-overflow,warning,low,CWE-120,/media/shafi/Research/STAILOR/dataset/66502/libxml2_66502_vul/hash.c,365,5,365,11,CWE-120: Potential Buffer Overflow via memset (unchecked length).,,360,370,"    if ((size_t) size + 0 > SIZE_MAX / sizeof(table[0]))
        return(-1);
    table = xmlMalloc(size * sizeof(table[0]));
    if (table == NULL)
        return(-1);
    memset(table, 0, size * sizeof(table[0]));

    oldsize = hash->size;
    if (oldsize == 0)
        goto done;
"
local/cpp/cwe-120-overflow,local/cpp/cwe-120-overflow,warning,low,CWE-120,/media/shafi/Research/STAILOR/dataset/66502/libxml2_66502_vul/dict.c,196,5,196,11,CWE-120: Potential Buffer Overflow via memcpy (unchecked length).,,191,201,"	pool->next = dict->strings;
	dict->strings = pool;
    }
found_pool:
    ret = pool->free;
    memcpy(pool->free, name, namelen);
    pool->free += namelen;
    *(pool->free++) = 0;
    pool->nbStrings++;
    return(ret);
}"
local/cpp/cwe-120-overflow,local/cpp/cwe-120-overflow,warning,low,CWE-120,/media/shafi/Research/STAILOR/dataset/66502/libxml2_66502_vul/HTMLparser.c,2235,6,2235,12,CWE-120: Potential Buffer Overflow via memcpy (unchecked length).,,2230,2240,"		cp = ent->name;
	    len = strlen(cp);
	    if (outend - out < len + 2)
		break;
	    *out++ = '&';
	    memcpy(out, cp, len);
	    out += len;
	    *out++ = ';';
	}
	processed = in;
    }"
local/cpp/cwe-120-overflow,local/cpp/cwe-120-overflow,warning,low,CWE-120,/media/shafi/Research/STAILOR/dataset/66502/libxml2_66502_vul/HTMLparser.c,2136,6,2136,12,CWE-120: Potential Buffer Overflow via memcpy (unchecked length).,,2131,2141,"	      cp = ent->name;
	    len = strlen(cp);
	    if (out + 2 + len >= outend)
		break;
	    *out++ = '&';
	    memcpy(out, cp, len);
	    out += len;
	    *out++ = ';';
	}
	processed = in;
    }"
local/cpp/cwe-120-overflow,local/cpp/cwe-120-overflow,warning,low,CWE-120,/media/shafi/Research/STAILOR/dataset/66502/libxml2_66502_vul/relaxng.c,9162,5,9162,11,CWE-120: Potential Buffer Overflow via memset (unchecked length).,,9157,9167,"    list = (xmlNodePtr *) xmlMalloc(nbgroups * sizeof(xmlNodePtr));
    if (list == NULL) {
        xmlRngVErrMemory(ctxt);
        return (-1);
    }
    memset(list, 0, nbgroups * sizeof(xmlNodePtr));
    lasts = (xmlNodePtr *) xmlMalloc(nbgroups * sizeof(xmlNodePtr));
    if (lasts == NULL) {
        xmlRngVErrMemory(ctxt);
        return (-1);
    }"
local/cpp/cwe-120-overflow,local/cpp/cwe-120-overflow,warning,low,CWE-120,/media/shafi/Research/STAILOR/dataset/66502/libxml2_66502_vul/relaxng.c,9168,5,9168,11,CWE-120: Potential Buffer Overflow via memset (unchecked length).,,9163,9173,"    lasts = (xmlNodePtr *) xmlMalloc(nbgroups * sizeof(xmlNodePtr));
    if (lasts == NULL) {
        xmlRngVErrMemory(ctxt);
        return (-1);
    }
    memset(lasts, 0, nbgroups * sizeof(xmlNodePtr));

    /*
     * Walk the sequence of children finding the right group and
     * sorting them in sequences.
     */"
local/cpp/cwe-120-overflow,local/cpp/cwe-120-overflow,warning,low,CWE-120,/media/shafi/Research/STAILOR/dataset/66502/libxml2_66502_vul/runtest.c,4826,12,4826,17,CWE-120: Potential Buffer Overflow via fgets (unchecked length).,,4821,4831,"	fclose(input);
	return(-1);
    }
    ret = 0;

    while (fgets(expr, 4500, input) != NULL) {
	if (expr[0] == '#')
	    continue;
	len = strlen(expr);
	len--;
	while ((len >= 0) &&"
local/cpp/cwe-120-overflow,local/cpp/cwe-120-overflow,warning,low,CWE-120,/media/shafi/Research/STAILOR/dataset/66502/libxml2_66502_vul/runtest.c,4687,12,4687,17,CWE-120: Potential Buffer Overflow via fgets (unchecked length).,,4682,4692,"	fprintf(stderr, ""failed to open output file %s\n"", temp);
        free(temp);
	ret = -1;
        goto done;
    }
    while (fgets(expression, 4500, input) != NULL) {
	len = strlen(expression);
	len--;
	while ((len >= 0) &&
	       ((expression[len] == '\n') || (expression[len] == '\t') ||
		(expression[len] == '\r') || (expression[len] == ' '))) len--;"
local/cpp/cwe-120-overflow,local/cpp/cwe-120-overflow,warning,low,CWE-120,/media/shafi/Research/STAILOR/dataset/66502/libxml2_66502_vul/testThreads.c,106,9,106,15,CWE-120: Potential Buffer Overflow via memset (unchecked length).,,101,111,"        int ret;

	xmlLoadCatalog(catalog);

#ifdef HAVE_PTHREAD_H
        memset(tid, 0xff, sizeof(*tid)*num_threads);

	for (i = 0; i < num_threads; i++) {
	    ret = pthread_create(&tid[i], NULL, thread_specific_data,
				 (void *) &threadParams[i]);
	    if (ret != 0) {"
local/cpp/cwe-120-overflow,local/cpp/cwe-120-overflow,warning,low,CWE-120,/media/shafi/Research/STAILOR/dataset/66502/libxml2_66502_vul/runtest.c,4385,5,4385,11,CWE-120: Potential Buffer Overflow via memcpy (unchecked length).,,4380,4390,"    int ret = 0;

    base = baseFilename(filename);
    len = strlen(base);
    len -= 4;
    memcpy(prefix, base, len);
    prefix[len] = 0;

    if (snprintf(buf, 499, ""result/c14n/%s/%s"", subdir, prefix) >= 499)
        buf[499] = 0;
    result = strdup(buf);"
local/cpp/cwe-120-overflow,local/cpp/cwe-120-overflow,warning,low,CWE-120,/media/shafi/Research/STAILOR/dataset/66502/libxml2_66502_vul/testdict.c,512,5,512,11,CWE-120: Potential Buffer Overflow via memset (unchecked length).,,507,517,"    ret = xmlMalloc(sizeof(*ret));
    ret->num_entries = num_entries;
    ret->num_keys = num_keys;
    num_strings = num_entries * num_keys;
    ret->strings = xmlMalloc(num_strings * sizeof(ret->strings[0]));
    memset(ret->strings, 0, num_strings * sizeof(ret->strings[0]));
    ret->num_strings = num_strings;
    ret->index = 0;
    ret->id = id;

    return ret;"
local/cpp/cwe-120-overflow,local/cpp/cwe-120-overflow,warning,low,CWE-120,/media/shafi/Research/STAILOR/dataset/66502/libxml2_66502_vul/testdict.c,410,5,410,11,CWE-120: Potential Buffer Overflow via memset (unchecked length).,,405,415,"testall_dict(void) {
    xmlDictPtr dict;
    int ret = 0;

    strings1 = xmlMalloc(NB_STRINGS_MAX * sizeof(strings1[0]));
    memset(strings1, 0, NB_STRINGS_MAX * sizeof(strings1[0]));
    strings2 = xmlMalloc(NB_STRINGS_MAX * sizeof(strings2[0]));
    memset(strings2, 0, NB_STRINGS_MAX * sizeof(strings2[0]));
    test1 = xmlMalloc(NB_STRINGS_MAX * sizeof(test1[0]));
    memset(test1, 0, NB_STRINGS_MAX * sizeof(test1[0]));
    test2 = xmlMalloc(NB_STRINGS_MAX * sizeof(test2[0]));"
local/cpp/cwe-120-overflow,local/cpp/cwe-120-overflow,warning,low,CWE-120,/media/shafi/Research/STAILOR/dataset/66502/libxml2_66502_vul/testdict.c,412,5,412,11,CWE-120: Potential Buffer Overflow via memset (unchecked length).,,407,417,"    int ret = 0;

    strings1 = xmlMalloc(NB_STRINGS_MAX * sizeof(strings1[0]));
    memset(strings1, 0, NB_STRINGS_MAX * sizeof(strings1[0]));
    strings2 = xmlMalloc(NB_STRINGS_MAX * sizeof(strings2[0]));
    memset(strings2, 0, NB_STRINGS_MAX * sizeof(strings2[0]));
    test1 = xmlMalloc(NB_STRINGS_MAX * sizeof(test1[0]));
    memset(test1, 0, NB_STRINGS_MAX * sizeof(test1[0]));
    test2 = xmlMalloc(NB_STRINGS_MAX * sizeof(test2[0]));
    memset(test2, 0, NB_STRINGS_MAX * sizeof(test2[0]));
"
local/cpp/cwe-120-overflow,local/cpp/cwe-120-overflow,warning,low,CWE-120,/media/shafi/Research/STAILOR/dataset/66502/libxml2_66502_vul/testdict.c,414,5,414,11,CWE-120: Potential Buffer Overflow via memset (unchecked length).,,409,419,"    strings1 = xmlMalloc(NB_STRINGS_MAX * sizeof(strings1[0]));
    memset(strings1, 0, NB_STRINGS_MAX * sizeof(strings1[0]));
    strings2 = xmlMalloc(NB_STRINGS_MAX * sizeof(strings2[0]));
    memset(strings2, 0, NB_STRINGS_MAX * sizeof(strings2[0]));
    test1 = xmlMalloc(NB_STRINGS_MAX * sizeof(test1[0]));
    memset(test1, 0, NB_STRINGS_MAX * sizeof(test1[0]));
    test2 = xmlMalloc(NB_STRINGS_MAX * sizeof(test2[0]));
    memset(test2, 0, NB_STRINGS_MAX * sizeof(test2[0]));

    fill_string_pool(strings1, seeds1);
    fill_string_pool(strings2, seeds2);"
local/cpp/cwe-120-overflow,local/cpp/cwe-120-overflow,warning,low,CWE-120,/media/shafi/Research/STAILOR/dataset/66502/libxml2_66502_vul/testdict.c,416,5,416,11,CWE-120: Potential Buffer Overflow via memset (unchecked length).,,411,421,"    strings2 = xmlMalloc(NB_STRINGS_MAX * sizeof(strings2[0]));
    memset(strings2, 0, NB_STRINGS_MAX * sizeof(strings2[0]));
    test1 = xmlMalloc(NB_STRINGS_MAX * sizeof(test1[0]));
    memset(test1, 0, NB_STRINGS_MAX * sizeof(test1[0]));
    test2 = xmlMalloc(NB_STRINGS_MAX * sizeof(test2[0]));
    memset(test2, 0, NB_STRINGS_MAX * sizeof(test2[0]));

    fill_string_pool(strings1, seeds1);
    fill_string_pool(strings2, seeds2);
#ifdef WITH_PRINT
    print_strings();"
local/cpp/cwe-120-overflow,local/cpp/cwe-120-overflow,warning,low,CWE-120,/media/shafi/Research/STAILOR/dataset/66502/libxml2_66502_vul/runtest.c,4017,5,4017,11,CWE-120: Potential Buffer Overflow via memcpy (unchecked length).,,4012,4022,"    xmlTextReaderPtr reader;
    xmlDocPtr doc;

    len = strlen(filename);
    len -= 4;
    memcpy(xml, filename, len);
    xml[len] = 0;
    if (snprintf(result, 499, ""result/pattern/%s"", baseFilename(xml)) >= 499)
        result[499] = 0;
    memcpy(xml + len, "".xml"", 5);
"
local/cpp/cwe-120-overflow,local/cpp/cwe-120-overflow,warning,low,CWE-120,/media/shafi/Research/STAILOR/dataset/66502/libxml2_66502_vul/runtest.c,4021,5,4021,11,CWE-120: Potential Buffer Overflow via memcpy (unchecked length).,,4016,4026,"    len -= 4;
    memcpy(xml, filename, len);
    xml[len] = 0;
    if (snprintf(result, 499, ""result/pattern/%s"", baseFilename(xml)) >= 499)
        result[499] = 0;
    memcpy(xml + len, "".xml"", 5);

    if (!checkTestFile(xml) && !update_results) {
	fprintf(stderr, ""Missing xml file %s\n"", xml);
	return(-1);
    }"
local/cpp/cwe-120-overflow,local/cpp/cwe-120-overflow,warning,low,CWE-120,/media/shafi/Research/STAILOR/dataset/66502/libxml2_66502_vul/runtest.c,4048,6,4048,11,CWE-120: Potential Buffer Overflow via fgets (unchecked length).,,4043,4053,"    }
    while (1) {
	/*
	 * read one line in string buffer.
	 */
	if (fgets (&str[0], sizeof (str) - 1, f) == NULL)
	   break;

	/*
	 * remove the ending spaces
	 */"
local/cpp/cwe-120-overflow,local/cpp/cwe-120-overflow,warning,low,CWE-120,/media/shafi/Research/STAILOR/dataset/66502/libxml2_66502_vul/testlimits.c,331,13,331,19,CWE-120: Potential Buffer Overflow via memcpy (unchecked length).,,326,336,"    }
    if (instate == 0) {
        if (len >= rlen) {
            len = rlen;
            rlen = 0;
            memcpy(buffer, current, len);
            instate = 1;
            curlen = 0;
        } else {
            memcpy(buffer, current, len);
            rlen -= len;"
local/cpp/cwe-120-overflow,local/cpp/cwe-120-overflow,warning,low,CWE-120,/media/shafi/Research/STAILOR/dataset/66502/libxml2_66502_vul/testlimits.c,335,13,335,19,CWE-120: Potential Buffer Overflow via memcpy (unchecked length).,,330,340,"            rlen = 0;
            memcpy(buffer, current, len);
            instate = 1;
            curlen = 0;
        } else {
            memcpy(buffer, current, len);
            rlen -= len;
            current += len;
        }
    } else if (instate == 2) {
        if (len >= rlen) {"
local/cpp/cwe-120-overflow,local/cpp/cwe-120-overflow,warning,low,CWE-120,/media/shafi/Research/STAILOR/dataset/66502/libxml2_66502_vul/testlimits.c,343,13,343,19,CWE-120: Potential Buffer Overflow via memcpy (unchecked length).,,338,348,"        }
    } else if (instate == 2) {
        if (len >= rlen) {
            len = rlen;
            rlen = 0;
            memcpy(buffer, current, len);
            instate = 3;
            curlen = 0;
        } else {
            memcpy(buffer, current, len);
            rlen -= len;"
local/cpp/cwe-120-overflow,local/cpp/cwe-120-overflow,warning,low,CWE-120,/media/shafi/Research/STAILOR/dataset/66502/libxml2_66502_vul/testlimits.c,347,13,347,19,CWE-120: Potential Buffer Overflow via memcpy (unchecked length).,,342,352,"            rlen = 0;
            memcpy(buffer, current, len);
            instate = 3;
            curlen = 0;
        } else {
            memcpy(buffer, current, len);
            rlen -= len;
            current += len;
        }
    } else if (instate == 1) {
        if (len > CHUNK) len = CHUNK;"
local/cpp/cwe-120-overflow,local/cpp/cwe-120-overflow,warning,low,CWE-120,/media/shafi/Research/STAILOR/dataset/66502/libxml2_66502_vul/testlimits.c,353,9,353,15,CWE-120: Potential Buffer Overflow via memcpy (unchecked length).,,348,358,"            rlen -= len;
            current += len;
        }
    } else if (instate == 1) {
        if (len > CHUNK) len = CHUNK;
        memcpy(buffer, &filling[0], len);
        curlen += len;
        if (curlen >= maxlen) {
            rlen = strlen(crazy) - crazy_indx;
            current = &crazy[crazy_indx];
            instate = 2;"
local/cpp/cwe-120-overflow,local/cpp/cwe-120-overflow,warning,low,CWE-120,/media/shafi/Research/STAILOR/dataset/66502/libxml2_66502_vul/testlimits.c,184,13,184,19,CWE-120: Potential Buffer Overflow via memcpy (unchecked length).,,179,189,"
    if (instate == 0) {
        if (len >= rlen) {
            len = rlen;
            rlen = 0;
            memcpy(buffer, current, len);
            instate = 1;
            curlen = 0;
            dotlen = maxlen / 10;
        } else {
            memcpy(buffer, current, len);"
local/cpp/cwe-120-overflow,local/cpp/cwe-120-overflow,warning,low,CWE-120,/media/shafi/Research/STAILOR/dataset/66502/libxml2_66502_vul/testlimits.c,189,13,189,19,CWE-120: Potential Buffer Overflow via memcpy (unchecked length).,,184,194,"            memcpy(buffer, current, len);
            instate = 1;
            curlen = 0;
            dotlen = maxlen / 10;
        } else {
            memcpy(buffer, current, len);
            rlen -= len;
            current += len;
        }
    } else if (instate == 2) {
        if (len >= rlen) {"
local/cpp/cwe-120-overflow,local/cpp/cwe-120-overflow,warning,low,CWE-120,/media/shafi/Research/STAILOR/dataset/66502/libxml2_66502_vul/testlimits.c,197,13,197,19,CWE-120: Potential Buffer Overflow via memcpy (unchecked length).,,192,202,"        }
    } else if (instate == 2) {
        if (len >= rlen) {
            len = rlen;
            rlen = 0;
            memcpy(buffer, current, len);
            instate = 3;
            curlen = 0;
        } else {
            memcpy(buffer, current, len);
            rlen -= len;"
local/cpp/cwe-120-overflow,local/cpp/cwe-120-overflow,warning,low,CWE-120,/media/shafi/Research/STAILOR/dataset/66502/libxml2_66502_vul/testrecurse.c,433,5,433,12,CWE-120: Potential Buffer Overflow via strncpy (unchecked length).,,428,438,"    if (suffix == NULL)
        suffix = "".tmp"";
    if (out == NULL)
        out = """";

    strncpy(suffixbuff,suffix,499);

    if (snprintf(res, 499, ""%s%s%s"", out, base, suffixbuff) >= 499)
        res[499] = 0;
    return(strdup(res));
}"
local/cpp/cwe-120-overflow,local/cpp/cwe-120-overflow,warning,low,CWE-120,/media/shafi/Research/STAILOR/dataset/66502/libxml2_66502_vul/testlimits.c,201,13,201,19,CWE-120: Potential Buffer Overflow via memcpy (unchecked length).,,196,206,"            rlen = 0;
            memcpy(buffer, current, len);
            instate = 3;
            curlen = 0;
        } else {
            memcpy(buffer, current, len);
            rlen -= len;
            current += len;
        }
    } else if (instate == 1) {
        if (len > CHUNK) len = CHUNK;"
local/cpp/cwe-120-overflow,local/cpp/cwe-120-overflow,warning,low,CWE-120,/media/shafi/Research/STAILOR/dataset/66502/libxml2_66502_vul/testlimits.c,207,9,207,15,CWE-120: Potential Buffer Overflow via memcpy (unchecked length).,,202,212,"            rlen -= len;
            current += len;
        }
    } else if (instate == 1) {
        if (len > CHUNK) len = CHUNK;
        memcpy(buffer, &filling[0], len);
        curlen += len;
        if (curlen >= maxlen) {
            rlen = strlen(hugeTests[currentTest].end);
            current = hugeTests[currentTest].end;
            instate = 2;"
local/cpp/cwe-120-overflow,local/cpp/cwe-120-overflow,warning,low,CWE-120,/media/shafi/Research/STAILOR/dataset/66502/libxml2_66502_vul/runtest.c,3860,5,3860,11,CWE-120: Potential Buffer Overflow via memcpy (unchecked length).,,3855,3865,"    if ((len > 499) || (len < 5)) {
	fprintf(stderr, ""len(base) == %d !\n"", len);
	return(-1);
    }
    len -= 4; /* remove trailing .rng */
    memcpy(prefix, base, len);
    prefix[len] = 0;

    /*
     * strictly unifying the error messages is nearly impossible this
     * hack is also done in the Makefile"
local/cpp/cwe-120-overflow,local/cpp/cwe-120-overflow,warning,low,CWE-120,/media/shafi/Research/STAILOR/dataset/66502/libxml2_66502_vul/testrecurse.c,308,2,308,8,CWE-120: Potential Buffer Overflow via memcpy (unchecked length).,,303,313,"            rlen = 0;
            return(0);
        }
        len = rlen;
        rlen = 0;
	memcpy(buffer, current, len);
        curseg ++;
        if (curseg == MAX_NODES) {
            current = hugeDocParts->finish;
	} else {
            current = hugeDocParts->segment;"
local/cpp/cwe-120-overflow,local/cpp/cwe-120-overflow,warning,low,CWE-120,/media/shafi/Research/STAILOR/dataset/66502/libxml2_66502_vul/testrecurse.c,317,2,317,8,CWE-120: Potential Buffer Overflow via memcpy (unchecked length).,,312,322,"	} else {
            current = hugeDocParts->segment;
	}
        rlen = strlen(current);
    } else {
	memcpy(buffer, current, len);
	rlen -= len;
        current += len;
    }
    return (len);
}"
local/cpp/cwe-120-overflow,local/cpp/cwe-120-overflow,warning,low,CWE-120,/media/shafi/Research/STAILOR/dataset/66502/libxml2_66502_vul/runtest.c,3775,5,3775,11,CWE-120: Potential Buffer Overflow via memcpy (unchecked length).,,3770,3780,"    if ((len > 499) || (len < 5)) {
        xmlRelaxNGFree(schemas);
	return(-1);
    }
    len -= 4; /* remove trailing .rng */
    memcpy(prefix, base, len);
    prefix[len] = 0;

    if (snprintf(pattern, 499, ""./test/relaxng/%s_?.xml"", prefix) >= 499)
        pattern[499] = 0;
"
local/cpp/cwe-120-overflow,local/cpp/cwe-120-overflow,warning,low,CWE-120,/media/shafi/Research/STAILOR/dataset/66502/libxml2_66502_vul/runtest.c,3613,5,3613,11,CWE-120: Potential Buffer Overflow via memcpy (unchecked length).,,3608,3618,"        len -= 2; /* remove subtest number */
    }
    if (base[len - 2] == '_') {
        len -= 2; /* remove subtest number */
    }
    memcpy(prefix, base, len);
    prefix[len] = 0;

    if (snprintf(pattern, 499, ""./test/schemas/%s_*.xml"", prefix) >= 499)
        pattern[499] = 0;
"
local/cpp/cwe-120-overflow,local/cpp/cwe-120-overflow,warning,low,CWE-120,/media/shafi/Research/STAILOR/dataset/66502/libxml2_66502_vul/runtest.c,3621,2,3621,8,CWE-120: Potential Buffer Overflow via memcpy (unchecked length).,,3616,3626,"    if (snprintf(pattern, 499, ""./test/schemas/%s_*.xml"", prefix) >= 499)
        pattern[499] = 0;

    if (base[len] == '_') {
        len += 2;
	memcpy(prefix, base, len);
	prefix[len] = 0;
    }

    globbuf.gl_offs = 0;
    glob(pattern, GLOB_DOOFFS, NULL, &globbuf);"
local/cpp/cwe-120-overflow,local/cpp/cwe-120-overflow,warning,low,CWE-120,/media/shafi/Research/STAILOR/dataset/66502/libxml2_66502_vul/runtest.c,3409,4,3409,10,CWE-120: Potential Buffer Overflow via memcpy (unchecked length).,,3404,3414,"
   if ((context == NULL) || (buffer == NULL) || (len < 0))
       return(-1);

   if (len > urip_rlen) len = urip_rlen;
   memcpy(buffer, ptr, len);
   urip_rlen -= len;
   return(len);
}

static int"
local/cpp/cwe-120-overflow,local/cpp/cwe-120-overflow,warning,low,CWE-120,/media/shafi/Research/STAILOR/dataset/66502/libxml2_66502_vul/parser.c,9286,9,9286,15,CWE-120: Potential Buffer Overflow via memset (unchecked length).,,9281,9291,"
            ctxt->attrHash = tmp;
            ctxt->attrHashMax = attrHashSize;
        }

        memset(ctxt->attrHash, -1, attrHashSize * sizeof(ctxt->attrHash[0]));

        for (i = 0, j = 0; j < nratts; i += 5, j++) {
            const xmlChar *nsuri;
            unsigned hashValue, nameHashValue, uriHashValue;
            int res;"
local/cpp/cwe-120-overflow,local/cpp/cwe-120-overflow,warning,low,CWE-120,/media/shafi/Research/STAILOR/dataset/66502/libxml2_66502_vul/runtest.c,3220,6,3220,11,CWE-120: Potential Buffer Overflow via fgets (unchecked length).,,3215,3225,"
    while (1) {
	/*
	 * read one line in string buffer.
	 */
	if (fgets (&str[0], sizeof (str) - 1, f) == NULL)
	   break;

	/*
	 * remove the ending spaces
	 */"
local/cpp/cwe-120-overflow,local/cpp/cwe-120-overflow,warning,low,CWE-120,/media/shafi/Research/STAILOR/dataset/66502/libxml2_66502_vul/uri.c,2579,6,2579,12,CWE-120: Potential Buffer Overflow via memcpy (unchecked length).,,2574,2584,"     * Finish up with the end of the URI
     */
    if (uptr != NULL) {
        if ((vptr > val) && (len > 0) &&
	    (uptr[0] == '/') && (vptr[-1] == '/')) {
	    memcpy (vptr, uptr + 1, len - 1);
	    vptr[len - 2] = 0;
	} else {
	    memcpy (vptr, uptr, len);
	    vptr[len - 1] = 0;
	}"
local/cpp/cwe-120-overflow,local/cpp/cwe-120-overflow,warning,low,CWE-120,/media/shafi/Research/STAILOR/dataset/66502/libxml2_66502_vul/uri.c,2582,6,2582,12,CWE-120: Potential Buffer Overflow via memcpy (unchecked length).,,2577,2587,"        if ((vptr > val) && (len > 0) &&
	    (uptr[0] == '/') && (vptr[-1] == '/')) {
	    memcpy (vptr, uptr + 1, len - 1);
	    vptr[len - 2] = 0;
	} else {
	    memcpy (vptr, uptr, len);
	    vptr[len - 1] = 0;
	}
    } else {
	vptr[len - 1] = 0;
    }"
local/cpp/cwe-120-overflow,local/cpp/cwe-120-overflow,warning,low,CWE-120,/media/shafi/Research/STAILOR/dataset/66502/libxml2_66502_vul/runtest.c,2910,12,2910,17,CWE-120: Potential Buffer Overflow via fgets (unchecked length).,,2905,2915,"        fprintf(stderr,
		""Cannot open %s for reading\n"", filename);
        free(temp);
	return(-1);
    }
    while (fgets(expression, 4500, input) != NULL) {
	len = strlen(expression);
	len--;
	while ((len >= 0) &&
	       ((expression[len] == '\n') || (expression[len] == '\t') ||
		(expression[len] == '\r') || (expression[len] == ' '))) len--;"
local/cpp/cwe-120-overflow,local/cpp/cwe-120-overflow,warning,low,CWE-120,/media/shafi/Research/STAILOR/dataset/66502/libxml2_66502_vul/uri.c,1961,9,1961,15,CWE-120: Potential Buffer Overflow via memcpy (unchecked length).,,1956,1966,"
        result = xmlMalloc(i + refLen + 1);
        if (result == NULL)
            goto err_memory;

        memcpy(result, base, i);
        memcpy(result + i, ref, refLen + 1);
    }

    /*
     * Normalize"
local/cpp/cwe-120-overflow,local/cpp/cwe-120-overflow,warning,low,CWE-120,/media/shafi/Research/STAILOR/dataset/66502/libxml2_66502_vul/uri.c,1962,9,1962,15,CWE-120: Potential Buffer Overflow via memcpy (unchecked length).,,1957,1967,"        result = xmlMalloc(i + refLen + 1);
        if (result == NULL)
            goto err_memory;

        memcpy(result, base, i);
        memcpy(result + i, ref, refLen + 1);
    }

    /*
     * Normalize
     */"
local/cpp/cwe-120-overflow,local/cpp/cwe-120-overflow,warning,low,CWE-120,/media/shafi/Research/STAILOR/dataset/66502/libxml2_66502_vul/nanohttp.c,1305,5,1305,11,CWE-120: Potential Buffer Overflow via memcpy (unchecked length).,,1300,1310,"	return 0;

    /* (Avoid strdup because it's not portable.) */
    envlen = strlen(env) + 1;
    cpy = xmlMalloc(envlen);
    memcpy(cpy, env, envlen);
    env = cpy;

    /* The remainder of the function is basically a tokenizing: */
    while (isspace(*env))
    	++env;"
local/cpp/cwe-120-overflow,local/cpp/cwe-120-overflow,warning,low,CWE-120,/media/shafi/Research/STAILOR/dataset/66502/libxml2_66502_vul/nanohttp.c,1222,5,1222,11,CWE-120: Potential Buffer Overflow via memcpy (unchecked length).,,1217,1227,"    while (ctxt->inptr - ctxt->inrptr < len) {
        if (xmlNanoHTTPRecv(ctxt) <= 0) break;
    }
    if (ctxt->inptr - ctxt->inrptr < len)
        len = ctxt->inptr - ctxt->inrptr;
    memcpy(dest, ctxt->inrptr, len);
    ctxt->inrptr += len;
    return(len);
}

/**"
local/cpp/cwe-120-overflow,local/cpp/cwe-120-overflow,warning,low,CWE-120,/media/shafi/Research/STAILOR/dataset/66502/libxml2_66502_vul/nanohttp.c,1108,3,1108,9,CWE-120: Potential Buffer Overflow via memcpy (unchecked length).,,1103,1113,"		/* A records (IPv4) */
		if ((unsigned int) h->h_length > sizeof(ia)) {
		    __xmlIOErr(XML_FROM_HTTP, 0, ""address size mismatch\n"");
		    return INVALID_SOCKET;
		}
		memcpy (&ia, h->h_addr_list[i], h->h_length);
		sockin.sin_family = h->h_addrtype;
		sockin.sin_addr = ia;
		sockin.sin_port = (unsigned short)htons ((unsigned short)port);
		addr = (struct sockaddr *) &sockin;
	    } else"
local/cpp/cwe-120-overflow,local/cpp/cwe-120-overflow,warning,low,CWE-120,/media/shafi/Research/STAILOR/dataset/66502/libxml2_66502_vul/nanohttp.c,518,13,518,20,CWE-120: Potential Buffer Overflow via memmove (unchecked length).,,513,523,"        }
        if (ctxt->inrptr > ctxt->in + XML_NANO_HTTP_CHUNK) {
            int delta = ctxt->inrptr - ctxt->in;
            int len = ctxt->inptr - ctxt->inrptr;

            memmove(ctxt->in, ctxt->inrptr, len);
            ctxt->inrptr -= delta;
            ctxt->content -= delta;
            ctxt->inptr -= delta;
        }
        if ((ctxt->in + ctxt->inlen) < (ctxt->inptr + XML_NANO_HTTP_CHUNK)) {"
local/cpp/cwe-120-overflow,local/cpp/cwe-120-overflow,warning,low,CWE-120,/media/shafi/Research/STAILOR/dataset/66502/libxml2_66502_vul/nanohttp.c,541,22,541,26,CWE-120: Potential Buffer Overflow via recv (unchecked length).,,536,546,"            }
            ctxt->inptr = ctxt->in + d_inptr;
            ctxt->content = ctxt->in + d_content;
            ctxt->inrptr = ctxt->in + d_inrptr;
        }
        ctxt->last = recv(ctxt->fd, ctxt->inptr, XML_NANO_HTTP_CHUNK, 0);
        if (ctxt->last > 0) {
            ctxt->inptr += ctxt->last;
            return (ctxt->last);
        }
        if (ctxt->last == 0) {"
local/cpp/cwe-120-overflow,local/cpp/cwe-120-overflow,warning,low,CWE-120,/media/shafi/Research/STAILOR/dataset/66502/libxml2_66502_vul/runtest.c,782,19,782,23,CWE-120: Potential Buffer Overflow via read (unchecked length).,,777,787,"	return(-1);
    if ((fd = open(filename, RD_FLAGS)) < 0) {
        free(base);
	return(-1);
    }
    while ((res = read(fd, &base[siz], info.st_size - siz)) > 0) {
        siz += res;
    }
    close(fd);
#if !defined(_WIN32)
    if (siz != info.st_size) {"
local/cpp/cwe-120-overflow,local/cpp/cwe-120-overflow,warning,low,CWE-120,/media/shafi/Research/STAILOR/dataset/66502/libxml2_66502_vul/runtest.c,745,15,745,19,CWE-120: Potential Buffer Overflow via read (unchecked length).,,740,750,"    if (fd < 0) {
	fprintf(stderr, ""failed to open %s for reading"", filename);
        return(-1);
    }
    while (idx < size) {
        res = read(fd, bytes, 4096);
	if (res <= 0)
	    break;
	if (res + idx > size)
	    break;
	if (memcmp(bytes, &mem[idx], res) != 0) {"
local/cpp/cwe-120-overflow,local/cpp/cwe-120-overflow,warning,low,CWE-120,/media/shafi/Research/STAILOR/dataset/66502/libxml2_66502_vul/runtest.c,663,20,663,24,CWE-120: Potential Buffer Overflow via read (unchecked length).,,658,668,"            close(fd1);
            return(-1);
        }
        total = 0;
        do {
            res1 = read(fd1, bytes1, 4096);
            if (res1 <= 0)
                break;
            total += res1;
            res2 = write(fd2, bytes1, res1);
            if (res2 <= 0 || res2 != res1)"
local/cpp/cwe-120-overflow,local/cpp/cwe-120-overflow,warning,low,CWE-120,/media/shafi/Research/STAILOR/dataset/66502/libxml2_66502_vul/runtest.c,683,16,683,20,CWE-120: Potential Buffer Overflow via read (unchecked length).,,678,688,"    fd1 = open(r1, RD_FLAGS);
    if (fd1 < 0)
        return(-1);
    fd2 = open(r2, RD_FLAGS);
    while (1) {
        res1 = read(fd1, bytes1, 4096);
        res2 = fd2 >= 0 ? read(fd2, bytes2, 4096) : 0;
	if ((res1 != res2) || (res1 < 0)) {
	    close(fd1);
            if (fd2 >= 0)
                close(fd2);"
local/cpp/cwe-120-overflow,local/cpp/cwe-120-overflow,warning,low,CWE-120,/media/shafi/Research/STAILOR/dataset/66502/libxml2_66502_vul/runtest.c,684,27,684,31,CWE-120: Potential Buffer Overflow via read (unchecked length).,,679,689,"    if (fd1 < 0)
        return(-1);
    fd2 = open(r2, RD_FLAGS);
    while (1) {
        res1 = read(fd1, bytes1, 4096);
        res2 = fd2 >= 0 ? read(fd2, bytes2, 4096) : 0;
	if ((res1 != res2) || (res1 < 0)) {
	    close(fd1);
            if (fd2 >= 0)
                close(fd2);
	    return(1);"
local/cpp/cwe-120-overflow,local/cpp/cwe-120-overflow,warning,low,CWE-120,/media/shafi/Research/STAILOR/dataset/66502/libxml2_66502_vul/python/libxml.c,3324,5,3324,11,CWE-120: Potential Buffer Overflow via memset (unchecked length).,,3319,3329,"    if (strings == NULL) {
        PyErr_SetString(PyExc_MemoryError, """");
        return -1;
    }

    memset(strings, 0 , sizeof(xmlChar *) * count);

    {
        int idx;
        for (idx=0; idx < count; ++idx) {
            char* s = PyBytes_AsString"
local/cpp/cwe-120-overflow,local/cpp/cwe-120-overflow,warning,low,CWE-120,/media/shafi/Research/STAILOR/dataset/66502/libxml2_66502_vul/runtest.c,622,5,622,12,CWE-120: Potential Buffer Overflow via strncpy (unchecked length).,,617,627,"    if (suffix == NULL)
        suffix = "".tmp"";
    if (out == NULL)
        out = """";

    strncpy(suffixbuff,suffix,499);

    if (snprintf(res, 499, ""%s%s%s"", out, base, suffixbuff) >= 499)
        res[499] = 0;
    return(strdup(res));
}"
local/cpp/cwe-120-overflow,local/cpp/cwe-120-overflow,warning,low,CWE-120,/media/shafi/Research/STAILOR/dataset/66502/libxml2_66502_vul/python/libxml.c,3270,5,3270,11,CWE-120: Potential Buffer Overflow via memset (unchecked length).,,3265,3275,"    if (nodeSet->nodeTab == NULL) {
        xmlFree(nodeSet);
        PyErr_SetString(PyExc_MemoryError, """");
        return -1;
    }
    memset(nodeSet->nodeTab, 0 ,
           nodeSet->nodeMax * sizeof(xmlNodePtr));

    {
        int idx;
        for (idx=0; idx < nodeSet->nodeMax; ++idx) {"
local/cpp/cwe-120-overflow,local/cpp/cwe-120-overflow,warning,low,CWE-120,/media/shafi/Research/STAILOR/dataset/66502/libxml2_66502_vul/runtest.c,347,5,347,11,CWE-120: Potential Buffer Overflow via memcpy (unchecked length).,,342,352,"        if ((c < 0) || (n + len > sizeof(content)-1))
            break;
        cur += len;
	n += len;
    }
    memcpy(content, start, n);
    content[n] = 0;
    /* print out the selected text */
    chanl(data ,""%s\n"", content);
    /* create blank line with problem pointer */
    n = 0;"
local/cpp/cwe-120-overflow,local/cpp/cwe-120-overflow,warning,low,CWE-120,/media/shafi/Research/STAILOR/dataset/66502/libxml2_66502_vul/tree.c,7737,13,7737,20,CWE-120: Potential Buffer Overflow via memmove (unchecked length).,,7732,7742,"	if (start_buf > (unsigned int) len) {
	    /*
	     * We can add it in the space previously shrunk
	     */
	    buf->content -= len;
            memmove(&buf->content[0], str, len);
	    buf->use += len;
	    buf->size += len;
            buf->content[buf->use] = 0;
	    return(0);
	}"
local/cpp/cwe-120-overflow,local/cpp/cwe-120-overflow,warning,low,CWE-120,/media/shafi/Research/STAILOR/dataset/66502/libxml2_66502_vul/tree.c,7753,5,7753,12,CWE-120: Potential Buffer Overflow via memmove (unchecked length).,,7748,7758,"        needSize = buf->use + len + 1;
        if (!xmlBufferResize(buf, needSize))
            return(-1);
    }

    memmove(&buf->content[len], &buf->content[0], buf->use);
    memmove(&buf->content[0], str, len);
    buf->use += len;
    buf->content[buf->use] = 0;
    return 0;
}"
local/cpp/cwe-120-overflow,local/cpp/cwe-120-overflow,warning,low,CWE-120,/media/shafi/Research/STAILOR/dataset/66502/libxml2_66502_vul/tree.c,7754,5,7754,12,CWE-120: Potential Buffer Overflow via memmove (unchecked length).,,7749,7759,"        if (!xmlBufferResize(buf, needSize))
            return(-1);
    }

    memmove(&buf->content[len], &buf->content[0], buf->use);
    memmove(&buf->content[0], str, len);
    buf->use += len;
    buf->content[buf->use] = 0;
    return 0;
}
"
local/cpp/cwe-120-overflow,local/cpp/cwe-120-overflow,warning,low,CWE-120,/media/shafi/Research/STAILOR/dataset/66502/libxml2_66502_vul/tree.c,7692,5,7692,12,CWE-120: Potential Buffer Overflow via memmove (unchecked length).,,7687,7697,"        needSize = buf->use + len + 1;
        if (!xmlBufferResize(buf, needSize))
            return XML_ERR_NO_MEMORY;
    }

    memmove(&buf->content[buf->use], str, len);
    buf->use += len;
    buf->content[buf->use] = 0;
    return 0;
}
"
local/cpp/cwe-120-overflow,local/cpp/cwe-120-overflow,warning,low,CWE-120,/media/shafi/Research/STAILOR/dataset/66502/libxml2_66502_vul/tree.c,7613,6,7613,13,CWE-120: Potential Buffer Overflow via memmove (unchecked length).,,7608,7618,"    if ((buf->alloc == XML_BUFFER_ALLOC_IO) && (buf->contentIO != NULL)) {
        start_buf = buf->content - buf->contentIO;

        if (start_buf > newSize) {
	    /* move data back to start */
	    memmove(buf->contentIO, buf->content, buf->use);
	    buf->content = buf->contentIO;
	    buf->content[buf->use] = 0;
	    buf->size += start_buf;
	} else {
	    rebuf = (xmlChar *) xmlRealloc(buf->contentIO, start_buf + newSize);"
local/cpp/cwe-120-overflow,local/cpp/cwe-120-overflow,warning,low,CWE-120,/media/shafi/Research/STAILOR/dataset/66502/libxml2_66502_vul/tree.c,7639,3,7639,9,CWE-120: Potential Buffer Overflow via memcpy (unchecked length).,,7634,7644,"	     * better to make a new allocation and copy only the used range
	     * and free the old one.
	     */
	    rebuf = (xmlChar *) xmlMallocAtomic(newSize);
	    if (rebuf != NULL) {
		memcpy(rebuf, buf->content, buf->use);
		xmlFree(buf->content);
		rebuf[buf->use] = 0;
	    }
	}
	if (rebuf == NULL)"
local/cpp/cwe-120-overflow,local/cpp/cwe-120-overflow,warning,low,CWE-120,/media/shafi/Research/STAILOR/dataset/66502/libxml2_66502_vul/tree.c,7427,3,7427,10,CWE-120: Potential Buffer Overflow via memmove (unchecked length).,,7422,7432,"	 * on IO buffers
	 */
	if ((buf->alloc == XML_BUFFER_ALLOC_IO) && (buf->contentIO != NULL)) {
	    size_t start_buf = buf->content - buf->contentIO;
	    if (start_buf >= buf->size) {
		memmove(buf->contentIO, &buf->content[0], buf->use);
		buf->content = buf->contentIO;
		buf->content[buf->use] = 0;
		buf->size += start_buf;
	    }
	}"
local/cpp/cwe-120-overflow,local/cpp/cwe-120-overflow,warning,low,CWE-120,/media/shafi/Research/STAILOR/dataset/66502/libxml2_66502_vul/tree.c,7434,2,7434,9,CWE-120: Potential Buffer Overflow via memmove (unchecked length).,,7429,7439,"		buf->content[buf->use] = 0;
		buf->size += start_buf;
	    }
	}
    } else {
	memmove(buf->content, &buf->content[len], buf->use);
	buf->content[buf->use] = 0;
    }
    return(len);
}
"
local/cpp/cwe-120-overflow,local/cpp/cwe-120-overflow,warning,low,CWE-120,/media/shafi/Research/STAILOR/dataset/66502/libxml2_66502_vul/testchar.c,844,9,844,15,CWE-120: Potential Buffer Overflow via memcpy (unchecked length).,,839,849,"     * Create a chunk longer than XML_PARSER_BIG_BUFFER_SIZE (300) ending
     * with an incomplete UTF-8 sequence.
     */
    buf = xmlMalloc(1000 * 2 + 1);
    for (i = 0; i < 2000; i += 2)
        memcpy(buf + i, ""\xCE\xB1"", 2);
    buf[i] = '\xCE';
    xmlParseChunk(ctxt, buf, 2001, 0);
    xmlFree(buf);

    xmlParseChunk(ctxt, ""\xB1</d>"", 4, 0);"
local/cpp/cwe-120-overflow,local/cpp/cwe-120-overflow,warning,low,CWE-120,/media/shafi/Research/STAILOR/dataset/66502/libxml2_66502_vul/error.c,367,5,367,11,CWE-120: Potential Buffer Overflow via memcpy (unchecked length).,,362,372,"        if ((c < 0) || (n + len > sizeof(content)-1))
            break;
        cur += len;
	n += len;
    }
    memcpy(content, start, n);
    content[n] = 0;
    /* print out the selected text */
    channel(data ,""%s\n"", content);
    /* create blank line with problem pointer */
    n = 0;"
local/cpp/cwe-120-overflow,local/cpp/cwe-120-overflow,warning,low,CWE-120,/media/shafi/Research/STAILOR/dataset/66502/libxml2_66502_vul/testchar.c,640,5,640,11,CWE-120: Potential Buffer Overflow via memset (unchecked length).,,635,645,"    xmlParserCtxtPtr ctxt;
    xmlParserInputBufferPtr buf;
    xmlParserInputPtr input;
    int test_ret = 0;

    memset(data, 0, 5);

    /*
     * Set up a parsing context using the above data buffer as
     * the current input source.
     */"
local/cpp/cwe-120-overflow,local/cpp/cwe-120-overflow,warning,low,CWE-120,/media/shafi/Research/STAILOR/dataset/66502/libxml2_66502_vul/xmlcatalog.c,80,10,80,15,CWE-120: Potential Buffer Overflow via fgets (unchecked length).,,75,85,"    int len;

    if (prompt != NULL)
	fprintf(stdout, ""%s"", prompt);
    fflush(stdout);
    if (!fgets(line_read, 500, stdin))
        return(NULL);
    line_read[500] = 0;
    len = strlen(line_read);
    ret = (char *) malloc(len + 1);
    if (ret != NULL) {"
local/cpp/cwe-120-overflow,local/cpp/cwe-120-overflow,warning,low,CWE-120,/media/shafi/Research/STAILOR/dataset/66502/libxml2_66502_vul/xmlcatalog.c,86,2,86,8,CWE-120: Potential Buffer Overflow via memcpy (unchecked length).,,81,91,"        return(NULL);
    line_read[500] = 0;
    len = strlen(line_read);
    ret = (char *) malloc(len + 1);
    if (ret != NULL) {
	memcpy (ret, line_read, len + 1);
    }
    return(ret);
#endif
}
"
local/cpp/cwe-120-overflow,local/cpp/cwe-120-overflow,warning,low,CWE-120,/media/shafi/Research/STAILOR/dataset/66502/libxml2_66502_vul/xmlregexp.c,6032,2,6032,8,CWE-120: Potential Buffer Overflow via memcpy (unchecked length).,,6027,6037,"	lenp = strlen((char *) token);

	str = (xmlChar *) xmlMallocAtomic(lenn + lenp + 2);
	if (str == NULL)
	    goto error;
	memcpy(&str[0], token, lenp);
	str[lenp] = '|';
	memcpy(&str[lenp + 1], token2, lenn);
	str[lenn + lenp + 1] = 0;

	atom->valuep = str;"
local/cpp/cwe-120-overflow,local/cpp/cwe-120-overflow,warning,low,CWE-120,/media/shafi/Research/STAILOR/dataset/66502/libxml2_66502_vul/xmlregexp.c,6034,2,6034,8,CWE-120: Potential Buffer Overflow via memcpy (unchecked length).,,6029,6039,"	str = (xmlChar *) xmlMallocAtomic(lenn + lenp + 2);
	if (str == NULL)
	    goto error;
	memcpy(&str[0], token, lenp);
	str[lenp] = '|';
	memcpy(&str[lenp + 1], token2, lenn);
	str[lenn + lenp + 1] = 0;

	atom->valuep = str;
    }
    atom->data = data;"
local/cpp/cwe-120-overflow,local/cpp/cwe-120-overflow,warning,low,CWE-120,/media/shafi/Research/STAILOR/dataset/66502/libxml2_66502_vul/xmlmemory.c,412,5,412,11,CWE-120: Potential Buffer Overflow via memset (unchecked length).,,407,417,"        Mem_Tag_Err(p);
        goto error;
    }
    if (xmlMemStopAtBlock == p->mh_number) xmlMallocBreakpoint();
    p->mh_tag = ~MEMTAG;
    memset(target, -1, p->mh_size);
    xmlMutexLock(&xmlMemMutex);
    debugMemSize -= p->mh_size;
    debugMemBlocks--;
#ifdef MEM_LIST
    debugmem_list_delete(p);"
local/cpp/cwe-120-overflow,local/cpp/cwe-120-overflow,warning,low,CWE-120,/media/shafi/Research/STAILOR/dataset/66502/libxml2_66502_vul/xmlregexp.c,5859,2,5859,8,CWE-120: Potential Buffer Overflow via memcpy (unchecked length).,,5854,5864,"	lenp = strlen((char *) token);

	str = (xmlChar *) xmlMallocAtomic(lenn + lenp + 2);
	if (str == NULL)
	    goto error;
	memcpy(&str[0], token, lenp);
	str[lenp] = '|';
	memcpy(&str[lenp + 1], token2, lenn);
	str[lenn + lenp + 1] = 0;

	atom->valuep = str;"
local/cpp/cwe-120-overflow,local/cpp/cwe-120-overflow,warning,low,CWE-120,/media/shafi/Research/STAILOR/dataset/66502/libxml2_66502_vul/xmlregexp.c,5861,2,5861,8,CWE-120: Potential Buffer Overflow via memcpy (unchecked length).,,5856,5866,"	str = (xmlChar *) xmlMallocAtomic(lenn + lenp + 2);
	if (str == NULL)
	    goto error;
	memcpy(&str[0], token, lenp);
	str[lenp] = '|';
	memcpy(&str[lenp + 1], token2, lenn);
	str[lenn + lenp + 1] = 0;

	atom->valuep = str;
    }
    atom->data = data;"
local/cpp/cwe-120-overflow,local/cpp/cwe-120-overflow,warning,low,CWE-120,/media/shafi/Research/STAILOR/dataset/66502/libxml2_66502_vul/xmlregexp.c,5789,2,5789,8,CWE-120: Potential Buffer Overflow via memcpy (unchecked length).,,5784,5794,"	str = (xmlChar *) xmlMallocAtomic(lenn + lenp + 2);
	if (str == NULL) {
	    xmlRegFreeAtom(atom);
	    return(NULL);
	}
	memcpy(&str[0], token, lenp);
	str[lenp] = '|';
	memcpy(&str[lenp + 1], token2, lenn);
	str[lenn + lenp + 1] = 0;

	atom->valuep = str;"
local/cpp/cwe-120-overflow,local/cpp/cwe-120-overflow,warning,low,CWE-120,/media/shafi/Research/STAILOR/dataset/66502/libxml2_66502_vul/xmlregexp.c,5791,2,5791,8,CWE-120: Potential Buffer Overflow via memcpy (unchecked length).,,5786,5796,"	    xmlRegFreeAtom(atom);
	    return(NULL);
	}
	memcpy(&str[0], token, lenp);
	str[lenp] = '|';
	memcpy(&str[lenp + 1], token2, lenn);
	str[lenn + lenp + 1] = 0;

	atom->valuep = str;
    }
    snprintf((char *) err_msg, 199, ""not %s"", (const char *) atom->valuep);"
local/cpp/cwe-120-overflow,local/cpp/cwe-120-overflow,warning,low,CWE-120,/media/shafi/Research/STAILOR/dataset/66502/libxml2_66502_vul/xmlregexp.c,5727,2,5727,8,CWE-120: Potential Buffer Overflow via memcpy (unchecked length).,,5722,5732,"	str = (xmlChar *) xmlMallocAtomic(lenn + lenp + 2);
	if (str == NULL) {
	    xmlRegFreeAtom(atom);
	    return(NULL);
	}
	memcpy(&str[0], token, lenp);
	str[lenp] = '|';
	memcpy(&str[lenp + 1], token2, lenn);
	str[lenn + lenp + 1] = 0;

	atom->valuep = str;"
local/cpp/cwe-120-overflow,local/cpp/cwe-120-overflow,warning,low,CWE-120,/media/shafi/Research/STAILOR/dataset/66502/libxml2_66502_vul/xmlregexp.c,5729,2,5729,8,CWE-120: Potential Buffer Overflow via memcpy (unchecked length).,,5724,5734,"	    xmlRegFreeAtom(atom);
	    return(NULL);
	}
	memcpy(&str[0], token, lenp);
	str[lenp] = '|';
	memcpy(&str[lenp + 1], token2, lenn);
	str[lenn + lenp + 1] = 0;

	atom->valuep = str;
    }
"
local/cpp/cwe-120-overflow,local/cpp/cwe-120-overflow,warning,low,CWE-120,/media/shafi/Research/STAILOR/dataset/66502/libxml2_66502_vul/xmlIO.c,2804,5,2804,12,CWE-120: Potential Buffer Overflow via strncpy (unchecked length).,,2799,2809,"#   define IS_XMLPGD_SEP(ch) ((ch=='/')||(ch=='\\'))
#else
#   define IS_XMLPGD_SEP(ch) (ch=='/')
#endif

    strncpy(dir, filename, 1023);
    dir[1023] = 0;
    cur = &dir[strlen(dir)];
    while (cur > dir) {
         if (IS_XMLPGD_SEP(*cur)) break;
	 cur --;"
local/cpp/cwe-120-overflow,local/cpp/cwe-120-overflow,warning,low,CWE-120,/media/shafi/Research/STAILOR/dataset/66502/libxml2_66502_vul/parser.c,4905,13,4905,19,CWE-120: Potential Buffer Overflow via memcpy (unchecked length).,,4900,4910,"                    xmlErrMemory(ctxt);
                    return;
                }
                buf = new_buf;
            }
            memcpy(&buf[len], ctxt->input->cur, nbchar);
            len += nbchar;
            buf[len] = 0;
	}
        if (len > maxLength) {
            xmlFatalErrMsgStr(ctxt, XML_ERR_COMMENT_NOT_FINISHED,"
local/cpp/cwe-120-overflow,local/cpp/cwe-120-overflow,warning,low,CWE-120,/media/shafi/Research/STAILOR/dataset/66502/libxml2_66502_vul/xmlstring.c,1028,5,1028,11,CWE-120: Potential Buffer Overflow via memcpy (unchecked length).,,1023,1033,"    i = xmlUTF8Strsize(utf, len);
    ret = (xmlChar *) xmlMallocAtomic((size_t) i + 1);
    if (ret == NULL) {
        return(NULL);
    }
    memcpy(ret, utf, i);
    ret[i] = 0;
    return(ret);
}

/**"
local/cpp/cwe-120-overflow,local/cpp/cwe-120-overflow,warning,low,CWE-120,/media/shafi/Research/STAILOR/dataset/66502/libxml2_66502_vul/python/libxml.c,344,2,344,8,CWE-120: Potential Buffer Overflow via memcpy (unchecked length).,,339,349,"	printf(""xmlPythonFileRead: result is not a String\n"");
	Py_DECREF(ret);
	return(-1);
    }
    if (lenread > len)
	memcpy(buffer, data, len);
    else
	memcpy(buffer, data, lenread);
    Py_DECREF(ret);
    return(lenread);
}"
local/cpp/cwe-120-overflow,local/cpp/cwe-120-overflow,warning,low,CWE-120,/media/shafi/Research/STAILOR/dataset/66502/libxml2_66502_vul/python/libxml.c,346,2,346,8,CWE-120: Potential Buffer Overflow via memcpy (unchecked length).,,341,351,"	return(-1);
    }
    if (lenread > len)
	memcpy(buffer, data, len);
    else
	memcpy(buffer, data, lenread);
    Py_DECREF(ret);
    return(lenread);
}

#ifdef LIBXML_OUTPUT_ENABLED"
local/cpp/cwe-120-overflow,local/cpp/cwe-120-overflow,warning,low,CWE-120,/media/shafi/Research/STAILOR/dataset/66502/libxml2_66502_vul/python/libxml.c,282,2,282,8,CWE-120: Potential Buffer Overflow via memcpy (unchecked length).,,277,287,"	printf(""xmlPythonFileReadRaw: result is not a String\n"");
	Py_DECREF(ret);
	return(-1);
    }
    if (lenread > len)
	memcpy(buffer, data, len);
    else
	memcpy(buffer, data, lenread);
    Py_DECREF(ret);
    return(lenread);
}"
local/cpp/cwe-120-overflow,local/cpp/cwe-120-overflow,warning,low,CWE-120,/media/shafi/Research/STAILOR/dataset/66502/libxml2_66502_vul/python/libxml.c,284,2,284,8,CWE-120: Potential Buffer Overflow via memcpy (unchecked length).,,279,289,"	return(-1);
    }
    if (lenread > len)
	memcpy(buffer, data, len);
    else
	memcpy(buffer, data, lenread);
    Py_DECREF(ret);
    return(lenread);
}

/**"
local/cpp/cwe-120-overflow,local/cpp/cwe-120-overflow,warning,low,CWE-120,/media/shafi/Research/STAILOR/dataset/66502/libxml2_66502_vul/xmlIO.c,2052,5,2052,11,CWE-120: Potential Buffer Overflow via memcpy (unchecked length).,,2047,2057,"    size_t len;

    zero = memchr(ctxt->str, 0, size);
    len = zero ? zero - ctxt->str : size;

    memcpy(buf, ctxt->str, len);
    ctxt->str += len;

    return(len);
}
"
local/cpp/cwe-120-overflow,local/cpp/cwe-120-overflow,warning,low,CWE-120,/media/shafi/Research/STAILOR/dataset/66502/libxml2_66502_vul/xmlIO.c,1955,9,1955,15,CWE-120: Potential Buffer Overflow via memcpy (unchecked length).,,1950,1960,"        if (size + 1 == 0)
            return(NULL);
        copy = xmlMalloc(size + 1);
        if (copy == NULL)
            return(NULL);
        memcpy(copy, mem, size);
        copy[size] = 0;

        mem = copy;
    }
"
local/cpp/cwe-120-overflow,local/cpp/cwe-120-overflow,warning,low,CWE-120,/media/shafi/Research/STAILOR/dataset/66502/libxml2_66502_vul/xmlstring.c,513,5,513,11,CWE-120: Potential Buffer Overflow via memcpy (unchecked length).,,508,518,"    if ((size < 0) || (size > INT_MAX - len))
        return(NULL);
    ret = (xmlChar *) xmlMalloc((size_t) size + len + 1);
    if (ret == NULL)
        return(NULL);
    memcpy(ret, str1, size);
    memcpy(&ret[size], str2, len);
    ret[size + len] = 0;
    return(ret);
}
"
local/cpp/cwe-120-overflow,local/cpp/cwe-120-overflow,warning,low,CWE-120,/media/shafi/Research/STAILOR/dataset/66502/libxml2_66502_vul/xmlstring.c,514,5,514,11,CWE-120: Potential Buffer Overflow via memcpy (unchecked length).,,509,519,"        return(NULL);
    ret = (xmlChar *) xmlMalloc((size_t) size + len + 1);
    if (ret == NULL)
        return(NULL);
    memcpy(ret, str1, size);
    memcpy(&ret[size], str2, len);
    ret[size + len] = 0;
    return(ret);
}

/**"
local/cpp/cwe-120-overflow,local/cpp/cwe-120-overflow,warning,low,CWE-120,/media/shafi/Research/STAILOR/dataset/66502/libxml2_66502_vul/xmlIO.c,1925,5,1925,11,CWE-120: Potential Buffer Overflow via memcpy (unchecked length).,,1920,1930,"    xmlMemIOCtxt *ctxt = vctxt;

    if ((size_t) size > ctxt->size)
        size = ctxt->size;

    memcpy(buf, ctxt->cur, size);
    ctxt->cur += size;
    ctxt->size -= size;

    return size;
}"
local/cpp/cwe-120-overflow,local/cpp/cwe-120-overflow,warning,low,CWE-120,/media/shafi/Research/STAILOR/dataset/66502/libxml2_66502_vul/xmlstring.c,475,5,475,11,CWE-120: Potential Buffer Overflow via memcpy (unchecked length).,,470,480,"    ret = (xmlChar *) xmlRealloc(cur, (size_t) size + len + 1);
    if (ret == NULL) {
        xmlFree(cur);
        return(NULL);
    }
    memcpy(&ret[size], add, len);
    ret[size + len] = 0;
    return(ret);
}

/**"
local/cpp/cwe-120-overflow,local/cpp/cwe-120-overflow,warning,low,CWE-120,/media/shafi/Research/STAILOR/dataset/66502/libxml2_66502_vul/xmlstring.c,61,5,61,11,CWE-120: Potential Buffer Overflow via memcpy (unchecked length).,,56,66,"    if ((cur == NULL) || (len < 0)) return(NULL);
    ret = (xmlChar *) xmlMallocAtomic((size_t) len + 1);
    if (ret == NULL) {
        return(NULL);
    }
    memcpy(ret, cur, len);
    ret[len] = 0;
    return(ret);
}

/**"
local/cpp/cwe-120-overflow,local/cpp/cwe-120-overflow,warning,low,CWE-120,/media/shafi/Research/STAILOR/dataset/66502/libxml2_66502_vul/xmlsave.c,299,9,299,15,CWE-120: Potential Buffer Overflow via memset (unchecked length).,,294,304,"    if (ctxt == NULL) return;
    if ((ctxt->encoding == NULL) && (ctxt->escape == NULL))
        ctxt->escape = xmlEscapeEntities;
    len = xmlStrlen((xmlChar *)xmlTreeIndentString);
    if ((xmlTreeIndentString == NULL) || (len == 0)) {
        memset(&ctxt->indent[0], 0, MAX_INDENT + 1);
    } else {
	ctxt->indent_size = len;
	ctxt->indent_nr = MAX_INDENT / ctxt->indent_size;
	for (i = 0;i < ctxt->indent_nr;i++)
	    memcpy(&ctxt->indent[i * ctxt->indent_size], xmlTreeIndentString,"
local/cpp/cwe-120-overflow,local/cpp/cwe-120-overflow,warning,low,CWE-120,/media/shafi/Research/STAILOR/dataset/66502/libxml2_66502_vul/xmlsave.c,304,6,304,12,CWE-120: Potential Buffer Overflow via memcpy (unchecked length).,,299,309,"        memset(&ctxt->indent[0], 0, MAX_INDENT + 1);
    } else {
	ctxt->indent_size = len;
	ctxt->indent_nr = MAX_INDENT / ctxt->indent_size;
	for (i = 0;i < ctxt->indent_nr;i++)
	    memcpy(&ctxt->indent[i * ctxt->indent_size], xmlTreeIndentString,
		   ctxt->indent_size);
        ctxt->indent[ctxt->indent_nr * ctxt->indent_size] = 0;
    }

    if (xmlSaveNoEmptyTags) {"
local/cpp/cwe-120-overflow,local/cpp/cwe-120-overflow,warning,low,CWE-120,/media/shafi/Research/STAILOR/dataset/66502/libxml2_66502_vul/xmlregexp.c,4044,5,4044,11,CWE-120: Potential Buffer Overflow via memcpy (unchecked length).,,4039,4049,"	    return(-1);
	}
    } else {
	str = buf;
    }
    memcpy(&str[0], value, lenp);
    str[lenp] = XML_REG_STRING_SEPARATOR;
    memcpy(&str[lenp + 1], value2, lenn);
    str[lenn + lenp + 1] = 0;

    if (exec->comp->compact != NULL)"
local/cpp/cwe-120-overflow,local/cpp/cwe-120-overflow,warning,low,CWE-120,/media/shafi/Research/STAILOR/dataset/66502/libxml2_66502_vul/xmlregexp.c,4046,5,4046,11,CWE-120: Potential Buffer Overflow via memcpy (unchecked length).,,4041,4051,"    } else {
	str = buf;
    }
    memcpy(&str[0], value, lenp);
    str[lenp] = XML_REG_STRING_SEPARATOR;
    memcpy(&str[lenp + 1], value2, lenn);
    str[lenn + lenp + 1] = 0;

    if (exec->comp->compact != NULL)
	ret = xmlRegCompactPushString(exec, exec->comp, str, data);
    else"
local/cpp/cwe-120-overflow,local/cpp/cwe-120-overflow,warning,low,CWE-120,/media/shafi/Research/STAILOR/dataset/66502/libxml2_66502_vul/parser.c,3683,6,3683,12,CWE-120: Potential Buffer Overflow via memcpy (unchecked length).,,3678,3688,"	    buffer = (xmlChar *) xmlMallocAtomic(max);
	    if (buffer == NULL) {
	        xmlErrMemory(ctxt);
		return(NULL);
	    }
	    memcpy(buffer, buf, len);
	    while (xmlIsNameChar(ctxt, c)) {
		if (len + 10 > max) {
		    xmlChar *tmp;

		    max *= 2;"
local/cpp/cwe-120-overflow,local/cpp/cwe-120-overflow,warning,low,CWE-120,/media/shafi/Research/STAILOR/dataset/66502/libxml2_66502_vul/xmlIO.c,589,17,589,21,CWE-120: Potential Buffer Overflow via read (unchecked length).,,584,594,"    int fd = (int) (ptrdiff_t) context;
    int ret = 0;
    int bytes;

    while (len > 0) {
        bytes = read(fd, buffer, len);
        if (bytes < 0) {
            /*
             * If we already got some bytes, return them without
             * raising an error.
             */"
local/cpp/cwe-120-overflow,local/cpp/cwe-120-overflow,warning,low,CWE-120,/media/shafi/Research/STAILOR/dataset/66502/libxml2_66502_vul/parser.c,3600,6,3600,12,CWE-120: Potential Buffer Overflow via memcpy (unchecked length).,,3595,3605,"	    buffer = (xmlChar *) xmlMallocAtomic(max);
	    if (buffer == NULL) {
	        xmlErrMemory(ctxt);
		return(NULL);
	    }
	    memcpy(buffer, buf, len);
	    while (xmlIsNameChar(ctxt, c)) {
		if (len + 10 > max) {
		    xmlChar *tmp;

		    max *= 2;"
local/cpp/cwe-120-overflow,local/cpp/cwe-120-overflow,warning,low,CWE-120,/media/shafi/Research/STAILOR/dataset/66502/libxml2_66502_vul/relaxng.c,1302,9,1302,15,CWE-120: Potential Buffer Overflow via memcpy (unchecked length).,,1297,1307,"                return (ret);
            }
            ret->maxAttrs = state->maxAttrs;
            ret->attrs = tmp;
        }
        memcpy(ret->attrs, state->attrs,
               state->nbAttrs * sizeof(xmlAttrPtr));
    }
    return (ret);
}
"
local/cpp/cwe-120-overflow,local/cpp/cwe-120-overflow,warning,low,CWE-120,/media/shafi/Research/STAILOR/dataset/66502/libxml2_66502_vul/relaxng.c,1228,13,1228,19,CWE-120: Potential Buffer Overflow via memcpy (unchecked length).,,1223,1233,"            ret->attrs = tmp;
            ret->maxAttrs = nbAttrs;
        }
        ret->nbAttrs = nbAttrs;
        if (nbAttrs < MAX_ATTR) {
            memcpy(ret->attrs, attrs, sizeof(xmlAttrPtr) * nbAttrs);
        } else {
            attr = node->properties;
            nbAttrs = 0;
            while (attr != NULL) {
                ret->attrs[nbAttrs++] = attr;"
local/cpp/cwe-120-overflow,local/cpp/cwe-120-overflow,warning,low,CWE-120,/media/shafi/Research/STAILOR/dataset/66502/libxml2_66502_vul/xmlregexp.c,3922,7,3922,13,CWE-120: Potential Buffer Overflow via memcpy (unchecked length).,,3917,3927,"		     * entering a sink state, save the current state as error
		     * state.
		     */
                    xmlRegExecSetErrString(exec, value);
		    exec->errState = exec->state;
		    memcpy(exec->errCounts, exec->counts,
			   exec->comp->nbCounters * sizeof(int));
		}
		exec->state = exec->comp->states[trans->to];
		exec->transno = 0;
		if (trans->atom != NULL) {"
local/cpp/cwe-120-overflow,local/cpp/cwe-120-overflow,warning,low,CWE-120,/media/shafi/Research/STAILOR/dataset/66502/libxml2_66502_vul/xmlregexp.c,3960,21,3960,27,CWE-120: Potential Buffer Overflow via memcpy (unchecked length).,,3955,3965,"	        (exec->state->type != XML_REGEXP_SINK_STATE)) {
	        progress = 0;
                xmlRegExecSetErrString(exec, value);
		exec->errState = exec->state;
                if (exec->comp->nbCounters)
                    memcpy(exec->errCounts, exec->counts,
                           exec->comp->nbCounters * sizeof(int));
	    }

	    /*
	     * Failed to find a way out"
local/cpp/cwe-120-overflow,local/cpp/cwe-120-overflow,warning,low,CWE-120,/media/shafi/Research/STAILOR/dataset/66502/libxml2_66502_vul/xmllint.c,765,10,765,15,CWE-120: Potential Buffer Overflow via fgets (unchecked length).,,760,770,"    int len;

    if (prompt != NULL)
	fprintf(stdout, ""%s"", prompt);
    fflush(stdout);
    if (!fgets(line_read, 500, stdin))
        return(NULL);
    line_read[500] = 0;
    len = strlen(line_read);
    ret = (char *) malloc(len + 1);
    if (ret != NULL) {"
local/cpp/cwe-120-overflow,local/cpp/cwe-120-overflow,warning,low,CWE-120,/media/shafi/Research/STAILOR/dataset/66502/libxml2_66502_vul/xmllint.c,771,2,771,8,CWE-120: Potential Buffer Overflow via memcpy (unchecked length).,,766,776,"        return(NULL);
    line_read[500] = 0;
    len = strlen(line_read);
    ret = (char *) malloc(len + 1);
    if (ret != NULL) {
	memcpy (ret, line_read, len + 1);
    }
    return(ret);
#endif
}
#endif /* LIBXML_XPATH_ENABLED */"
local/cpp/cwe-120-overflow,local/cpp/cwe-120-overflow,warning,low,CWE-120,/media/shafi/Research/STAILOR/dataset/66502/libxml2_66502_vul/xmlregexp.c,3451,9,3451,15,CWE-120: Potential Buffer Overflow via memset (unchecked length).,,3446,3456,"	                                 * 2);
	if (exec->counts == NULL) {
	    xmlFree(exec);
	    return(NULL);
	}
        memset(exec->counts, 0, comp->nbCounters * sizeof(int) * 2);
	exec->errCounts = &exec->counts[comp->nbCounters];
    } else {
	exec->counts = NULL;
	exec->errCounts = NULL;
    }"
local/cpp/cwe-120-overflow,local/cpp/cwe-120-overflow,warning,low,CWE-120,/media/shafi/Research/STAILOR/dataset/66502/libxml2_66502_vul/xmllint.c,498,5,498,11,CWE-120: Potential Buffer Overflow via memset (unchecked length).,,493,503,"    /*
     * xmlEncodeEntitiesReentrant assumes valid UTF-8, but the buffer might
     * end with a truncated UTF-8 sequence. This is a hack to at least avoid
     * an out-of-bounds read.
     */
    memset(&buffer[sizeof(buffer)-4], 0, 4);
    result = (char *) xmlEncodeEntitiesReentrant(NULL, BAD_CAST buffer);
    if (result) {
	fprintf(stderr, ""%s"", result);
	xmlFree(result);
    }"
local/cpp/cwe-120-overflow,local/cpp/cwe-120-overflow,warning,low,CWE-120,/media/shafi/Research/STAILOR/dataset/66502/libxml2_66502_vul/xmlregexp.c,3143,9,3143,15,CWE-120: Potential Buffer Overflow via memset (unchecked length).,,3138,3148,"    if (comp->nbCounters > 0) {
	exec->counts = (int *) xmlMalloc(comp->nbCounters * sizeof(int));
	if (exec->counts == NULL) {
	    return(XML_REGEXP_OUT_OF_MEMORY);
	}
        memset(exec->counts, 0, comp->nbCounters * sizeof(int));
    } else
	exec->counts = NULL;
    while ((exec->status == XML_REGEXP_OK) && (exec->state != NULL) &&
	   ((exec->inputString[exec->index] != 0) ||
	    ((exec->state != NULL) &&"
local/cpp/cwe-120-overflow,local/cpp/cwe-120-overflow,warning,low,CWE-120,/media/shafi/Research/STAILOR/dataset/66502/libxml2_66502_vul/parser.c,3013,2,3013,8,CWE-120: Potential Buffer Overflow via memcpy (unchecked length).,,3008,3018,"	buffer = (xmlChar *) xmlMallocAtomic(max);
	if (buffer == NULL) {
	    xmlErrMemory(ctxt);
	    return(NULL);
	}
	memcpy(buffer, buf, len);
	while ((c != 0) && (c != ':')) { /* tested bigname.xml */
	    if (len + 10 > max) {
	        xmlChar *tmp;

		max *= 2;"
local/cpp/cwe-120-overflow,local/cpp/cwe-120-overflow,warning,low,CWE-120,/media/shafi/Research/STAILOR/dataset/66502/libxml2_66502_vul/parser.c,3101,6,3101,12,CWE-120: Potential Buffer Overflow via memcpy (unchecked length).,,3096,3106,"	    if (buffer == NULL) {
	        xmlErrMemory(ctxt);
                xmlFree(prefix);
		return(NULL);
	    }
	    memcpy(buffer, buf, len);
	    while (c != 0) { /* tested bigname2.xml */
		if (len + 10 > max) {
		    xmlChar *tmp;

		    max *= 2;"
local/cpp/cwe-120-overflow,local/cpp/cwe-120-overflow,warning,low,CWE-120,/media/shafi/Research/STAILOR/dataset/66502/libxml2_66502_vul/xmlregexp.c,3106,6,3106,12,CWE-120: Potential Buffer Overflow via memcpy (unchecked length).,,3101,3111,"	    fprintf(stderr, ""exec save: allocation failed"");
	    exec->status = XML_REGEXP_INTERNAL_ERROR;
	    return;
	}
	if (exec->counts) {
	    memcpy(exec->counts, exec->rollbacks[exec->nbRollbacks].counts,
	       exec->comp->nbCounters * sizeof(int));
	}
    }
}
"
local/cpp/cwe-120-overflow,local/cpp/cwe-120-overflow,warning,low,CWE-120,/media/shafi/Research/STAILOR/dataset/66502/libxml2_66502_vul/xmlregexp.c,3051,2,3051,8,CWE-120: Potential Buffer Overflow via memset (unchecked length).,,3046,3056,"	if (exec->rollbacks == NULL) {
	    exec->maxRollbacks = 0;
            exec->status = XML_REGEXP_OUT_OF_MEMORY;
	    return;
	}
	memset(exec->rollbacks, 0,
	       exec->maxRollbacks * sizeof(xmlRegExecRollback));
    } else if (exec->nbRollbacks >= exec->maxRollbacks) {
	xmlRegExecRollback *tmp;
	int len = exec->maxRollbacks;
"
local/cpp/cwe-120-overflow,local/cpp/cwe-120-overflow,warning,low,CWE-120,/media/shafi/Research/STAILOR/dataset/66502/libxml2_66502_vul/xmlregexp.c,3067,2,3067,8,CWE-120: Potential Buffer Overflow via memset (unchecked length).,,3062,3072,"            exec->status = XML_REGEXP_OUT_OF_MEMORY;
	    return;
	}
	exec->rollbacks = tmp;
	tmp = &exec->rollbacks[len];
	memset(tmp, 0, (exec->maxRollbacks - len) * sizeof(xmlRegExecRollback));
    }
    exec->rollbacks[exec->nbRollbacks].state = exec->state;
    exec->rollbacks[exec->nbRollbacks].index = exec->index;
    exec->rollbacks[exec->nbRollbacks].nextbranch = exec->transno + 1;
    if (exec->comp->nbCounters > 0) {"
local/cpp/cwe-120-overflow,local/cpp/cwe-120-overflow,warning,low,CWE-120,/media/shafi/Research/STAILOR/dataset/66502/libxml2_66502_vul/xmlregexp.c,3081,2,3081,8,CWE-120: Potential Buffer Overflow via memcpy (unchecked length).,,3076,3086,"	    if (exec->rollbacks[exec->nbRollbacks].counts == NULL) {
		exec->status = XML_REGEXP_OUT_OF_MEMORY;
		return;
	    }
	}
	memcpy(exec->rollbacks[exec->nbRollbacks].counts, exec->counts,
	       exec->comp->nbCounters * sizeof(int));
    }
    exec->nbRollbacks++;
}
"
local/cpp/cwe-120-overflow,local/cpp/cwe-120-overflow,warning,low,CWE-120,/media/shafi/Research/STAILOR/dataset/66502/libxml2_66502_vul/timsort.h,383,5,383,11,CWE-120: Potential Buffer Overflow via memcpy (unchecked length).,,378,388,"  TIM_SORT_RESIZE(store, MIN(A, B));
  storage = store->storage;

  /* left merge */
  if (A < B) {
    memcpy(storage, &dst[curr], A * sizeof(SORT_TYPE));
    i = 0;
    j = curr + A;

    for (k = curr; k < curr + A + B; k++) {
      if ((i < A) && (j < curr + A + B)) {"
local/cpp/cwe-120-overflow,local/cpp/cwe-120-overflow,warning,low,CWE-120,/media/shafi/Research/STAILOR/dataset/66502/libxml2_66502_vul/timsort.h,402,5,402,11,CWE-120: Potential Buffer Overflow via memcpy (unchecked length).,,397,407,"        break;
      }
    }
  } else {
    /* right merge */
    memcpy(storage, &dst[curr + A], B * sizeof(SORT_TYPE));
    i = B;
    j = curr + A;
    k = curr + A + B;

    while (k > curr) {"
local/cpp/cwe-120-overflow,local/cpp/cwe-120-overflow,warning,low,CWE-120,/media/shafi/Research/STAILOR/dataset/66502/libxml2_66502_vul/xzlib.c,748,13,748,19,CWE-120: Potential Buffer Overflow via memcpy (unchecked length).,,743,753,"    got = 0;
    do {
        /* first just try copying data from the output buffer */
        if (state->have) {
            n = state->have > len ? len : state->have;
            memcpy(buf, state->next, n);
            state->next += n;
            state->have -= n;
        }

        /* output buffer empty -- return if we're at the end of the input */"
local/cpp/cwe-120-overflow,local/cpp/cwe-120-overflow,warning,low,CWE-120,/media/shafi/Research/STAILOR/dataset/66502/libxml2_66502_vul/xzlib.c,518,9,518,15,CWE-120: Potential Buffer Overflow via memcpy (unchecked length).,,513,523,"     * input to output -- this assumes that the output buffer is larger than
     * the input buffer, which also assures space for gzungetc() */
    state->raw = state->pos;
    state->next = state->out;
    if (strm->avail_in) {
        memcpy(state->next + state->have, strm->next_in, strm->avail_in);
        state->have += strm->avail_in;
        strm->avail_in = 0;
    }
    state->how = COPY;
    state->direct = 1;"
local/cpp/cwe-120-overflow,local/cpp/cwe-120-overflow,warning,low,CWE-120,/media/shafi/Research/STAILOR/dataset/66502/libxml2_66502_vul/xmlschemastypes.c,6047,4,6047,11,CWE-120: Potential Buffer Overflow via memmove (unchecked length).,,6042,6052,"		    if (dec.frac != dec.total) {
			int diff = dec.total - dec.frac;
			/*
			* Insert the decimal point.
			*/
			memmove(offs + diff + 1, offs + diff, dec.frac +1);
			offs[diff] = '.';
		    } else {
			unsigned int i = 0;
			/*
			* Insert missing zeroes behind the decimal point."
local/cpp/cwe-120-overflow,local/cpp/cwe-120-overflow,warning,low,CWE-120,/media/shafi/Research/STAILOR/dataset/66502/libxml2_66502_vul/xmlschemastypes.c,6057,8,6057,15,CWE-120: Potential Buffer Overflow via memmove (unchecked length).,,6052,6062,"			* Insert missing zeroes behind the decimal point.
			*/
			while (*(offs + i) != 0)
			    i++;
			if (i < dec.total) {
			    memmove(offs + (dec.total - i), offs, i +1);
			    memset(offs, '0', dec.total - i);
			}
		    }
		} else {
		    /*"
local/cpp/cwe-120-overflow,local/cpp/cwe-120-overflow,warning,low,CWE-120,/media/shafi/Research/STAILOR/dataset/66502/libxml2_66502_vul/xmlschemastypes.c,6058,8,6058,14,CWE-120: Potential Buffer Overflow via memset (unchecked length).,,6053,6063,"			*/
			while (*(offs + i) != 0)
			    i++;
			if (i < dec.total) {
			    memmove(offs + (dec.total - i), offs, i +1);
			    memset(offs, '0', dec.total - i);
			}
		    }
		} else {
		    /*
		    * Append decimal point and zero."
local/cpp/cwe-120-overflow,local/cpp/cwe-120-overflow,warning,low,CWE-120,/media/shafi/Research/STAILOR/dataset/66502/libxml2_66502_vul/parser.c,1738,13,1738,19,CWE-120: Potential Buffer Overflow via memcpy (unchecked length).,,1733,1743,"	if (attallocs == NULL) {
            xmlFree(atts);
            goto mem_error;
        }
        if (ctxt->maxatts > 0)
            memcpy(atts, ctxt->atts, ctxt->maxatts * sizeof(const xmlChar *));
        xmlFree(ctxt->atts);
	ctxt->atts = atts;
	ctxt->attallocs = attallocs;
	ctxt->maxatts = maxatts;
    }"
local/cpp/cwe-120-overflow,local/cpp/cwe-120-overflow,warning,low,CWE-120,/media/shafi/Research/STAILOR/dataset/66502/libxml2_66502_vul/xzlib.c,230,15,230,19,CWE-120: Potential Buffer Overflow via read (unchecked length).,,225,235,"{
    int ret;

    *have = 0;
    do {
        ret = read(state->fd, buf + *have, len - *have);
        if (ret <= 0)
            break;
        *have += ret;
    } while (*have < len);
    if (ret < 0) {"
local/cpp/cwe-120-overflow,local/cpp/cwe-120-overflow,warning,low,CWE-120,/media/shafi/Research/STAILOR/dataset/66502/libxml2_66502_vul/parser.c,1621,9,1621,15,CWE-120: Potential Buffer Overflow via memset (unchecked length).,,1616,1626,"        newHash = xmlMalloc(newSize * sizeof(newHash[0]));
        if (newHash == NULL) {
            xmlErrMemory(ctxt);
            return(-1);
        }
        memset(newHash, 0, newSize * sizeof(newHash[0]));

        for (i = 0; i < ctxt->nsdb->hashSize; i++) {
            unsigned hv = ctxt->nsdb->hash[i].hashValue;
            unsigned newIndex;
"
local/cpp/cwe-120-overflow,local/cpp/cwe-120-overflow,warning,low,CWE-120,/media/shafi/Research/STAILOR/dataset/66502/libxml2_66502_vul/parser.c,1322,9,1322,15,CWE-120: Potential Buffer Overflow via memset (unchecked length).,,1317,1327,"    nsdb->hashElems = 0;
    nsdb->elementId = 0;
    nsdb->defaultNsIndex = INT_MAX;

    if (nsdb->hash)
        memset(nsdb->hash, 0, nsdb->hashSize * sizeof(nsdb->hash[0]));
}

/**
 * xmlParserStartElement:
 * @nsdb: namespace database"
local/cpp/cwe-120-overflow,local/cpp/cwe-120-overflow,warning,low,CWE-120,/media/shafi/Research/STAILOR/dataset/66502/libxml2_66502_vul/parser.c,869,9,869,16,CWE-120: Potential Buffer Overflow via memmove (unchecked length).,,864,874,"	xmlAttrNormalizeSpace(ret, ret);
	*len = strlen((const char *)ret);
        return(ret);
    } else if (remove_head) {
        *len -= remove_head;
        memmove(src, src + remove_head, 1 + *len);
	return(src);
    }
    return(NULL);
}
"
local/cpp/cwe-120-overflow,local/cpp/cwe-120-overflow,warning,low,CWE-120,/media/shafi/Research/STAILOR/dataset/66502/libxml2_66502_vul/xmlregexp.c,426,9,426,15,CWE-120: Potential Buffer Overflow via memset (unchecked length).,,421,431,"        (dim1 > SIZE_MAX / dim2 / elemSize))
        return (NULL);
    totalSize = dim1 * dim2 * elemSize;
    ret = xmlMalloc(totalSize);
    if (ret != NULL)
        memset(ret, 0, totalSize);
    return (ret);
}

/**
 * xmlRegEpxFromParse:"
local/cpp/cwe-120-overflow,local/cpp/cwe-120-overflow,warning,low,CWE-120,/media/shafi/Research/STAILOR/dataset/66502/libxml2_66502_vul/tree.c,186,5,186,11,CWE-120: Potential Buffer Overflow via memcpy (unchecked length).,,181,191,"	if (ret == NULL)
	    return(NULL);
    } else {
	ret = memory;
    }
    memcpy(&ret[0], prefix, lenp);
    ret[lenp] = ':';
    memcpy(&ret[lenp + 1], ncname, lenn);
    ret[lenn + lenp + 1] = 0;
    return(ret);
}"
local/cpp/cwe-120-overflow,local/cpp/cwe-120-overflow,warning,low,CWE-120,/media/shafi/Research/STAILOR/dataset/66502/libxml2_66502_vul/tree.c,188,5,188,11,CWE-120: Potential Buffer Overflow via memcpy (unchecked length).,,183,193,"    } else {
	ret = memory;
    }
    memcpy(&ret[0], prefix, lenp);
    ret[lenp] = ':';
    memcpy(&ret[lenp + 1], ncname, lenn);
    ret[lenn + lenp + 1] = 0;
    return(ret);
}

/**"
local/cpp/cwe-120-overflow,local/cpp/cwe-120-overflow,warning,low,CWE-120,/media/shafi/Research/STAILOR/dataset/66502/libxml2_66502_vul/xmlschemas.c,24045,2,24045,8,CWE-120: Potential Buffer Overflow via memset (unchecked length).,,24040,24050,"	    xmlMalloc(10 * sizeof(xmlSchemaNodeInfoPtr));
	if (vctxt->elemInfos == NULL) {
	    xmlSchemaVErrMemory(vctxt);
	    return (NULL);
	}
	memset(vctxt->elemInfos, 0, 10 * sizeof(xmlSchemaNodeInfoPtr));
	vctxt->sizeElemInfos = 10;
    } else if (vctxt->sizeElemInfos <= vctxt->depth) {
	int i = vctxt->sizeElemInfos;

	vctxt->sizeElemInfos *= 2;"
local/cpp/cwe-120-overflow,local/cpp/cwe-120-overflow,warning,low,CWE-120,/media/shafi/Research/STAILOR/dataset/66502/libxml2_66502_vul/xmlschemas.c,23660,7,23660,13,CWE-120: Potential Buffer Overflow via memcpy (unchecked length).,,23655,23665,"			xmlSchemaIDCFreeBinding(parBind);
			goto internal_error;
		    }
		    parBind->sizeNodes = bind->nbNodes;
		    parBind->nbNodes = bind->nbNodes;
		    memcpy(parBind->nodeTable, bind->nodeTable,
			bind->nbNodes * sizeof(xmlSchemaPSVIIDCNodePtr));
		}
	    }
	    if (bind->dupls) {
		/*"
local/cpp/cwe-120-overflow,local/cpp/cwe-120-overflow,warning,low,CWE-120,/media/shafi/Research/STAILOR/dataset/66502/libxml2_66502_vul/xmlschemas.c,22722,7,22722,13,CWE-120: Potential Buffer Overflow via memset (unchecked length).,,22717,22727,"			sizeof(xmlSchemaPSVIIDCKeyPtr *));
		    if (matcher->keySeqs == NULL) {
			xmlSchemaVErrMemory(NULL);
			return(-1);
		    }
		    memset(matcher->keySeqs, 0,
			matcher->sizeKeySeqs *
			sizeof(xmlSchemaPSVIIDCKeyPtr *));
		} else if (pos >= matcher->sizeKeySeqs) {
		    int i = matcher->sizeKeySeqs;
"
local/cpp/cwe-120-overflow,local/cpp/cwe-120-overflow,warning,low,CWE-120,/media/shafi/Research/STAILOR/dataset/66502/libxml2_66502_vul/xmlschemas.c,22787,3,22787,9,CWE-120: Potential Buffer Overflow via memset (unchecked length).,,22782,22792,"		    sizeof(xmlSchemaPSVIIDCKeyPtr));
		if (keySeq == NULL) {
		    xmlSchemaVErrMemory(NULL);
		    return(-1);
		}
		memset(keySeq, 0, matcher->aidc->def->nbFields *
		    sizeof(xmlSchemaPSVIIDCKeyPtr));
		matcher->keySeqs[pos] = keySeq;
create_key:
		/*
		* Create a key once per node only."
local/cpp/cwe-120-overflow,local/cpp/cwe-120-overflow,warning,low,CWE-120,/media/shafi/Research/STAILOR/dataset/66502/libxml2_66502_vul/xpath.c,8930,6,8930,12,CWE-120: Potential Buffer Overflow via memcpy (unchecked length).,,8925,8935,"	    buffer = (xmlChar *) xmlMallocAtomic(max);
	    if (buffer == NULL) {
                xmlXPathPErrMemory(ctxt);
                return(NULL);
	    }
	    memcpy(buffer, buf, len);
	    while ((IS_LETTER(c)) || (IS_DIGIT(c)) || /* test bigname.xml */
		   (c == '.') || (c == '-') ||
		   (c == '_') || ((qualified) && (c == ':')) ||
		   (IS_COMBINING(c)) ||
		   (IS_EXTENDER(c))) {"
local/cpp/cwe-120-overflow,local/cpp/cwe-120-overflow,warning,low,CWE-120,/media/shafi/Research/STAILOR/dataset/66502/libxml2_66502_vul/xpath.c,5881,5,5881,11,CWE-120: Potential Buffer Overflow via memset (unchecked length).,,5876,5886,"    if (hashs1 == NULL) {
        xmlXPathPErrMemory(ctxt);
	xmlFree(values1);
	return(0);
    }
    memset(values1, 0, ns1->nodeNr * sizeof(xmlChar *));
    values2 = (xmlChar **) xmlMalloc(ns2->nodeNr * sizeof(xmlChar *));
    if (values2 == NULL) {
        xmlXPathPErrMemory(ctxt);
	xmlFree(hashs1);
	xmlFree(values1);"
local/cpp/cwe-120-overflow,local/cpp/cwe-120-overflow,warning,low,CWE-120,/media/shafi/Research/STAILOR/dataset/66502/libxml2_66502_vul/xpath.c,5897,5,5897,11,CWE-120: Potential Buffer Overflow via memset (unchecked length).,,5892,5902,"	xmlFree(hashs1);
	xmlFree(values1);
	xmlFree(values2);
	return(0);
    }
    memset(values2, 0, ns2->nodeNr * sizeof(xmlChar *));
    for (i = 0;i < ns1->nodeNr;i++) {
	hashs1[i] = xmlXPathNodeValHash(ns1->nodeTab[i]);
	for (j = 0;j < ns2->nodeNr;j++) {
	    if (i == 0)
		hashs2[j] = xmlXPathNodeValHash(ns2->nodeTab[j]);"
local/cpp/cwe-120-overflow,local/cpp/cwe-120-overflow,warning,low,CWE-120,/media/shafi/Research/STAILOR/dataset/66502/libxml2_66502_vul/xpath.c,3211,3,3211,9,CWE-120: Potential Buffer Overflow via memset (unchecked length).,,3206,3216,"	    if (set1->nodeMax == 0) {
		set1->nodeTab = (xmlNodePtr *) xmlMalloc(
		    XML_NODESET_DEFAULT * sizeof(xmlNodePtr));
		if (set1->nodeTab == NULL)
		    goto error;
		memset(set1->nodeTab, 0,
		    XML_NODESET_DEFAULT * sizeof(xmlNodePtr));
		set1->nodeMax = XML_NODESET_DEFAULT;
	    } else if (set1->nodeNr >= set1->nodeMax) {
		xmlNodePtr *temp;
"
local/cpp/cwe-120-overflow,local/cpp/cwe-120-overflow,warning,low,CWE-120,/media/shafi/Research/STAILOR/dataset/66502/libxml2_66502_vul/xpath.c,3156,3,3156,9,CWE-120: Potential Buffer Overflow via memset (unchecked length).,,3151,3161,"	    if (set1->nodeMax == 0) {
		set1->nodeTab = (xmlNodePtr *) xmlMalloc(
		    XML_NODESET_DEFAULT * sizeof(xmlNodePtr));
		if (set1->nodeTab == NULL)
		    goto error;
		memset(set1->nodeTab, 0,
		    XML_NODESET_DEFAULT * sizeof(xmlNodePtr));
		set1->nodeMax = XML_NODESET_DEFAULT;
	    } else if (set1->nodeNr >= set1->nodeMax) {
		xmlNodePtr *temp;
"
local/cpp/cwe-120-overflow,local/cpp/cwe-120-overflow,warning,low,CWE-120,/media/shafi/Research/STAILOR/dataset/66502/libxml2_66502_vul/xpath.c,3070,6,3070,12,CWE-120: Potential Buffer Overflow via memset (unchecked length).,,3065,3075,"	if (val1->nodeMax == 0) {
	    val1->nodeTab = (xmlNodePtr *) xmlMalloc(XML_NODESET_DEFAULT *
						    sizeof(xmlNodePtr));
	    if (val1->nodeTab == NULL)
		goto error;
	    memset(val1->nodeTab, 0 ,
		   XML_NODESET_DEFAULT * sizeof(xmlNodePtr));
	    val1->nodeMax = XML_NODESET_DEFAULT;
	} else if (val1->nodeNr == val1->nodeMax) {
	    xmlNodePtr *temp;
"
local/cpp/cwe-120-overflow,local/cpp/cwe-120-overflow,warning,low,CWE-120,/media/shafi/Research/STAILOR/dataset/66502/libxml2_66502_vul/xpath.c,2982,2,2982,8,CWE-120: Potential Buffer Overflow via memset (unchecked length).,,2977,2987,"    if (cur->nodeMax == 0) {
        cur->nodeTab = (xmlNodePtr *) xmlMalloc(XML_NODESET_DEFAULT *
					     sizeof(xmlNodePtr));
	if (cur->nodeTab == NULL)
	    return(-1);
	memset(cur->nodeTab, 0 ,
	       XML_NODESET_DEFAULT * sizeof(xmlNodePtr));
        cur->nodeMax = XML_NODESET_DEFAULT;
    } else if (cur->nodeNr == cur->nodeMax) {
        xmlNodePtr *temp;
"
local/cpp/cwe-120-overflow,local/cpp/cwe-120-overflow,warning,low,CWE-120,/media/shafi/Research/STAILOR/dataset/66502/libxml2_66502_vul/xpath.c,2932,2,2932,8,CWE-120: Potential Buffer Overflow via memset (unchecked length).,,2927,2937,"    if (cur->nodeMax == 0) {
        cur->nodeTab = (xmlNodePtr *) xmlMalloc(XML_NODESET_DEFAULT *
					     sizeof(xmlNodePtr));
	if (cur->nodeTab == NULL)
	    return(-1);
	memset(cur->nodeTab, 0 ,
	       XML_NODESET_DEFAULT * sizeof(xmlNodePtr));
        cur->nodeMax = XML_NODESET_DEFAULT;
    } else if (cur->nodeNr == cur->nodeMax) {
        xmlNodePtr *temp;
"
local/cpp/cwe-120-overflow,local/cpp/cwe-120-overflow,warning,low,CWE-120,/media/shafi/Research/STAILOR/dataset/66502/libxml2_66502_vul/xpath.c,2880,2,2880,8,CWE-120: Potential Buffer Overflow via memset (unchecked length).,,2875,2885,"    if (cur->nodeMax == 0) {
        cur->nodeTab = (xmlNodePtr *) xmlMalloc(XML_NODESET_DEFAULT *
					     sizeof(xmlNodePtr));
	if (cur->nodeTab == NULL)
	    return(-1);
	memset(cur->nodeTab, 0 ,
	       XML_NODESET_DEFAULT * sizeof(xmlNodePtr));
        cur->nodeMax = XML_NODESET_DEFAULT;
    } else if (cur->nodeNr == cur->nodeMax) {
        xmlNodePtr *temp;
"
local/cpp/cwe-120-overflow,local/cpp/cwe-120-overflow,warning,low,CWE-120,/media/shafi/Research/STAILOR/dataset/66502/libxml2_66502_vul/xpath.c,2785,2,2785,8,CWE-120: Potential Buffer Overflow via memset (unchecked length).,,2780,2790,"					     sizeof(xmlNodePtr));
	if (ret->nodeTab == NULL) {
	    xmlFree(ret);
	    return(NULL);
	}
	memset(ret->nodeTab, 0 ,
	       XML_NODESET_DEFAULT * sizeof(xmlNodePtr));
        ret->nodeMax = XML_NODESET_DEFAULT;
	if (val->type == XML_NAMESPACE_DECL) {
	    xmlNsPtr ns = (xmlNsPtr) val;
            xmlNodePtr nsNode = xmlXPathNodeSetDupNs((xmlNodePtr) ns->next, ns);"
local/cpp/cwe-120-overflow,local/cpp/cwe-120-overflow,warning,low,CWE-120,/media/shafi/Research/STAILOR/dataset/66502/libxml2_66502_vul/xpath.c,2434,6,2434,13,CWE-120: Potential Buffer Overflow via memmove (unchecked length).,,2429,2439,"	    size = strlen(work) + 1;
	    if (size > buffersize) {
		work[buffersize - 1] = 0;
		size = buffersize;
	    }
	    memmove(buffer, work, size);
	}
	break;
    }
}
"
local/cpp/cwe-120-overflow,local/cpp/cwe-120-overflow,warning,low,CWE-120,/media/shafi/Research/STAILOR/dataset/66502/libxml2_66502_vul/xpath.c,906,5,906,11,CWE-120: Potential Buffer Overflow via memset (unchecked length).,,901,911,"	                                   sizeof(xmlXPathStepOp));
    if (cur->steps == NULL) {
	xmlFree(cur);
	return(NULL);
    }
    memset(cur->steps, 0, cur->maxStep * sizeof(xmlXPathStepOp));
    cur->last = -1;
    return(cur);
}

/**"
local/cpp/cwe-120-overflow,local/cpp/cwe-120-overflow,warning,low,CWE-120,/media/shafi/Research/STAILOR/dataset/66502/libxml2_66502_vul/xmlschemas.c,3650,5,3650,11,CWE-120: Potential Buffer Overflow via memset (unchecked length).,,3645,3655,"    ret = (xmlSchemaBucketPtr) xmlMalloc(size);
    if (ret == NULL) {
	xmlSchemaPErrMemory(NULL);
	return(NULL);
    }
    memset(ret, 0, size);
    ret->targetNamespace = targetNamespace;
    ret->type = type;
    ret->globals = xmlSchemaItemListCreate();
    if (ret->globals == NULL) {
	xmlSchemaBucketFree(ret);"
local/cpp/cwe-120-overflow,local/cpp/cwe-120-overflow,warning,low,CWE-120,/media/shafi/Research/STAILOR/dataset/66502/libxml2_66502_vul/testapi.c,137,5,137,12,CWE-120: Potential Buffer Overflow via strncpy (unchecked length).,,132,142,"    printf(""Skipping on Windows for now\n"");
    return(0);
#endif

    memset(chartab, 0, sizeof(chartab));
    strncpy((char *) chartab, ""  chartab\n"", 20);
    memset(inttab, 0, sizeof(inttab));
    memset(longtab, 0, sizeof(longtab));

    xmlInitParser();
#ifdef LIBXML_CATALOG_ENABLED"
local/cpp/cwe-125-oob-read,local/cpp/cwe-125-oob-read,warning,,CWE-125,/media/shafi/Research/STAILOR/dataset/66502/libxml2_66502_vul/dict.c,584,26,584,33,CWE-125: Potential OOB Read via strncmp (unchecked length).,,579,589,"            if (entry->hashValue == hashValue) {
                if (prefix == NULL) {
                    /*
                     * name is not necessarily null-terminated.
                     */
                    if ((strncmp((const char *) entry->name,
                                 (const char *) name, len) == 0) &&
                        (entry->name[len] == 0)) {
                        found = 1;
                        break;
                    }"
local/cpp/cwe-125-oob-read,local/cpp/cwe-125-oob-read,warning,,CWE-125,/media/shafi/Research/STAILOR/dataset/66502/libxml2_66502_vul/parser.c,11341,11,11341,18,CWE-125: Potential OOB Read via strncmp (unchecked length).,,11336,11346,"			 * Special case to provide identical behaviour
			 * between pull and push parsers on enpty CDATA
			 * sections
			 */
			 if ((ctxt->input->cur - ctxt->input->base >= 9) &&
			     (!strncmp((const char *)&ctxt->input->cur[-9],
			               ""<![CDATA["", 9)))
			     ctxt->sax->cdataBlock(ctxt->userData,
			                           BAD_CAST """", 0);
		    } else if ((ctxt->sax != NULL) && (base > 0) &&
			(!ctxt->disableSAX)) {"
local/cpp/cwe-125-oob-read,local/cpp/cwe-125-oob-read,warning,,CWE-125,/media/shafi/Research/STAILOR/dataset/66502/libxml2_66502_vul/parser.c,10687,9,10687,15,CWE-125: Potential OOB Read via memchr (unchecked length).,,10682,10692,"        cur = ctxt->input->cur + 1;
    } else {
        cur = ctxt->input->cur + ctxt->checkIndex;
    }

    if (memchr(cur, c, ctxt->input->end - cur) == NULL) {
        size_t index = ctxt->input->end - ctxt->input->cur;

        if (index > LONG_MAX) {
            ctxt->checkIndex = 0;
            return(1);"
local/cpp/cwe-125-oob-read,local/cpp/cwe-125-oob-read,warning,,CWE-125,/media/shafi/Research/STAILOR/dataset/66502/libxml2_66502_vul/testlimits.c,1062,17,1062,24,CWE-125: Potential OOB Read via strncmp (unchecked length).,,1057,1067,"    }
    if (ret != 0) {
        if (fail)
            res = 0;
        else {
            if (strncmp(filename, ""crazy:"", 6) == 0)
                fprintf(stderr, ""Failed to parse '%s' %u\n"",
                        filename, crazy_indx);
            else
                fprintf(stderr, ""Failed to parse '%s' %lu\n"",
                        filename, (unsigned long) limit);"
local/cpp/cwe-125-oob-read,local/cpp/cwe-125-oob-read,warning,,CWE-125,/media/shafi/Research/STAILOR/dataset/66502/libxml2_66502_vul/testlimits.c,1072,17,1072,24,CWE-125: Potential OOB Read via strncmp (unchecked length).,,1067,1077,"                        filename, (unsigned long) limit);
            res = 1;
        }
    } else {
        if (fail) {
            if (strncmp(filename, ""crazy:"", 6) == 0)
                fprintf(stderr, ""Failed to get failure for '%s' %u\n"",
                        filename, crazy_indx);
            else
                fprintf(stderr, ""Failed to get failure for '%s' %lu\n"",
                        filename, (unsigned long) limit);"
local/cpp/cwe-125-oob-read,local/cpp/cwe-125-oob-read,warning,,CWE-125,/media/shafi/Research/STAILOR/dataset/66502/libxml2_66502_vul/testlimits.c,278,27,278,34,CWE-125: Potential OOB Read via strncmp (unchecked length).,,273,283," *
 * Returns an Input context or NULL in case or error
 */
static void *
crazyOpen(const char * URI) {
    if ((URI == NULL) || (strncmp(URI, ""crazy:"", 6)))
        return(NULL);

    if (crazy_indx > strlen(crazy))
        return(NULL);
    reset_timout();"
local/cpp/cwe-125-oob-read,local/cpp/cwe-125-oob-read,warning,,CWE-125,/media/shafi/Research/STAILOR/dataset/66502/libxml2_66502_vul/testlimits.c,262,28,262,35,CWE-125: Potential OOB Read via strncmp (unchecked length).,,257,267," *
 * Returns 1 if yes and 0 if another Input module should be used
 */
static int
crazyMatch(const char * URI) {
    if ((URI != NULL) && (!strncmp(URI, ""crazy:"", 6)))
        return(1);
    return(0);
}

/**"
local/cpp/cwe-125-oob-read,local/cpp/cwe-125-oob-read,warning,,CWE-125,/media/shafi/Research/STAILOR/dataset/66502/libxml2_66502_vul/testlimits.c,115,27,115,34,CWE-125: Potential OOB Read via strncmp (unchecked length).,,110,120," *
 * Returns an Input context or NULL in case or error
 */
static void *
hugeOpen(const char * URI) {
    if ((URI == NULL) || (strncmp(URI, ""huge:"", 5)))
        return(NULL);

    for (currentTest = 0;currentTest < sizeof(hugeTests)/sizeof(hugeTests[0]);
         currentTest++)
         if (!strcmp(hugeTests[currentTest].name, URI))"
local/cpp/cwe-125-oob-read,local/cpp/cwe-125-oob-read,warning,,CWE-125,/media/shafi/Research/STAILOR/dataset/66502/libxml2_66502_vul/testlimits.c,99,28,99,35,CWE-125: Potential OOB Read via strncmp (unchecked length).,,94,104," *
 * Returns 1 if yes and 0 if another Input module should be used
 */
static int
hugeMatch(const char * URI) {
    if ((URI != NULL) && (!strncmp(URI, ""huge:"", 5)))
        return(1);
    return(0);
}

/**"
local/cpp/cwe-125-oob-read,local/cpp/cwe-125-oob-read,warning,,CWE-125,/media/shafi/Research/STAILOR/dataset/66502/libxml2_66502_vul/nanohttp.c,1657,6,1657,11,CWE-125: Potential OOB Read via write (unchecked length).,,1652,1662,"	}
    }

    xmlNanoHTTPFetchContent( ctxt, &buf, &len );
    if ( len > 0 ) {
	if (write(fd, buf, len) == -1) {
	    ret = -1;
	}
    }

    xmlNanoHTTPClose(ctxt);"
local/cpp/cwe-125-oob-read,local/cpp/cwe-125-oob-read,warning,,CWE-125,/media/shafi/Research/STAILOR/dataset/66502/libxml2_66502_vul/nanohttp.c,1615,6,1615,11,CWE-125: Potential OOB Read via write (unchecked length).,,1610,1620,"	}
    }

    xmlNanoHTTPFetchContent( ctxt, &buf, &len );
    if ( len > 0 ) {
	if (write(fd, buf, len) == -1) {
	    ret = -1;
	}
    }

    xmlNanoHTTPClose(ctxt);"
local/cpp/cwe-125-oob-read,local/cpp/cwe-125-oob-read,warning,,CWE-125,/media/shafi/Research/STAILOR/dataset/66502/libxml2_66502_vul/nanohttp.c,671,10,671,17,CWE-125: Potential OOB Read via strncmp (unchecked length).,,666,676,"xmlNanoHTTPScanAnswer(xmlNanoHTTPCtxtPtr ctxt, const char *line) {
    const char *cur = line;

    if (line == NULL) return;

    if (!strncmp(line, ""HTTP/"", 5)) {
        int version = 0;
	int ret = 0;

	cur += 5;
	while ((*cur >= '0') && (*cur <= '9')) {"
local/cpp/cwe-125-oob-read,local/cpp/cwe-125-oob-read,warning,,CWE-125,/media/shafi/Research/STAILOR/dataset/66502/libxml2_66502_vul/nanohttp.c,431,25,431,29,CWE-125: Potential OOB Read via send (unchecked length).,,426,436,"    fd_set wfd;
#endif

    if ((ctxt->state & XML_NANO_HTTP_WRITE) && (xmt_ptr != NULL)) {
        while (total_sent < outlen) {
            int nsent = send(ctxt->fd, SEND_ARG2_CAST (xmt_ptr + total_sent),
                             outlen - total_sent, 0);

            if (nsent > 0)
                total_sent += nsent;
            else if ((nsent == -1) &&"
local/cpp/cwe-125-oob-read,local/cpp/cwe-125-oob-read,warning,,CWE-125,/media/shafi/Research/STAILOR/dataset/66502/libxml2_66502_vul/runtest.c,723,15,723,20,CWE-125: Potential OOB Read via write (unchecked length).,,718,728,"        fd = open(filename, WR_FLAGS, 0644);
        if (fd < 0) {
	    fprintf(stderr, ""failed to open %s for writing"", filename);
            return(-1);
	}
        res = write(fd, mem, size);
        close(fd);
        return(res != size);
    }

    if (stat(filename, &info) < 0) {"
local/cpp/cwe-125-oob-read,local/cpp/cwe-125-oob-read,warning,,CWE-125,/media/shafi/Research/STAILOR/dataset/66502/libxml2_66502_vul/runtest.c,750,6,750,12,CWE-125: Potential OOB Read via memcmp (unchecked length).,,745,755,"        res = read(fd, bytes, 4096);
	if (res <= 0)
	    break;
	if (res + idx > size)
	    break;
	if (memcmp(bytes, &mem[idx], res) != 0) {
	    int ix;
	    for (ix=0; ix<res; ix++)
		if (bytes[ix] != mem[idx+ix])
			break;
	    fprintf(stderr,""Compare error at position %d\n"", idx+ix);"
local/cpp/cwe-125-oob-read,local/cpp/cwe-125-oob-read,warning,,CWE-125,/media/shafi/Research/STAILOR/dataset/66502/libxml2_66502_vul/runtest.c,667,20,667,25,CWE-125: Potential OOB Read via write (unchecked length).,,662,672,"        do {
            res1 = read(fd1, bytes1, 4096);
            if (res1 <= 0)
                break;
            total += res1;
            res2 = write(fd2, bytes1, res1);
            if (res2 <= 0 || res2 != res1)
                break;
        } while (1);
        close(fd2);
        close(fd1);"
local/cpp/cwe-125-oob-read,local/cpp/cwe-125-oob-read,warning,,CWE-125,/media/shafi/Research/STAILOR/dataset/66502/libxml2_66502_vul/runtest.c,693,6,693,12,CWE-125: Potential OOB Read via memcmp (unchecked length).,,688,698,"                close(fd2);
	    return(1);
	}
	if (res1 == 0)
	    break;
	if (memcmp(bytes1, bytes2, res1) != 0) {
	    close(fd1);
            if (fd2 >= 0)
                close(fd2);
	    return(1);
	}"
local/cpp/cwe-125-oob-read,local/cpp/cwe-125-oob-read,warning,,CWE-125,/media/shafi/Research/STAILOR/dataset/66502/libxml2_66502_vul/testchar.c,853,9,853,16,CWE-125: Potential OOB Read via strncmp (unchecked length).,,848,858,"
    xmlParseChunk(ctxt, ""\xB1</d>"", 4, 0);
    xmlParseChunk(ctxt, NULL, 0, 0);

    xmlDocDumpMemory(ctxt->myDoc, &out, &outSize);
    if (strncmp((char *) out, ""<?xml version=\""1.0\""?>\n<d>"", 25) != 0) {
        fprintf(stderr, ""failed UTF-8 chunk test 2-1\n"");
        ret += 1;
        goto error;
    }
    for (i = 25; i < 25 + 1001 * 7; i += 7) {"
local/cpp/cwe-125-oob-read,local/cpp/cwe-125-oob-read,warning,,CWE-125,/media/shafi/Research/STAILOR/dataset/66502/libxml2_66502_vul/testchar.c,859,13,859,19,CWE-125: Potential OOB Read via memcmp (unchecked length).,,854,864,"        fprintf(stderr, ""failed UTF-8 chunk test 2-1\n"");
        ret += 1;
        goto error;
    }
    for (i = 25; i < 25 + 1001 * 7; i += 7) {
        if (memcmp(out + i, ""&#x3B1;"", 7) != 0) {
            fprintf(stderr, ""failed UTF-8 chunk test 2-2 %d\n"", i);
            ret += 1;
            goto error;
        }
    }"
local/cpp/cwe-125-oob-read,local/cpp/cwe-125-oob-read,warning,,CWE-125,/media/shafi/Research/STAILOR/dataset/66502/libxml2_66502_vul/xmlIO.c,2049,12,2049,18,CWE-125: Potential OOB Read via memchr (unchecked length).,,2044,2054,"xmlStringRead(void *vctxt, char *buf, int size) {
    xmlStringIOCtxt *ctxt = vctxt;
    const char *zero;
    size_t len;

    zero = memchr(ctxt->str, 0, size);
    len = zero ? zero - ctxt->str : size;

    memcpy(buf, ctxt->str, len);
    ctxt->str += len;
"
local/cpp/cwe-125-oob-read,local/cpp/cwe-125-oob-read,warning,,CWE-125,/media/shafi/Research/STAILOR/dataset/66502/libxml2_66502_vul/xmllint.c,2577,11,2577,16,CWE-125: Potential OOB Read via write (unchecked length).,,2572,2582,"	        xmlChar *result = NULL;
		int size;

		size = xmlC14NDocDumpMemory(doc, NULL, XML_C14N_1_0, NULL, 1, &result);
		if (size >= 0) {
		    if (write(1, result, size) == -1) {
		        fprintf(stderr, ""Can't write data\n"");
		    }
		    xmlFree(result);
		} else {
		    fprintf(stderr, ""Failed to canonicalize\n"");"
local/cpp/cwe-125-oob-read,local/cpp/cwe-125-oob-read,warning,,CWE-125,/media/shafi/Research/STAILOR/dataset/66502/libxml2_66502_vul/xmllint.c,2591,11,2591,16,CWE-125: Potential OOB Read via write (unchecked length).,,2586,2596,"	        xmlChar *result = NULL;
		int size;

		size = xmlC14NDocDumpMemory(doc, NULL, XML_C14N_1_1, NULL, 1, &result);
		if (size >= 0) {
		    if (write(1, result, size) == -1) {
		        fprintf(stderr, ""Can't write data\n"");
		    }
		    xmlFree(result);
		} else {
		    fprintf(stderr, ""Failed to canonicalize\n"");"
local/cpp/cwe-125-oob-read,local/cpp/cwe-125-oob-read,warning,,CWE-125,/media/shafi/Research/STAILOR/dataset/66502/libxml2_66502_vul/xmllint.c,2606,11,2606,16,CWE-125: Potential OOB Read via write (unchecked length).,,2601,2611,"	        xmlChar *result = NULL;
		int size;

		size = xmlC14NDocDumpMemory(doc, NULL, XML_C14N_EXCLUSIVE_1_0, NULL, 1, &result);
		if (size >= 0) {
		    if (write(1, result, size) == -1) {
		        fprintf(stderr, ""Can't write data\n"");
		    }
		    xmlFree(result);
		} else {
		    fprintf(stderr, ""Failed to canonicalize\n"");"
local/cpp/cwe-125-oob-read,local/cpp/cwe-125-oob-read,warning,,CWE-125,/media/shafi/Research/STAILOR/dataset/66502/libxml2_66502_vul/xmllint.c,2637,11,2637,16,CWE-125: Potential OOB Read via write (unchecked length).,,2632,2642,"		}
		if (result == NULL) {
		    fprintf(stderr, ""Failed to save\n"");
		    progresult = XMLLINT_ERR_OUT;
		} else {
		    if (write(1, result, len) == -1) {
		        fprintf(stderr, ""Can't write data\n"");
		    }
		    xmlFree(result);
		}
"
local/cpp/cwe-125-oob-read,local/cpp/cwe-125-oob-read,warning,,CWE-125,/media/shafi/Research/STAILOR/dataset/66502/libxml2_66502_vul/xmlIO.c,627,10,627,15,CWE-125: Potential OOB Read via write (unchecked length).,,622,632,"    int fd = (int) (ptrdiff_t) context;
    int ret = 0;
    int bytes;

    while (len > 0) {
	bytes = write(fd, buffer, len);
	if (bytes < 0)
            return(-xmlIOErr(0, ""write()""));
        ret += bytes;
        buffer += bytes;
        len -= bytes;"
local/cpp/cwe-125-oob-read,local/cpp/cwe-125-oob-read,warning,,CWE-125,/media/shafi/Research/STAILOR/dataset/66502/libxml2_66502_vul/xzlib.c,284,35,284,41,CWE-125: Potential OOB Read via memcmp (unchecked length).,,279,289,"static int
is_format_xz(xz_statep state)
{
    lzma_stream *strm = &(state->strm);

    return strm->avail_in >= 6 && memcmp(state->in, ""\3757zXZ"", 6) == 0;
}

static int
is_format_lzma(xz_statep state)
{"
local/cpp/cwe-787-oob-write,local/cpp/cwe-787-oob-write,warning,,CWE-787,/media/shafi/Research/STAILOR/dataset/66502/libxml2_66502_vul/SAX2.c,2432,6,2432,12,CWE-787: Potential OOB Write via unchecked pointer offset.,,2427,2437,"		    return;
		}
		ctxt->nodemem = size;
		lastChild->content = newbuf;
	    }
	    memcpy(&lastChild->content[ctxt->nodelen], ch, len);
	    ctxt->nodelen += len;
	    lastChild->content[ctxt->nodelen] = 0;
	} else if (coalesceText) {
	    if (xmlTextConcat(lastChild, ch, len)) {
		xmlSAX2ErrMemory(ctxt);"
local/cpp/cwe-787-oob-write,local/cpp/cwe-787-oob-write,warning,,CWE-787,/media/shafi/Research/STAILOR/dataset/66502/libxml2_66502_vul/buf.c,790,5,790,12,CWE-787: Potential OOB Write via unchecked pointer offset.,,785,795,"	    xmlBufMemoryError(buf);
            return XML_ERR_NO_MEMORY;
        }
    }

    memmove(&buf->content[buf->use], str, len);
    buf->use += len;
    buf->content[buf->use] = 0;
    UPDATE_COMPAT(buf)
    return 0;
}"
local/cpp/cwe-787-oob-write,local/cpp/cwe-787-oob-write,warning,,CWE-787,/media/shafi/Research/STAILOR/dataset/66502/libxml2_66502_vul/encoding.c,1077,6,1077,13,CWE-787: Potential OOB Write via unchecked pointer offset.,,1072,1082,"    for (i = 0;i < xmlCharEncodingAliasesNb;i++) {
	if (!strcmp(xmlCharEncodingAliases[i].alias, alias)) {
	    xmlFree((char *) xmlCharEncodingAliases[i].name);
	    xmlFree((char *) xmlCharEncodingAliases[i].alias);
	    xmlCharEncodingAliasesNb--;
	    memmove(&xmlCharEncodingAliases[i], &xmlCharEncodingAliases[i + 1],
		    sizeof(xmlCharEncodingAlias) * (xmlCharEncodingAliasesNb - i));
	    return(0);
	}
    }
    return(-1);"
local/cpp/cwe-787-oob-write,local/cpp/cwe-787-oob-write,warning,,CWE-787,/media/shafi/Research/STAILOR/dataset/66502/libxml2_66502_vul/runtest.c,4021,5,4021,11,CWE-787: Potential OOB Write via unchecked pointer offset.,,4016,4026,"    len -= 4;
    memcpy(xml, filename, len);
    xml[len] = 0;
    if (snprintf(result, 499, ""result/pattern/%s"", baseFilename(xml)) >= 499)
        result[499] = 0;
    memcpy(xml + len, "".xml"", 5);

    if (!checkTestFile(xml) && !update_results) {
	fprintf(stderr, ""Missing xml file %s\n"", xml);
	return(-1);
    }"
local/cpp/cwe-787-oob-write,local/cpp/cwe-787-oob-write,warning,,CWE-787,/media/shafi/Research/STAILOR/dataset/66502/libxml2_66502_vul/uri.c,1962,9,1962,15,CWE-787: Potential OOB Write via unchecked pointer offset.,,1957,1967,"        result = xmlMalloc(i + refLen + 1);
        if (result == NULL)
            goto err_memory;

        memcpy(result, base, i);
        memcpy(result + i, ref, refLen + 1);
    }

    /*
     * Normalize
     */"
local/cpp/cwe-787-oob-write,local/cpp/cwe-787-oob-write,warning,,CWE-787,/media/shafi/Research/STAILOR/dataset/66502/libxml2_66502_vul/tree.c,7753,5,7753,12,CWE-787: Potential OOB Write via unchecked pointer offset.,,7748,7758,"        needSize = buf->use + len + 1;
        if (!xmlBufferResize(buf, needSize))
            return(-1);
    }

    memmove(&buf->content[len], &buf->content[0], buf->use);
    memmove(&buf->content[0], str, len);
    buf->use += len;
    buf->content[buf->use] = 0;
    return 0;
}"
local/cpp/cwe-787-oob-write,local/cpp/cwe-787-oob-write,warning,,CWE-787,/media/shafi/Research/STAILOR/dataset/66502/libxml2_66502_vul/tree.c,7692,5,7692,12,CWE-787: Potential OOB Write via unchecked pointer offset.,,7687,7697,"        needSize = buf->use + len + 1;
        if (!xmlBufferResize(buf, needSize))
            return XML_ERR_NO_MEMORY;
    }

    memmove(&buf->content[buf->use], str, len);
    buf->use += len;
    buf->content[buf->use] = 0;
    return 0;
}
"
local/cpp/cwe-787-oob-write,local/cpp/cwe-787-oob-write,warning,,CWE-787,/media/shafi/Research/STAILOR/dataset/66502/libxml2_66502_vul/testchar.c,844,9,844,15,CWE-787: Potential OOB Write via unchecked pointer offset.,,839,849,"     * Create a chunk longer than XML_PARSER_BIG_BUFFER_SIZE (300) ending
     * with an incomplete UTF-8 sequence.
     */
    buf = xmlMalloc(1000 * 2 + 1);
    for (i = 0; i < 2000; i += 2)
        memcpy(buf + i, ""\xCE\xB1"", 2);
    buf[i] = '\xCE';
    xmlParseChunk(ctxt, buf, 2001, 0);
    xmlFree(buf);

    xmlParseChunk(ctxt, ""\xB1</d>"", 4, 0);"
local/cpp/cwe-787-oob-write,local/cpp/cwe-787-oob-write,warning,,CWE-787,/media/shafi/Research/STAILOR/dataset/66502/libxml2_66502_vul/xmlregexp.c,6034,2,6034,8,CWE-787: Potential OOB Write via unchecked pointer offset.,,6029,6039,"	str = (xmlChar *) xmlMallocAtomic(lenn + lenp + 2);
	if (str == NULL)
	    goto error;
	memcpy(&str[0], token, lenp);
	str[lenp] = '|';
	memcpy(&str[lenp + 1], token2, lenn);
	str[lenn + lenp + 1] = 0;

	atom->valuep = str;
    }
    atom->data = data;"
local/cpp/cwe-787-oob-write,local/cpp/cwe-787-oob-write,warning,,CWE-787,/media/shafi/Research/STAILOR/dataset/66502/libxml2_66502_vul/xmlregexp.c,5861,2,5861,8,CWE-787: Potential OOB Write via unchecked pointer offset.,,5856,5866,"	str = (xmlChar *) xmlMallocAtomic(lenn + lenp + 2);
	if (str == NULL)
	    goto error;
	memcpy(&str[0], token, lenp);
	str[lenp] = '|';
	memcpy(&str[lenp + 1], token2, lenn);
	str[lenn + lenp + 1] = 0;

	atom->valuep = str;
    }
    atom->data = data;"
local/cpp/cwe-787-oob-write,local/cpp/cwe-787-oob-write,warning,,CWE-787,/media/shafi/Research/STAILOR/dataset/66502/libxml2_66502_vul/xmlregexp.c,5791,2,5791,8,CWE-787: Potential OOB Write via unchecked pointer offset.,,5786,5796,"	    xmlRegFreeAtom(atom);
	    return(NULL);
	}
	memcpy(&str[0], token, lenp);
	str[lenp] = '|';
	memcpy(&str[lenp + 1], token2, lenn);
	str[lenn + lenp + 1] = 0;

	atom->valuep = str;
    }
    snprintf((char *) err_msg, 199, ""not %s"", (const char *) atom->valuep);"
local/cpp/cwe-787-oob-write,local/cpp/cwe-787-oob-write,warning,,CWE-787,/media/shafi/Research/STAILOR/dataset/66502/libxml2_66502_vul/xmlregexp.c,5729,2,5729,8,CWE-787: Potential OOB Write via unchecked pointer offset.,,5724,5734,"	    xmlRegFreeAtom(atom);
	    return(NULL);
	}
	memcpy(&str[0], token, lenp);
	str[lenp] = '|';
	memcpy(&str[lenp + 1], token2, lenn);
	str[lenn + lenp + 1] = 0;

	atom->valuep = str;
    }
"
local/cpp/cwe-787-oob-write,local/cpp/cwe-787-oob-write,warning,,CWE-787,/media/shafi/Research/STAILOR/dataset/66502/libxml2_66502_vul/parser.c,4905,13,4905,19,CWE-787: Potential OOB Write via unchecked pointer offset.,,4900,4910,"                    xmlErrMemory(ctxt);
                    return;
                }
                buf = new_buf;
            }
            memcpy(&buf[len], ctxt->input->cur, nbchar);
            len += nbchar;
            buf[len] = 0;
	}
        if (len > maxLength) {
            xmlFatalErrMsgStr(ctxt, XML_ERR_COMMENT_NOT_FINISHED,"
local/cpp/cwe-787-oob-write,local/cpp/cwe-787-oob-write,warning,,CWE-787,/media/shafi/Research/STAILOR/dataset/66502/libxml2_66502_vul/xmlstring.c,514,5,514,11,CWE-787: Potential OOB Write via unchecked pointer offset.,,509,519,"        return(NULL);
    ret = (xmlChar *) xmlMalloc((size_t) size + len + 1);
    if (ret == NULL)
        return(NULL);
    memcpy(ret, str1, size);
    memcpy(&ret[size], str2, len);
    ret[size + len] = 0;
    return(ret);
}

/**"
local/cpp/cwe-787-oob-write,local/cpp/cwe-787-oob-write,warning,,CWE-787,/media/shafi/Research/STAILOR/dataset/66502/libxml2_66502_vul/xmlstring.c,475,5,475,11,CWE-787: Potential OOB Write via unchecked pointer offset.,,470,480,"    ret = (xmlChar *) xmlRealloc(cur, (size_t) size + len + 1);
    if (ret == NULL) {
        xmlFree(cur);
        return(NULL);
    }
    memcpy(&ret[size], add, len);
    ret[size + len] = 0;
    return(ret);
}

/**"
local/cpp/cwe-787-oob-write,local/cpp/cwe-787-oob-write,warning,,CWE-787,/media/shafi/Research/STAILOR/dataset/66502/libxml2_66502_vul/xmlsave.c,304,6,304,12,CWE-787: Potential OOB Write via unchecked pointer offset.,,299,309,"        memset(&ctxt->indent[0], 0, MAX_INDENT + 1);
    } else {
	ctxt->indent_size = len;
	ctxt->indent_nr = MAX_INDENT / ctxt->indent_size;
	for (i = 0;i < ctxt->indent_nr;i++)
	    memcpy(&ctxt->indent[i * ctxt->indent_size], xmlTreeIndentString,
		   ctxt->indent_size);
        ctxt->indent[ctxt->indent_nr * ctxt->indent_size] = 0;
    }

    if (xmlSaveNoEmptyTags) {"
local/cpp/cwe-787-oob-write,local/cpp/cwe-787-oob-write,warning,,CWE-787,/media/shafi/Research/STAILOR/dataset/66502/libxml2_66502_vul/xmlregexp.c,4046,5,4046,11,CWE-787: Potential OOB Write via unchecked pointer offset.,,4041,4051,"    } else {
	str = buf;
    }
    memcpy(&str[0], value, lenp);
    str[lenp] = XML_REG_STRING_SEPARATOR;
    memcpy(&str[lenp + 1], value2, lenn);
    str[lenn + lenp + 1] = 0;

    if (exec->comp->compact != NULL)
	ret = xmlRegCompactPushString(exec, exec->comp, str, data);
    else"
local/cpp/cwe-787-oob-write,local/cpp/cwe-787-oob-write,warning,,CWE-787,/media/shafi/Research/STAILOR/dataset/66502/libxml2_66502_vul/xzlib.c,518,9,518,15,CWE-787: Potential OOB Write via unchecked pointer offset.,,513,523,"     * input to output -- this assumes that the output buffer is larger than
     * the input buffer, which also assures space for gzungetc() */
    state->raw = state->pos;
    state->next = state->out;
    if (strm->avail_in) {
        memcpy(state->next + state->have, strm->next_in, strm->avail_in);
        state->have += strm->avail_in;
        strm->avail_in = 0;
    }
    state->how = COPY;
    state->direct = 1;"
local/cpp/cwe-787-oob-write,local/cpp/cwe-787-oob-write,warning,,CWE-787,/media/shafi/Research/STAILOR/dataset/66502/libxml2_66502_vul/xmlschemastypes.c,6057,8,6057,15,CWE-787: Potential OOB Write via unchecked pointer offset.,,6052,6062,"			* Insert missing zeroes behind the decimal point.
			*/
			while (*(offs + i) != 0)
			    i++;
			if (i < dec.total) {
			    memmove(offs + (dec.total - i), offs, i +1);
			    memset(offs, '0', dec.total - i);
			}
		    }
		} else {
		    /*"
local/cpp/cwe-787-oob-write,local/cpp/cwe-787-oob-write,warning,,CWE-787,/media/shafi/Research/STAILOR/dataset/66502/libxml2_66502_vul/tree.c,188,5,188,11,CWE-787: Potential OOB Write via unchecked pointer offset.,,183,193,"    } else {
	ret = memory;
    }
    memcpy(&ret[0], prefix, lenp);
    ret[lenp] = ':';
    memcpy(&ret[lenp + 1], ncname, lenn);
    ret[lenn + lenp + 1] = 0;
    return(ret);
}

/**"
shafi/cpp/pattern/free-then-deref/intra,shafi/cpp/pattern/free-then-deref/intra,7.5,medium,CWE-416,/media/shafi/Research/STAILOR/dataset/66502/libxml2_66502_vul/dict.c,365,9,365,13,Potential use-after-free (direct dereference): value freed by 'xmlDictFree()' is later dereferenced.,,360,370,"
    if (dict->subdict != NULL) {
        xmlDictFree(dict->subdict);
    }

    if (dict->table) {
	xmlFree(dict->table);
    }
    pool = dict->strings;
    while (pool != NULL) {
        nextp = pool->next;"
shafi/cpp/pattern/free-then-deref/intra,shafi/cpp/pattern/free-then-deref/intra,7.5,medium,CWE-416,/media/shafi/Research/STAILOR/dataset/66502/libxml2_66502_vul/dict.c,366,10,366,14,Potential use-after-free (direct dereference): value freed by 'xmlDictFree()' is later dereferenced.,,361,371,"    if (dict->subdict != NULL) {
        xmlDictFree(dict->subdict);
    }

    if (dict->table) {
	xmlFree(dict->table);
    }
    pool = dict->strings;
    while (pool != NULL) {
        nextp = pool->next;
	xmlFree(pool);"
shafi/cpp/pattern/free-then-deref/intra,shafi/cpp/pattern/free-then-deref/intra,7.5,medium,CWE-416,/media/shafi/Research/STAILOR/dataset/66502/libxml2_66502_vul/dict.c,368,12,368,16,Potential use-after-free (direct dereference): value freed by 'xmlDictFree()' is later dereferenced.,,363,373,"    }

    if (dict->table) {
	xmlFree(dict->table);
    }
    pool = dict->strings;
    while (pool != NULL) {
        nextp = pool->next;
	xmlFree(pool);
	pool = nextp;
    }"
shafi/cpp/pattern/free-then-deref/intra,shafi/cpp/pattern/free-then-deref/intra,7.5,medium,CWE-416,/media/shafi/Research/STAILOR/dataset/66502/libxml2_66502_vul/runtest.c,2341,34,2341,38,Potential use-after-free (direct dereference): value freed by 'free()' is later dereferenced.,,2336,2346,"	htmlDocDumpMemory(doc, (xmlChar **) &base, &size);
    else
#endif
    xmlDocDumpMemory(doc, (xmlChar **) &base, &size);
    xmlFreeDoc(doc);
    res = compareFileMem(result, base, size);
    if ((base == NULL) || (res != 0)) {
	if (base != NULL)
	    xmlFree((char *)base);
        fprintf(stderr, ""Result for %s failed in %s\n"", filename, result);
	return(-1);"
shafi/cpp/pattern/free-then-deref/intra,shafi/cpp/pattern/free-then-deref/intra,7.5,medium,CWE-416,/media/shafi/Research/STAILOR/dataset/66502/libxml2_66502_vul/runtest.c,2034,34,2034,38,Potential use-after-free (direct dereference): value freed by 'free()' is later dereferenced.,,2029,2039,"	htmlDocDumpMemory(doc, (xmlChar **) &base, &size);
    else
#endif
    xmlDocDumpMemory(doc, (xmlChar **) &base, &size);
    xmlFreeDoc(doc);
    res = compareFileMem(result, base, size);
    if ((base == NULL) || (res != 0)) {
	if (base != NULL)
	    xmlFree((char *)base);
        fprintf(stderr, ""Result for %s failed in %s\n"", filename, result);
	return(-1);"
shafi/cpp/pattern/free-then-use/intra,shafi/cpp/pattern/free-then-use/intra,error,low,CWE-416,/media/shafi/Research/STAILOR/dataset/66502/libxml2_66502_vul/dict.c,365,9,365,13,Potential use-after-free (intra): value freed by 'xmlDictFree()' flows to a later use.,,360,370,"
    if (dict->subdict != NULL) {
        xmlDictFree(dict->subdict);
    }

    if (dict->table) {
	xmlFree(dict->table);
    }
    pool = dict->strings;
    while (pool != NULL) {
        nextp = pool->next;"
shafi/cpp/pattern/free-then-use/intra,shafi/cpp/pattern/free-then-use/intra,error,low,CWE-416,/media/shafi/Research/STAILOR/dataset/66502/libxml2_66502_vul/dict.c,366,10,366,14,Potential use-after-free (intra): value freed by 'xmlDictFree()' flows to a later use.,,361,371,"    if (dict->subdict != NULL) {
        xmlDictFree(dict->subdict);
    }

    if (dict->table) {
	xmlFree(dict->table);
    }
    pool = dict->strings;
    while (pool != NULL) {
        nextp = pool->next;
	xmlFree(pool);"
shafi/cpp/pattern/free-then-use/intra,shafi/cpp/pattern/free-then-use/intra,error,low,CWE-416,/media/shafi/Research/STAILOR/dataset/66502/libxml2_66502_vul/dict.c,368,12,368,16,Potential use-after-free (intra): value freed by 'xmlDictFree()' flows to a later use.,,363,373,"    }

    if (dict->table) {
	xmlFree(dict->table);
    }
    pool = dict->strings;
    while (pool != NULL) {
        nextp = pool->next;
	xmlFree(pool);
	pool = nextp;
    }"
shafi/cpp/pattern/free-then-use/intra,shafi/cpp/pattern/free-then-use/intra,error,low,CWE-416,/media/shafi/Research/STAILOR/dataset/66502/libxml2_66502_vul/runtest.c,2341,34,2341,38,Potential use-after-free (intra): value freed by 'free()' flows to a later use.,,2336,2346,"	htmlDocDumpMemory(doc, (xmlChar **) &base, &size);
    else
#endif
    xmlDocDumpMemory(doc, (xmlChar **) &base, &size);
    xmlFreeDoc(doc);
    res = compareFileMem(result, base, size);
    if ((base == NULL) || (res != 0)) {
	if (base != NULL)
	    xmlFree((char *)base);
        fprintf(stderr, ""Result for %s failed in %s\n"", filename, result);
	return(-1);"
shafi/cpp/pattern/free-then-use/intra,shafi/cpp/pattern/free-then-use/intra,error,low,CWE-416,/media/shafi/Research/STAILOR/dataset/66502/libxml2_66502_vul/runtest.c,2034,34,2034,38,Potential use-after-free (intra): value freed by 'free()' flows to a later use.,,2029,2039,"	htmlDocDumpMemory(doc, (xmlChar **) &base, &size);
    else
#endif
    xmlDocDumpMemory(doc, (xmlChar **) &base, &size);
    xmlFreeDoc(doc);
    res = compareFileMem(result, base, size);
    if ((base == NULL) || (res != 0)) {
	if (base != NULL)
	    xmlFree((char *)base);
        fprintf(stderr, ""Result for %s failed in %s\n"", filename, result);
	return(-1);"
shafi/cpp/pattern/free-then-use/intra,shafi/cpp/pattern/free-then-use/intra,error,low,CWE-416,/media/shafi/Research/STAILOR/dataset/66502/libxml2_66502_vul/tree.c,1183,9,1183,12,Potential use-after-free (intra): value freed by 'xmlFreeNodeList()' flows to a later use.,,1178,1188,"	cur->intSubset = NULL;
	xmlFreeDtd(intSubset);
    }

    if (cur->children != NULL) xmlFreeNodeList(cur->children);
    if (cur->oldNs != NULL) xmlFreeNsList(cur->oldNs);

    DICT_FREE(cur->version)
    DICT_FREE(cur->name)
    DICT_FREE(cur->encoding)
    DICT_FREE(cur->URL)"
shafi/cpp/pattern/free-then-use/intra,shafi/cpp/pattern/free-then-use/intra,error,low,CWE-416,/media/shafi/Research/STAILOR/dataset/66502/libxml2_66502_vul/tree.c,1183,43,1183,46,Potential use-after-free (intra): value freed by 'xmlFreeNodeList()' flows to a later use.,,1178,1188,"	cur->intSubset = NULL;
	xmlFreeDtd(intSubset);
    }

    if (cur->children != NULL) xmlFreeNodeList(cur->children);
    if (cur->oldNs != NULL) xmlFreeNsList(cur->oldNs);

    DICT_FREE(cur->version)
    DICT_FREE(cur->name)
    DICT_FREE(cur->encoding)
    DICT_FREE(cur->URL)"
shafi/cpp/pattern/free-then-use/intra,shafi/cpp/pattern/free-then-use/intra,error,low,CWE-416,/media/shafi/Research/STAILOR/dataset/66502/libxml2_66502_vul/tree.c,1185,15,1185,18,Potential use-after-free (intra): value freed by 'xmlFreeNodeList()' flows to a later use.,,1180,1190,"    }

    if (cur->children != NULL) xmlFreeNodeList(cur->children);
    if (cur->oldNs != NULL) xmlFreeNsList(cur->oldNs);

    DICT_FREE(cur->version)
    DICT_FREE(cur->name)
    DICT_FREE(cur->encoding)
    DICT_FREE(cur->URL)
    xmlFree(cur);
    if (dict) xmlDictFree(dict);"
shafi/cpp/pattern/free-then-use/intra,shafi/cpp/pattern/free-then-use/intra,error,low,CWE-416,/media/shafi/Research/STAILOR/dataset/66502/libxml2_66502_vul/tree.c,1186,15,1186,18,Potential use-after-free (intra): value freed by 'xmlFreeNodeList()' flows to a later use.,,1181,1191,"
    if (cur->children != NULL) xmlFreeNodeList(cur->children);
    if (cur->oldNs != NULL) xmlFreeNsList(cur->oldNs);

    DICT_FREE(cur->version)
    DICT_FREE(cur->name)
    DICT_FREE(cur->encoding)
    DICT_FREE(cur->URL)
    xmlFree(cur);
    if (dict) xmlDictFree(dict);
}"
shafi/cpp/pattern/free-then-use/intra,shafi/cpp/pattern/free-then-use/intra,error,low,CWE-416,/media/shafi/Research/STAILOR/dataset/66502/libxml2_66502_vul/tree.c,1187,15,1187,18,Potential use-after-free (intra): value freed by 'xmlFreeNodeList()' flows to a later use.,,1182,1192,"    if (cur->children != NULL) xmlFreeNodeList(cur->children);
    if (cur->oldNs != NULL) xmlFreeNsList(cur->oldNs);

    DICT_FREE(cur->version)
    DICT_FREE(cur->name)
    DICT_FREE(cur->encoding)
    DICT_FREE(cur->URL)
    xmlFree(cur);
    if (dict) xmlDictFree(dict);
}
"
shafi/cpp/pattern/free-then-use/intra,shafi/cpp/pattern/free-then-use/intra,error,low,CWE-416,/media/shafi/Research/STAILOR/dataset/66502/libxml2_66502_vul/tree.c,1188,15,1188,18,Potential use-after-free (intra): value freed by 'xmlFreeNodeList()' flows to a later use.,,1183,1193,"    if (cur->oldNs != NULL) xmlFreeNsList(cur->oldNs);

    DICT_FREE(cur->version)
    DICT_FREE(cur->name)
    DICT_FREE(cur->encoding)
    DICT_FREE(cur->URL)
    xmlFree(cur);
    if (dict) xmlDictFree(dict);
}

/**"
shafi/cpp/uaf/lookup-remove-use/intra,shafi/cpp/uaf/lookup-remove-use/intra,error,low,CWE-416,/media/shafi/Research/STAILOR/dataset/66502/libxml2_66502_vul/valid.c,2962,23,2962,31,Potential UAF (lookup→remove→use): result of 'xmlHashLookup()' is used after a removal call.,,2957,2967,"        if (res <= 0) {
            xmlListDelete(ref_list);
	    goto failed;
        }
    }
    if (xmlListAppend(ref_list, ret) != 0)
        goto failed;
    return(ret);

failed:
    xmlVErrMemory(ctxt);"
shafi/cpp/uaf/lookup-remove-use/intra,shafi/cpp/uaf/lookup-remove-use/intra,error,low,CWE-416,/media/shafi/Research/STAILOR/dataset/66502/libxml2_66502_vul/valid.c,1323,21,1323,24,Potential UAF (lookup→remove→use): result of 'xmlHashLookup2()' is used after a removal call.,,1318,1328,"	if ((ret != NULL) && (ret->etype == XML_ELEMENT_TYPE_UNDEFINED)) {
	    oldAttributes = ret->attributes;
	    ret->attributes = NULL;
	    xmlHashRemoveEntry2(dtd->doc->intSubset->elements, localName, prefix,
                                NULL);
	    xmlFreeElement(ret);
	}
    }

    /*
     * The element may already be present if one of its attribute"
