ruleId,ruleName,severity,precision,cwe,file,startLine,startColumn,endLine,endColumn,message,helpUri,contextStart,contextEnd,snippet
cpp/invalid-pointer-deref,cpp/invalid-pointer-deref,9.3,medium,"CWE-119,CWE-125,CWE-193,CWE-787",/mnt/WorkDrive/SAILR/dataset/19910/binutils_19910_fix/libdecnumber/decNumber.c,4619,11,4619,19,"This read might be out of bounds, as the pointer might be equal to [call to malloc](1) + [acclength](2).",,4614,4624,"	/* Had an exact division; clean up spurious trailing 0s. */
	/* There will be at most DECDPUN-1, from the final multiply, */
	/* and then only if the result is non-0 (and even) and the */
	/* exponent is 'loose'. */
	#if DECDPUN>1
	Unit lsu=*accnext;
	if (!(lsu&0x01) && (lsu!=0)) {
	  /* count the trailing zeros */
	  Int drop=0;
	  for (;; drop++) {    /* [will terminate because lsu!=0] */
	    if (exponent>=maxexponent) break;	  /* don't chop real 0s */"
cpp/invalid-pointer-deref,cpp/invalid-pointer-deref,9.3,medium,"CWE-119,CWE-125,CWE-193,CWE-787",/mnt/WorkDrive/SAILR/dataset/19910/binutils_19910_fix/libdecnumber/decNumber.c,4674,6,4674,14,"This read might be out of bounds, as the pointer might be equal to [call to malloc](1) + [acclength](2).",,4669,4679,"	  res->bits=(uByte)(bits&DECNEG);	   /* [cleaned] */
	  decFinish(res, set, &residue, status);   /* might clamp */
	  break;
	  }
	/* note if the quotient was odd */
	if (*accnext & 0x01) wasodd=1;	     /* acc is odd */
	quotlsu=accnext;		     /* save in case need to reinspect */
	quotdigits=accdigits;		     /* .. */

	/* treat the residue, in var1, as the value to return, via acc */
	/* calculate the unused zero digits.  This is the smaller of: */"
cpp/offset-use-before-range-check,cpp/offset-use-before-range-check,8.2,medium,"CWE-120,CWE-125",/mnt/WorkDrive/SAILR/dataset/19910/binutils_19910_fix/readline/readline/bind.c,2680,20,2680,31,This use of offset 'j' should follow the [range check](1).,,2675,2685,"	    {
	      register int j;

	      fprintf (rl_outstream, ""%s can be found on "", name);

	      for (j = 0; invokers[j] && j < 5; j++)
		{
		  fprintf (rl_outstream, ""\""%s\""%s"", invokers[j],
			   invokers[j + 1] ? "", "" : "".\n"");
		}
"
cpp/offset-use-before-range-check,cpp/offset-use-before-range-check,8.2,medium,"CWE-120,CWE-125",/mnt/WorkDrive/SAILR/dataset/19910/binutils_19910_fix/readline/readline/vi_mode.c,1884,35,1884,59,This use of offset 'rl_point' should follow the [range check](1).,,1879,1889,"	      if (pre == rl_point)
		break;
	    }
	}
      else
	while ((brack = rl_vi_bracktype (rl_line_buffer[rl_point])) == 0 &&
		rl_point < rl_end - 1)
	  rl_forward_char (1, key);

      if (brack <= 0)
	{"
local.oob.memfunc.length-misuse.maxcover.v5,local.oob.memfunc.length-misuse.maxcover.v5,warning,low,"CWE-120,CWE-125,CWE-787",/mnt/WorkDrive/SAILR/dataset/19910/binutils_19910_fix/bfd/conftest.c,258,7,258,11,High-coverage OOB risk: length/count may be unbounded for read().,,0,0,
local.oob.memfunc.length-misuse.maxcover.v5,local.oob.memfunc.length-misuse.maxcover.v5,warning,low,"CWE-120,CWE-125,CWE-787",/mnt/WorkDrive/SAILR/dataset/19910/binutils_19910_fix/binutils/conftest.c,214,7,214,11,High-coverage OOB risk: length/count may be unbounded for read().,,0,0,
local.oob.memfunc.length-misuse.maxcover.v5,local.oob.memfunc.length-misuse.maxcover.v5,warning,low,"CWE-120,CWE-125,CWE-787",/mnt/WorkDrive/SAILR/dataset/19910/binutils_19910_fix/gnulib/conftest.c,189,11,189,18,High-coverage OOB risk: length/count may be unbounded for strncmp().,,0,0,
local.oob.memfunc.length-misuse.maxcover.v5,local.oob.memfunc.length-misuse.maxcover.v5,warning,low,"CWE-120,CWE-125,CWE-787",/mnt/WorkDrive/SAILR/dataset/19910/binutils_19910_fix/gnulib/conftest.c,190,14,190,21,High-coverage OOB risk: length/count may be unbounded for strncmp().,,0,0,
local.oob.memfunc.length-misuse.maxcover.v5,local.oob.memfunc.length-misuse.maxcover.v5,warning,low,"CWE-120,CWE-125,CWE-787",/mnt/WorkDrive/SAILR/dataset/19910/binutils_19910_fix/gnulib/conftest.c,191,14,191,21,High-coverage OOB risk: length/count may be unbounded for strncmp().,,0,0,
local.oob.memfunc.length-misuse.maxcover.v5,local.oob.memfunc.length-misuse.maxcover.v5,warning,low,"CWE-120,CWE-125,CWE-787",/mnt/WorkDrive/SAILR/dataset/19910/binutils_19910_fix/gnulib/conftest.c,192,14,192,21,High-coverage OOB risk: length/count may be unbounded for strncmp().,,0,0,
local.oob.memfunc.length-misuse.maxcover.v5,local.oob.memfunc.length-misuse.maxcover.v5,warning,low,"CWE-120,CWE-125,CWE-787",/mnt/WorkDrive/SAILR/dataset/19910/binutils_19910_fix/gnulib/conftest.c,193,14,193,21,High-coverage OOB risk: length/count may be unbounded for strncmp().,,0,0,
local.oob.memfunc.length-misuse.maxcover.v5,local.oob.memfunc.length-misuse.maxcover.v5,warning,low,"CWE-120,CWE-125,CWE-787",/mnt/WorkDrive/SAILR/dataset/19910/binutils_19910_fix/gnulib/conftest.c,194,14,194,21,High-coverage OOB risk: length/count may be unbounded for strncmp().,,0,0,
local.oob.memfunc.length-misuse.maxcover.v5,local.oob.memfunc.length-misuse.maxcover.v5,warning,low,"CWE-120,CWE-125,CWE-787",/mnt/WorkDrive/SAILR/dataset/19910/binutils_19910_fix/gnulib/conftest.c,143,3,143,9,High-coverage OOB risk: length/count may be unbounded for memset().,,0,0,
local.oob.memfunc.length-misuse.maxcover.v5,local.oob.memfunc.length-misuse.maxcover.v5,warning,low,"CWE-120,CWE-125,CWE-787",/mnt/WorkDrive/SAILR/dataset/19910/binutils_19910_fix/gnulib/conftest.c,236,9,236,15,High-coverage OOB risk: length/count may be unbounded for memset().,,0,0,
local.oob.memfunc.length-misuse.maxcover.v5,local.oob.memfunc.length-misuse.maxcover.v5,warning,low,"CWE-120,CWE-125,CWE-787",/mnt/WorkDrive/SAILR/dataset/19910/binutils_19910_fix/gnulib/conftest.c,238,9,238,15,High-coverage OOB risk: length/count may be unbounded for memset().,,0,0,
local.oob.memfunc.length-misuse.maxcover.v5,local.oob.memfunc.length-misuse.maxcover.v5,warning,low,"CWE-120,CWE-125,CWE-787",/mnt/WorkDrive/SAILR/dataset/19910/binutils_19910_fix/bfd/doc/chew.c,233,3,233,9,High-coverage OOB risk: length/count may be unbounded for memcpy().,,228,238,"    {
      while (buffer->write_idx + len >= buffer->size)
	buffer->size *= 2;
      buffer->ptr = (char *) realloc (buffer->ptr, buffer->size);
    }
  memcpy (buffer->ptr + buffer->write_idx, buf, len);
  buffer->write_idx += len;
}

static void
cattext (buffer, string)"
local.oob.memfunc.length-misuse.maxcover.v5,local.oob.memfunc.length-misuse.maxcover.v5,warning,low,"CWE-120,CWE-125,CWE-787",/mnt/WorkDrive/SAILR/dataset/19910/binutils_19910_fix/gnulib/conftest.c,176,27,176,31,High-coverage OOB risk: length/count may be unbounded for read().,,0,0,
local.oob.memfunc.length-misuse.maxcover.v5,local.oob.memfunc.length-misuse.maxcover.v5,warning,low,"CWE-120,CWE-125,CWE-787",/mnt/WorkDrive/SAILR/dataset/19910/binutils_19910_fix/gnulib/conftest.c,170,9,170,15,High-coverage OOB risk: length/count may be unbounded for memcmp().,,0,0,
local.oob.memfunc.length-misuse.maxcover.v5,local.oob.memfunc.length-misuse.maxcover.v5,warning,low,"CWE-120,CWE-125,CWE-787",/mnt/WorkDrive/SAILR/dataset/19910/binutils_19910_fix/gnulib/conftest.c,283,9,283,15,High-coverage OOB risk: length/count may be unbounded for memset().,,0,0,
local.oob.memfunc.length-misuse.maxcover.v5,local.oob.memfunc.length-misuse.maxcover.v5,warning,low,"CWE-120,CWE-125,CWE-787",/mnt/WorkDrive/SAILR/dataset/19910/binutils_19910_fix/gnulib/conftest.c,286,9,286,15,High-coverage OOB risk: length/count may be unbounded for memset().,,0,0,
local.oob.memfunc.length-misuse.maxcover.v5,local.oob.memfunc.length-misuse.maxcover.v5,warning,low,"CWE-120,CWE-125,CWE-787",/mnt/WorkDrive/SAILR/dataset/19910/binutils_19910_fix/gnulib/import/dirname-lgpl.c,81,3,81,9,High-coverage OOB risk: length/count may be unbounded for memcpy().,,76,86,"                         && length == FILE_SYSTEM_PREFIX_LEN (file)
                         && file[2] != '\0' && ! ISSLASH (file[2])));
  char *dir = malloc (length + append_dot + 1);
  if (!dir)
    return NULL;
  memcpy (dir, file, length);
  if (append_dot)
    dir[length++] = '.';
  dir[length] = '\0';
  return dir;
}"
local.oob.memfunc.length-misuse.maxcover.v5,local.oob.memfunc.length-misuse.maxcover.v5,warning,low,"CWE-120,CWE-125,CWE-787",/mnt/WorkDrive/SAILR/dataset/19910/binutils_19910_fix/gnulib/conftest.c,212,18,212,24,High-coverage OOB risk: length/count may be unbounded for memcmp().,,0,0,
local.oob.memfunc.length-misuse.maxcover.v5,local.oob.memfunc.length-misuse.maxcover.v5,warning,low,"CWE-120,CWE-125,CWE-787",/mnt/WorkDrive/SAILR/dataset/19910/binutils_19910_fix/gnulib/conftest.c,178,11,178,17,High-coverage OOB risk: length/count may be unbounded for memchr().,,0,0,
local.oob.memfunc.length-misuse.maxcover.v5,local.oob.memfunc.length-misuse.maxcover.v5,warning,low,"CWE-120,CWE-125,CWE-787",/mnt/WorkDrive/SAILR/dataset/19910/binutils_19910_fix/gnulib/conftest.c,181,11,181,17,High-coverage OOB risk: length/count may be unbounded for memchr().,,0,0,
local.oob.memfunc.length-misuse.maxcover.v5,local.oob.memfunc.length-misuse.maxcover.v5,warning,low,"CWE-120,CWE-125,CWE-787",/mnt/WorkDrive/SAILR/dataset/19910/binutils_19910_fix/gnulib/conftest.c,183,11,183,17,High-coverage OOB risk: length/count may be unbounded for memchr().,,0,0,
local.oob.memfunc.length-misuse.maxcover.v5,local.oob.memfunc.length-misuse.maxcover.v5,warning,low,"CWE-120,CWE-125,CWE-787",/mnt/WorkDrive/SAILR/dataset/19910/binutils_19910_fix/gnulib/conftest.c,192,9,192,15,High-coverage OOB risk: length/count may be unbounded for memchr().,,0,0,
local.oob.memfunc.length-misuse.maxcover.v5,local.oob.memfunc.length-misuse.maxcover.v5,warning,low,"CWE-120,CWE-125,CWE-787",/mnt/WorkDrive/SAILR/dataset/19910/binutils_19910_fix/gnulib/import/chdir-long.c,142,23,142,29,High-coverage OOB risk: length/count may be unbounded for memchr().,,137,147,"    if (n_leading_slash == 2)
      {
        int err;
        /* Find next slash.
           We already know that dir[2] is neither a slash nor '\0'.  */
        char *slash = memchr (dir + 3, '/', dir_end - (dir + 3));
        if (slash == NULL)
          {
            errno = ENAMETOOLONG;
            return -1;
          }"
local.oob.memfunc.length-misuse.maxcover.v5,local.oob.memfunc.length-misuse.maxcover.v5,warning,low,"CWE-120,CWE-125,CWE-787",/mnt/WorkDrive/SAILR/dataset/19910/binutils_19910_fix/gnulib/import/strnlen1.c,30,36,30,42,High-coverage OOB risk: length/count may be unbounded for memchr().,,25,35,"   If no '\0' terminator is found in that many characters, return MAXLEN.  */
/* This is the same as strnlen (string, maxlen - 1) + 1.  */
size_t
strnlen1 (const char *string, size_t maxlen)
{
  const char *end = (const char *) memchr (string, '\0', maxlen);
  if (end != NULL)
    return end - string + 1;
  else
    return maxlen;
}"
local.oob.memfunc.length-misuse.maxcover.v5,local.oob.memfunc.length-misuse.maxcover.v5,warning,low,"CWE-120,CWE-125,CWE-787",/mnt/WorkDrive/SAILR/dataset/19910/binutils_19910_fix/gnulib/import/strerror_r.c,136,3,136,10,High-coverage OOB risk: length/count may be unbounded for memmove().,,131,141,"  size_t len = strlen (msg);
  size_t moved = len < buflen ? len : buflen - 1;

  /* Although POSIX lets memmove corrupt errno, we don't
     know of any implementation where this is a real problem.  */
  memmove (buf, msg, moved);
  buf[moved] = '\0';
  return len < buflen ? 0 : ERANGE;
}

"
local.oob.memfunc.length-misuse.maxcover.v5,local.oob.memfunc.length-misuse.maxcover.v5,warning,low,"CWE-120,CWE-125,CWE-787",/mnt/WorkDrive/SAILR/dataset/19910/binutils_19910_fix/gnulib/import/gettext.h,286,7,286,13,High-coverage OOB risk: length/count may be unbounded for memcpy().,,281,291,"     : (char *) malloc (msgctxt_len + msgid_len));
  if (msg_ctxt_id != NULL)
#endif
    {
      int found_translation;
      memcpy (msg_ctxt_id, msgctxt, msgctxt_len - 1);
      msg_ctxt_id[msgctxt_len - 1] = '\004';
      memcpy (msg_ctxt_id + msgctxt_len, msgid, msgid_len);
      translation = dcngettext (domain, msg_ctxt_id, msgid_plural, n, category);
      found_translation = !(translation == msg_ctxt_id || translation == msgid_plural);
#if !_LIBGETTEXT_HAVE_VARIABLE_SIZE_ARRAYS"
local.oob.memfunc.length-misuse.maxcover.v5,local.oob.memfunc.length-misuse.maxcover.v5,warning,low,"CWE-120,CWE-125,CWE-787",/mnt/WorkDrive/SAILR/dataset/19910/binutils_19910_fix/gnulib/import/gettext.h,288,7,288,13,High-coverage OOB risk: length/count may be unbounded for memcpy().,,283,293,"#endif
    {
      int found_translation;
      memcpy (msg_ctxt_id, msgctxt, msgctxt_len - 1);
      msg_ctxt_id[msgctxt_len - 1] = '\004';
      memcpy (msg_ctxt_id + msgctxt_len, msgid, msgid_len);
      translation = dcngettext (domain, msg_ctxt_id, msgid_plural, n, category);
      found_translation = !(translation == msg_ctxt_id || translation == msgid_plural);
#if !_LIBGETTEXT_HAVE_VARIABLE_SIZE_ARRAYS
      if (msg_ctxt_id != buf)
        free (msg_ctxt_id);"
local.oob.memfunc.length-misuse.maxcover.v5,local.oob.memfunc.length-misuse.maxcover.v5,warning,low,"CWE-120,CWE-125,CWE-787",/mnt/WorkDrive/SAILR/dataset/19910/binutils_19910_fix/gnulib/import/gettext.h,238,7,238,13,High-coverage OOB risk: length/count may be unbounded for memcpy().,,233,243,"     : (char *) malloc (msgctxt_len + msgid_len));
  if (msg_ctxt_id != NULL)
#endif
    {
      int found_translation;
      memcpy (msg_ctxt_id, msgctxt, msgctxt_len - 1);
      msg_ctxt_id[msgctxt_len - 1] = '\004';
      memcpy (msg_ctxt_id + msgctxt_len, msgid, msgid_len);
      translation = dcgettext (domain, msg_ctxt_id, category);
      found_translation = (translation != msg_ctxt_id);
#if !_LIBGETTEXT_HAVE_VARIABLE_SIZE_ARRAYS"
local.oob.memfunc.length-misuse.maxcover.v5,local.oob.memfunc.length-misuse.maxcover.v5,warning,low,"CWE-120,CWE-125,CWE-787",/mnt/WorkDrive/SAILR/dataset/19910/binutils_19910_fix/gnulib/import/gettext.h,240,7,240,13,High-coverage OOB risk: length/count may be unbounded for memcpy().,,235,245,"#endif
    {
      int found_translation;
      memcpy (msg_ctxt_id, msgctxt, msgctxt_len - 1);
      msg_ctxt_id[msgctxt_len - 1] = '\004';
      memcpy (msg_ctxt_id + msgctxt_len, msgid, msgid_len);
      translation = dcgettext (domain, msg_ctxt_id, category);
      found_translation = (translation != msg_ctxt_id);
#if !_LIBGETTEXT_HAVE_VARIABLE_SIZE_ARRAYS
      if (msg_ctxt_id != buf)
        free (msg_ctxt_id);"
local.oob.memfunc.length-misuse.maxcover.v5,local.oob.memfunc.length-misuse.maxcover.v5,warning,low,"CWE-120,CWE-125,CWE-787",/mnt/WorkDrive/SAILR/dataset/19910/binutils_19910_fix/ld/conftest.c,218,7,218,11,High-coverage OOB risk: length/count may be unbounded for read().,,0,0,
local.oob.memfunc.length-misuse.maxcover.v5,local.oob.memfunc.length-misuse.maxcover.v5,warning,low,"CWE-120,CWE-125,CWE-787",/mnt/WorkDrive/SAILR/dataset/19910/binutils_19910_fix/gnulib/import/tempname.c,208,30,208,36,High-coverage OOB risk: length/count may be unbounded for memcmp().,,203,213,"#else
  unsigned int attempts = ATTEMPTS_MIN;
#endif

  len = strlen (tmpl);
  if (len < 6 + suffixlen || memcmp (&tmpl[len - 6 - suffixlen], ""XXXXXX"", 6))
    {
      __set_errno (EINVAL);
      return -1;
    }
"
local.oob.memfunc.length-misuse.maxcover.v5,local.oob.memfunc.length-misuse.maxcover.v5,warning,low,"CWE-120,CWE-125,CWE-787",/mnt/WorkDrive/SAILR/dataset/19910/binutils_19910_fix/libdecnumber/dpd/decimal32.c,414,10,414,16,High-coverage OOB risk: length/count may be unbounded for memcmp().,,409,419,"  decimal32 canon;			/* .. */
  decContext dc;			/* .. */
  decContextDefault(&dc, DEC_INIT_DECIMAL32);
  decimal32ToNumber(d32, &dn);
  decimal32FromNumber(&canon, &dn, &dc);/* canon will now be canonical */
  return memcmp(d32, &canon, DECIMAL32_Bytes)==0;
  } /* decimal32IsCanonical */

/* ------------------------------------------------------------------ */
/* decimal32Canonical -- copy an encoding, ensuring it is canonical   */
/*   d32 is the source decimal32				      */"
local.oob.memfunc.length-misuse.maxcover.v5,local.oob.memfunc.length-misuse.maxcover.v5,warning,low,"CWE-120,CWE-125,CWE-787",/mnt/WorkDrive/SAILR/dataset/19910/binutils_19910_fix/libdecnumber/bid/host-ieee128.c,56,3,56,9,High-coverage OOB risk: length/count may be unbounded for memcpy().,,51,58,"{
#if WORDS_BIGENDIAN
  memcpy ((char *) out, (char *) &in + 8, 8);
  memcpy ((char *) out + 8, (char *) &in, 8);
#else
  memcpy ((char *) out, (char *) &in, 16);
#endif
}"
local.oob.memfunc.length-misuse.maxcover.v5,local.oob.memfunc.length-misuse.maxcover.v5,warning,low,"CWE-120,CWE-125,CWE-787",/mnt/WorkDrive/SAILR/dataset/19910/binutils_19910_fix/libdecnumber/dpd/decimal32.c,268,8,268,26,High-coverage OOB risk: length/count may be unbounded for memcpy().,,263,273,"  Int  pre, e;			   /* .. */
  uInt uiwork;			   /* for macros */
  uInt sour;			   /* source 32-bit */

  /* load source from storage; this is endian */
  sour=UBTOUI(d32->bytes);	   /* directly load the int */

  c=string;			   /* where result will go */
  if (((Int)sour)<0) *c++='-';	   /* handle sign */

  comb=(sour>>26)&0x1f; 	   /* combination field */"
local.oob.memfunc.length-misuse.maxcover.v5,local.oob.memfunc.length-misuse.maxcover.v5,warning,low,"CWE-120,CWE-125,CWE-787",/mnt/WorkDrive/SAILR/dataset/19910/binutils_19910_fix/libdecnumber/bid/host-ieee128.c,45,3,45,9,High-coverage OOB risk: length/count may be unbounded for memcpy().,,40,50,"{
#if WORDS_BIGENDIAN
  memcpy ((char *) out, (char *) &in + 8, 8);
  memcpy ((char *) out + 8, (char *) &in, 8);
#else
  memcpy ((char *) out, (char *) &in, 16);
#endif
}

void
__ieee_to_host_128 (decimal128 in, _Decimal128 *out)"
local.oob.memfunc.length-misuse.maxcover.v5,local.oob.memfunc.length-misuse.maxcover.v5,warning,low,"CWE-120,CWE-125,CWE-787",/mnt/WorkDrive/SAILR/dataset/19910/binutils_19910_fix/libdecnumber/bid/host-ieee32.c,51,3,51,9,High-coverage OOB risk: length/count may be unbounded for memcpy().,,46,52,"}

void
__ieee_to_host_32 (decimal32 in, _Decimal32 *out)
{
  memcpy ((char *) out, (char *) &in, 4);
}"
local.oob.memfunc.length-misuse.maxcover.v5,local.oob.memfunc.length-misuse.maxcover.v5,warning,low,"CWE-120,CWE-125,CWE-787",/mnt/WorkDrive/SAILR/dataset/19910/binutils_19910_fix/libdecnumber/bid/host-ieee32.c,45,3,45,9,High-coverage OOB risk: length/count may be unbounded for memcpy().,,40,50,"void __ieee_to_host_32 (decimal32 in, _Decimal32 *out);

void
__host_to_ieee_32 (_Decimal32 in, decimal32 *out)
{
  memcpy ((char *) out, (char *) &in, 4);
}

void
__ieee_to_host_32 (decimal32 in, _Decimal32 *out)
{"
local.oob.memfunc.length-misuse.maxcover.v5,local.oob.memfunc.length-misuse.maxcover.v5,warning,low,"CWE-120,CWE-125,CWE-787",/mnt/WorkDrive/SAILR/dataset/19910/binutils_19910_fix/libdecnumber/dpd/decimal32.c,309,3,309,11,High-coverage OOB risk: length/count may be unbounded for memcpy().,,304,314,"  #define dpd2char u=&BIN2CHAR[DPD2BIN[dpd]*4]; 		  \
		   if (c!=cstart) {memcpy(c, u+1, 4); c+=3;}	  \
		    else if (*u)  {memcpy(c, u+4-*u, 4); c+=*u;}

  dpd=(sour>>10)&0x3ff; 	   /* declet 1 */
  dpd2char;
  dpd=(sour)&0x3ff;		   /* declet 2 */
  dpd2char;

  if (c==cstart) *c++='0';	   /* all zeros -- make 0 */
"
local.oob.memfunc.length-misuse.maxcover.v5,local.oob.memfunc.length-misuse.maxcover.v5,warning,low,"CWE-120,CWE-125,CWE-787",/mnt/WorkDrive/SAILR/dataset/19910/binutils_19910_fix/libdecnumber/dpd/decimal128.c,487,10,487,16,High-coverage OOB risk: length/count may be unbounded for memcmp().,,482,492,"  decimal128 canon;			 /* .. */
  decContext dc;			/* .. */
  decContextDefault(&dc, DEC_INIT_DECIMAL128);
  decimal128ToNumber(d128, &dn);
  decimal128FromNumber(&canon, &dn, &dc);/* canon will now be canonical */
  return memcmp(d128, &canon, DECIMAL128_Bytes)==0;
  } /* decimal128IsCanonical */

/* ------------------------------------------------------------------ */
/* decimal128Canonical -- copy an encoding, ensuring it is canonical  */
/*   d128 is the source decimal128				      */"
local.oob.memfunc.length-misuse.maxcover.v5,local.oob.memfunc.length-misuse.maxcover.v5,warning,low,"CWE-120,CWE-125,CWE-787",/mnt/WorkDrive/SAILR/dataset/19910/binutils_19910_fix/libdecnumber/dpd/decimal32.c,311,3,311,11,High-coverage OOB risk: length/count may be unbounded for memcpy().,,306,316,"		    else if (*u)  {memcpy(c, u+4-*u, 4); c+=*u;}

  dpd=(sour>>10)&0x3ff; 	   /* declet 1 */
  dpd2char;
  dpd=(sour)&0x3ff;		   /* declet 2 */
  dpd2char;

  if (c==cstart) *c++='0';	   /* all zeros -- make 0 */

  if (exp==0) { 		   /* integer or NaN case -- easy */
    *c='\0';			   /* terminate */"
local.oob.memfunc.length-misuse.maxcover.v5,local.oob.memfunc.length-misuse.maxcover.v5,warning,low,"CWE-120,CWE-125,CWE-787",/mnt/WorkDrive/SAILR/dataset/19910/binutils_19910_fix/libdecnumber/dpd/decimal128.c,303,12,303,32,High-coverage OOB risk: length/count may be unbounded for memcpy().,,298,308,"  #define sourml sourar[1]	   /* and the mod-low word */
  #define sourlo sourar[0]	   /* and the lowest word */

  /* load source from storage; this is endian */
  if (DECLITEND) {
    sourlo=UBTOUI(d128->bytes	); /* directly load the low int */
    sourml=UBTOUI(d128->bytes+4 ); /* then the mid-low */
    sourmh=UBTOUI(d128->bytes+8 ); /* then the mid-high */
    sourhi=UBTOUI(d128->bytes+12); /* then the high int */
    }
   else {"
local.oob.memfunc.length-misuse.maxcover.v5,local.oob.memfunc.length-misuse.maxcover.v5,warning,low,"CWE-120,CWE-125,CWE-787",/mnt/WorkDrive/SAILR/dataset/19910/binutils_19910_fix/libdecnumber/dpd/decimal128.c,304,12,304,34,High-coverage OOB risk: length/count may be unbounded for memcpy().,,299,309,"  #define sourlo sourar[0]	   /* and the lowest word */

  /* load source from storage; this is endian */
  if (DECLITEND) {
    sourlo=UBTOUI(d128->bytes	); /* directly load the low int */
    sourml=UBTOUI(d128->bytes+4 ); /* then the mid-low */
    sourmh=UBTOUI(d128->bytes+8 ); /* then the mid-high */
    sourhi=UBTOUI(d128->bytes+12); /* then the high int */
    }
   else {
    sourhi=UBTOUI(d128->bytes	); /* directly load the high int */"
local.oob.memfunc.length-misuse.maxcover.v5,local.oob.memfunc.length-misuse.maxcover.v5,warning,low,"CWE-120,CWE-125,CWE-787",/mnt/WorkDrive/SAILR/dataset/19910/binutils_19910_fix/libdecnumber/dpd/decimal128.c,305,12,305,34,High-coverage OOB risk: length/count may be unbounded for memcpy().,,300,310,"
  /* load source from storage; this is endian */
  if (DECLITEND) {
    sourlo=UBTOUI(d128->bytes	); /* directly load the low int */
    sourml=UBTOUI(d128->bytes+4 ); /* then the mid-low */
    sourmh=UBTOUI(d128->bytes+8 ); /* then the mid-high */
    sourhi=UBTOUI(d128->bytes+12); /* then the high int */
    }
   else {
    sourhi=UBTOUI(d128->bytes	); /* directly load the high int */
    sourmh=UBTOUI(d128->bytes+4 ); /* then the mid-high */"
local.oob.memfunc.length-misuse.maxcover.v5,local.oob.memfunc.length-misuse.maxcover.v5,warning,low,"CWE-120,CWE-125,CWE-787",/mnt/WorkDrive/SAILR/dataset/19910/binutils_19910_fix/libdecnumber/dpd/decimal128.c,306,12,306,34,High-coverage OOB risk: length/count may be unbounded for memcpy().,,301,311,"  /* load source from storage; this is endian */
  if (DECLITEND) {
    sourlo=UBTOUI(d128->bytes	); /* directly load the low int */
    sourml=UBTOUI(d128->bytes+4 ); /* then the mid-low */
    sourmh=UBTOUI(d128->bytes+8 ); /* then the mid-high */
    sourhi=UBTOUI(d128->bytes+12); /* then the high int */
    }
   else {
    sourhi=UBTOUI(d128->bytes	); /* directly load the high int */
    sourmh=UBTOUI(d128->bytes+4 ); /* then the mid-high */
    sourml=UBTOUI(d128->bytes+8 ); /* then the mid-low */"
local.oob.memfunc.length-misuse.maxcover.v5,local.oob.memfunc.length-misuse.maxcover.v5,warning,low,"CWE-120,CWE-125,CWE-787",/mnt/WorkDrive/SAILR/dataset/19910/binutils_19910_fix/libdecnumber/dpd/decimal128.c,309,12,309,32,High-coverage OOB risk: length/count may be unbounded for memcpy().,,304,314,"    sourml=UBTOUI(d128->bytes+4 ); /* then the mid-low */
    sourmh=UBTOUI(d128->bytes+8 ); /* then the mid-high */
    sourhi=UBTOUI(d128->bytes+12); /* then the high int */
    }
   else {
    sourhi=UBTOUI(d128->bytes	); /* directly load the high int */
    sourmh=UBTOUI(d128->bytes+4 ); /* then the mid-high */
    sourml=UBTOUI(d128->bytes+8 ); /* then the mid-low */
    sourlo=UBTOUI(d128->bytes+12); /* then the low int */
    }
"
local.oob.memfunc.length-misuse.maxcover.v5,local.oob.memfunc.length-misuse.maxcover.v5,warning,low,"CWE-120,CWE-125,CWE-787",/mnt/WorkDrive/SAILR/dataset/19910/binutils_19910_fix/libdecnumber/dpd/decimal128.c,310,12,310,34,High-coverage OOB risk: length/count may be unbounded for memcpy().,,305,315,"    sourmh=UBTOUI(d128->bytes+8 ); /* then the mid-high */
    sourhi=UBTOUI(d128->bytes+12); /* then the high int */
    }
   else {
    sourhi=UBTOUI(d128->bytes	); /* directly load the high int */
    sourmh=UBTOUI(d128->bytes+4 ); /* then the mid-high */
    sourml=UBTOUI(d128->bytes+8 ); /* then the mid-low */
    sourlo=UBTOUI(d128->bytes+12); /* then the low int */
    }

  c=string;			   /* where result will go */"
local.oob.memfunc.length-misuse.maxcover.v5,local.oob.memfunc.length-misuse.maxcover.v5,warning,low,"CWE-120,CWE-125,CWE-787",/mnt/WorkDrive/SAILR/dataset/19910/binutils_19910_fix/libdecnumber/dpd/decimal128.c,311,12,311,34,High-coverage OOB risk: length/count may be unbounded for memcpy().,,306,316,"    sourhi=UBTOUI(d128->bytes+12); /* then the high int */
    }
   else {
    sourhi=UBTOUI(d128->bytes	); /* directly load the high int */
    sourmh=UBTOUI(d128->bytes+4 ); /* then the mid-high */
    sourml=UBTOUI(d128->bytes+8 ); /* then the mid-low */
    sourlo=UBTOUI(d128->bytes+12); /* then the low int */
    }

  c=string;			   /* where result will go */
  if (((Int)sourhi)<0) *c++='-';   /* handle sign */"
local.oob.memfunc.length-misuse.maxcover.v5,local.oob.memfunc.length-misuse.maxcover.v5,warning,low,"CWE-120,CWE-125,CWE-787",/mnt/WorkDrive/SAILR/dataset/19910/binutils_19910_fix/libdecnumber/dpd/decimal128.c,312,12,312,34,High-coverage OOB risk: length/count may be unbounded for memcpy().,,307,317,"    }
   else {
    sourhi=UBTOUI(d128->bytes	); /* directly load the high int */
    sourmh=UBTOUI(d128->bytes+4 ); /* then the mid-high */
    sourml=UBTOUI(d128->bytes+8 ); /* then the mid-low */
    sourlo=UBTOUI(d128->bytes+12); /* then the low int */
    }

  c=string;			   /* where result will go */
  if (((Int)sourhi)<0) *c++='-';   /* handle sign */
"
local.oob.memfunc.length-misuse.maxcover.v5,local.oob.memfunc.length-misuse.maxcover.v5,warning,low,"CWE-120,CWE-125,CWE-787",/mnt/WorkDrive/SAILR/dataset/19910/binutils_19910_fix/libdecnumber/dpd/decimal32.c,350,7,350,13,High-coverage OOB risk: length/count may be unbounded for memcpy().,,345,355,"      if (e<0) {
	*(c-1)='-';		   /* oops, need '-' */
	e=-e;			   /* uInt, please */
	}
      u=&BIN2CHAR[e*4]; 	   /* -> length byte */
      memcpy(c, u+4-*u, 4);	   /* copy fixed 4 characters [is safe] */
      c+=*u;			   /* bump pointer appropriately */
      }
    *c='\0';			   /* add terminator */
    /*printf(""res %s\n"", string); */
    return string;"
local.oob.memfunc.length-misuse.maxcover.v5,local.oob.memfunc.length-misuse.maxcover.v5,warning,low,"CWE-120,CWE-125,CWE-787",/mnt/WorkDrive/SAILR/dataset/19910/binutils_19910_fix/libdecnumber/dpd/decimal128.c,354,3,354,11,High-coverage OOB risk: length/count may be unbounded for memcpy().,,349,359,"  /* and are safe because the array has an extra terminator byte.) */
  #define dpd2char u=&BIN2CHAR[DPD2BIN[dpd]*4]; 		  \
		   if (c!=cstart) {memcpy(c, u+1, 4); c+=3;}	  \
		    else if (*u)  {memcpy(c, u+4-*u, 4); c+=*u;}
  dpd=(sourhi>>4)&0x3ff;		     /* declet 1 */
  dpd2char;
  dpd=((sourhi&0xf)<<6) | (sourmh>>26);      /* declet 2 */
  dpd2char;
  dpd=(sourmh>>16)&0x3ff;		     /* declet 3 */
  dpd2char;
  dpd=(sourmh>>6)&0x3ff;		     /* declet 4 */"
local.oob.memfunc.length-misuse.maxcover.v5,local.oob.memfunc.length-misuse.maxcover.v5,warning,low,"CWE-120,CWE-125,CWE-787",/mnt/WorkDrive/SAILR/dataset/19910/binutils_19910_fix/libiberty/argv.c,465,7,465,14,High-coverage OOB risk: length/count may be unbounded for memmove().,,460,470,"      /* Now, insert FILE_ARGV into ARGV.  The ""+1"" below handles the
	 NULL terminator at the end of ARGV.  */ 
      *argvp = ((char **) 
		xrealloc (*argvp, 
			  (*argcp + file_argc + 1) * sizeof (char *)));
      memmove (*argvp + i + file_argc, *argvp + i + 1, 
	       (*argcp - i) * sizeof (char *));
      memcpy (*argvp + i, file_argv, file_argc * sizeof (char *));
      /* The original option has been replaced by all the new
	 options.  */
      *argcp += file_argc - 1;"
local.oob.memfunc.length-misuse.maxcover.v5,local.oob.memfunc.length-misuse.maxcover.v5,warning,low,"CWE-120,CWE-125,CWE-787",/mnt/WorkDrive/SAILR/dataset/19910/binutils_19910_fix/libdecnumber/dpd/decimal128.c,356,3,356,11,High-coverage OOB risk: length/count may be unbounded for memcpy().,,351,361,"		   if (c!=cstart) {memcpy(c, u+1, 4); c+=3;}	  \
		    else if (*u)  {memcpy(c, u+4-*u, 4); c+=*u;}
  dpd=(sourhi>>4)&0x3ff;		     /* declet 1 */
  dpd2char;
  dpd=((sourhi&0xf)<<6) | (sourmh>>26);      /* declet 2 */
  dpd2char;
  dpd=(sourmh>>16)&0x3ff;		     /* declet 3 */
  dpd2char;
  dpd=(sourmh>>6)&0x3ff;		     /* declet 4 */
  dpd2char;
  dpd=((sourmh&0x3f)<<4) | (sourml>>28);     /* declet 5 */"
local.oob.memfunc.length-misuse.maxcover.v5,local.oob.memfunc.length-misuse.maxcover.v5,warning,low,"CWE-120,CWE-125,CWE-787",/mnt/WorkDrive/SAILR/dataset/19910/binutils_19910_fix/libiberty/argv.c,467,7,467,13,High-coverage OOB risk: length/count may be unbounded for memcpy().,,462,472,"      *argvp = ((char **) 
		xrealloc (*argvp, 
			  (*argcp + file_argc + 1) * sizeof (char *)));
      memmove (*argvp + i + file_argc, *argvp + i + 1, 
	       (*argcp - i) * sizeof (char *));
      memcpy (*argvp + i, file_argv, file_argc * sizeof (char *));
      /* The original option has been replaced by all the new
	 options.  */
      *argcp += file_argc - 1;
      /* Free up memory allocated to process the response file.  We do
	 not use freeargv because the individual options in FILE_ARGV"
local.oob.memfunc.length-misuse.maxcover.v5,local.oob.memfunc.length-misuse.maxcover.v5,warning,low,"CWE-120,CWE-125,CWE-787",/mnt/WorkDrive/SAILR/dataset/19910/binutils_19910_fix/libdecnumber/dpd/decimal128.c,358,3,358,11,High-coverage OOB risk: length/count may be unbounded for memcpy().,,353,363,"  dpd=(sourhi>>4)&0x3ff;		     /* declet 1 */
  dpd2char;
  dpd=((sourhi&0xf)<<6) | (sourmh>>26);      /* declet 2 */
  dpd2char;
  dpd=(sourmh>>16)&0x3ff;		     /* declet 3 */
  dpd2char;
  dpd=(sourmh>>6)&0x3ff;		     /* declet 4 */
  dpd2char;
  dpd=((sourmh&0x3f)<<4) | (sourml>>28);     /* declet 5 */
  dpd2char;
  dpd=(sourml>>18)&0x3ff;		     /* declet 6 */"
local.oob.memfunc.length-misuse.maxcover.v5,local.oob.memfunc.length-misuse.maxcover.v5,warning,low,"CWE-120,CWE-125,CWE-787",/mnt/WorkDrive/SAILR/dataset/19910/binutils_19910_fix/libdecnumber/dpd/decimal128.c,360,3,360,11,High-coverage OOB risk: length/count may be unbounded for memcpy().,,355,365,"  dpd=((sourhi&0xf)<<6) | (sourmh>>26);      /* declet 2 */
  dpd2char;
  dpd=(sourmh>>16)&0x3ff;		     /* declet 3 */
  dpd2char;
  dpd=(sourmh>>6)&0x3ff;		     /* declet 4 */
  dpd2char;
  dpd=((sourmh&0x3f)<<4) | (sourml>>28);     /* declet 5 */
  dpd2char;
  dpd=(sourml>>18)&0x3ff;		     /* declet 6 */
  dpd2char;
  dpd=(sourml>>8)&0x3ff;		     /* declet 7 */"
local.oob.memfunc.length-misuse.maxcover.v5,local.oob.memfunc.length-misuse.maxcover.v5,warning,low,"CWE-120,CWE-125,CWE-787",/mnt/WorkDrive/SAILR/dataset/19910/binutils_19910_fix/libdecnumber/dpd/decimal128.c,362,3,362,11,High-coverage OOB risk: length/count may be unbounded for memcpy().,,357,367,"  dpd=(sourmh>>16)&0x3ff;		     /* declet 3 */
  dpd2char;
  dpd=(sourmh>>6)&0x3ff;		     /* declet 4 */
  dpd2char;
  dpd=((sourmh&0x3f)<<4) | (sourml>>28);     /* declet 5 */
  dpd2char;
  dpd=(sourml>>18)&0x3ff;		     /* declet 6 */
  dpd2char;
  dpd=(sourml>>8)&0x3ff;		     /* declet 7 */
  dpd2char;
  dpd=((sourml&0xff)<<2) | (sourlo>>30);     /* declet 8 */"
local.oob.memfunc.length-misuse.maxcover.v5,local.oob.memfunc.length-misuse.maxcover.v5,warning,low,"CWE-120,CWE-125,CWE-787",/mnt/WorkDrive/SAILR/dataset/19910/binutils_19910_fix/libdecnumber/dpd/decimal32.c,194,8,194,26,High-coverage OOB risk: length/count may be unbounded for memcpy().,,189,199,"  uInt comb;			   /* combination field */
  uInt sour;			   /* source 32-bit */
  uInt uiwork;			   /* for macros */

  /* load source from storage; this is endian */
  sour=UBTOUI(d32->bytes);	   /* directly load the int */

  comb=(sour>>26)&0x1f; 	   /* combination field */

  decNumberZero(dn);		   /* clean number */
  if (sour&0x80000000) dn->bits=DECNEG; /* set sign if negative */"
local.oob.memfunc.length-misuse.maxcover.v5,local.oob.memfunc.length-misuse.maxcover.v5,warning,low,"CWE-120,CWE-125,CWE-787",/mnt/WorkDrive/SAILR/dataset/19910/binutils_19910_fix/libdecnumber/dpd/decimal128.c,364,3,364,11,High-coverage OOB risk: length/count may be unbounded for memcpy().,,359,369,"  dpd=(sourmh>>6)&0x3ff;		     /* declet 4 */
  dpd2char;
  dpd=((sourmh&0x3f)<<4) | (sourml>>28);     /* declet 5 */
  dpd2char;
  dpd=(sourml>>18)&0x3ff;		     /* declet 6 */
  dpd2char;
  dpd=(sourml>>8)&0x3ff;		     /* declet 7 */
  dpd2char;
  dpd=((sourml&0xff)<<2) | (sourlo>>30);     /* declet 8 */
  dpd2char;
  dpd=(sourlo>>20)&0x3ff;		     /* declet 9 */"
local.oob.memfunc.length-misuse.maxcover.v5,local.oob.memfunc.length-misuse.maxcover.v5,warning,low,"CWE-120,CWE-125,CWE-787",/mnt/WorkDrive/SAILR/dataset/19910/binutils_19910_fix/libdecnumber/dpd/decimal128.c,366,3,366,11,High-coverage OOB risk: length/count may be unbounded for memcpy().,,361,371,"  dpd=((sourmh&0x3f)<<4) | (sourml>>28);     /* declet 5 */
  dpd2char;
  dpd=(sourml>>18)&0x3ff;		     /* declet 6 */
  dpd2char;
  dpd=(sourml>>8)&0x3ff;		     /* declet 7 */
  dpd2char;
  dpd=((sourml&0xff)<<2) | (sourlo>>30);     /* declet 8 */
  dpd2char;
  dpd=(sourlo>>20)&0x3ff;		     /* declet 9 */
  dpd2char;
  dpd=(sourlo>>10)&0x3ff;		     /* declet 10 */"
local.oob.memfunc.length-misuse.maxcover.v5,local.oob.memfunc.length-misuse.maxcover.v5,warning,low,"CWE-120,CWE-125,CWE-787",/mnt/WorkDrive/SAILR/dataset/19910/binutils_19910_fix/libdecnumber/dpd/decimal128.c,368,3,368,11,High-coverage OOB risk: length/count may be unbounded for memcpy().,,363,373,"  dpd=(sourml>>18)&0x3ff;		     /* declet 6 */
  dpd2char;
  dpd=(sourml>>8)&0x3ff;		     /* declet 7 */
  dpd2char;
  dpd=((sourml&0xff)<<2) | (sourlo>>30);     /* declet 8 */
  dpd2char;
  dpd=(sourlo>>20)&0x3ff;		     /* declet 9 */
  dpd2char;
  dpd=(sourlo>>10)&0x3ff;		     /* declet 10 */
  dpd2char;
  dpd=(sourlo)&0x3ff;			     /* declet 11 */"
local.oob.memfunc.length-misuse.maxcover.v5,local.oob.memfunc.length-misuse.maxcover.v5,warning,low,"CWE-120,CWE-125,CWE-787",/mnt/WorkDrive/SAILR/dataset/19910/binutils_19910_fix/libdecnumber/dpd/decimal128.c,370,3,370,11,High-coverage OOB risk: length/count may be unbounded for memcpy().,,365,375,"  dpd=(sourml>>8)&0x3ff;		     /* declet 7 */
  dpd2char;
  dpd=((sourml&0xff)<<2) | (sourlo>>30);     /* declet 8 */
  dpd2char;
  dpd=(sourlo>>20)&0x3ff;		     /* declet 9 */
  dpd2char;
  dpd=(sourlo>>10)&0x3ff;		     /* declet 10 */
  dpd2char;
  dpd=(sourlo)&0x3ff;			     /* declet 11 */
  dpd2char;
"
local.oob.memfunc.length-misuse.maxcover.v5,local.oob.memfunc.length-misuse.maxcover.v5,warning,low,"CWE-120,CWE-125,CWE-787",/mnt/WorkDrive/SAILR/dataset/19910/binutils_19910_fix/libdecnumber/dpd/decimal128.c,372,3,372,11,High-coverage OOB risk: length/count may be unbounded for memcpy().,,367,377,"  dpd=((sourml&0xff)<<2) | (sourlo>>30);     /* declet 8 */
  dpd2char;
  dpd=(sourlo>>20)&0x3ff;		     /* declet 9 */
  dpd2char;
  dpd=(sourlo>>10)&0x3ff;		     /* declet 10 */
  dpd2char;
  dpd=(sourlo)&0x3ff;			     /* declet 11 */
  dpd2char;

  if (c==cstart) *c++='0';	   /* all zeros -- make 0 */
"
local.oob.memfunc.length-misuse.maxcover.v5,local.oob.memfunc.length-misuse.maxcover.v5,warning,low,"CWE-120,CWE-125,CWE-787",/mnt/WorkDrive/SAILR/dataset/19910/binutils_19910_fix/libdecnumber/dpd/decimal128.c,374,3,374,11,High-coverage OOB risk: length/count may be unbounded for memcpy().,,369,379,"  dpd=(sourlo>>20)&0x3ff;		     /* declet 9 */
  dpd2char;
  dpd=(sourlo>>10)&0x3ff;		     /* declet 10 */
  dpd2char;
  dpd=(sourlo)&0x3ff;			     /* declet 11 */
  dpd2char;

  if (c==cstart) *c++='0';	   /* all zeros -- make 0 */

  if (exp==0) { 		   /* integer or NaN case -- easy */
    *c='\0';			   /* terminate */"
local.oob.memfunc.length-misuse.maxcover.v5,local.oob.memfunc.length-misuse.maxcover.v5,warning,low,"CWE-120,CWE-125,CWE-787",/mnt/WorkDrive/SAILR/dataset/19910/binutils_19910_fix/gnulib/import/malloc/scratch_buffer_grow_preserve.c,40,7,40,13,High-coverage OOB risk: length/count may be unbounded for memcpy().,,35,45,"      /* Move buffer to the heap.  No overflow is possible because
	 buffer->length describes a small buffer on the stack.  */
      new_ptr = malloc (new_length);
      if (new_ptr == NULL)
	return false;
      memcpy (new_ptr, buffer->__space.__c, buffer->length);
    }
  else
    {
      /* Buffer was already on the heap.  Check for overflow.  */
      if (__glibc_likely (new_length >= buffer->length))"
local.oob.memfunc.length-misuse.maxcover.v5,local.oob.memfunc.length-misuse.maxcover.v5,warning,low,"CWE-120,CWE-125,CWE-787",/mnt/WorkDrive/SAILR/dataset/19910/binutils_19910_fix/libdecnumber/dpd/decimal128.c,414,2,414,8,High-coverage OOB risk: length/count may be unbounded for memcpy().,,409,419,"	*(c-1)='-';		   /* oops, need '-' */
	e=-e;			   /* uInt, please */
	}
      if (e<1000) {		   /* 3 (or fewer) digits case */
	u=&BIN2CHAR[e*4];	   /* -> length byte */
	memcpy(c, u+4-*u, 4);	   /* copy fixed 4 characters [is safe] */
	c+=*u;			   /* bump pointer appropriately */
	}
       else {			   /* 4-digits */
	Int thou=((e>>3)*1049)>>17; /* e/1000 */
	Int rem=e-(1000*thou);	    /* e%1000 */"
local.oob.memfunc.length-misuse.maxcover.v5,local.oob.memfunc.length-misuse.maxcover.v5,warning,low,"CWE-120,CWE-125,CWE-787",/mnt/WorkDrive/SAILR/dataset/19910/binutils_19910_fix/libdecnumber/dpd/decimal128.c,422,2,422,8,High-coverage OOB risk: length/count may be unbounded for memcpy().,,417,427,"       else {			   /* 4-digits */
	Int thou=((e>>3)*1049)>>17; /* e/1000 */
	Int rem=e-(1000*thou);	    /* e%1000 */
	*c++='0'+(char)thou;
	u=&BIN2CHAR[rem*4];	   /* -> length byte */
	memcpy(c, u+1, 4);	   /* copy fixed 3+1 characters [is safe] */
	c+=3;			   /* bump pointer, always 3 digits */
	}
      }
    *c='\0';			   /* add terminator */
    /*printf(""res %s\n"", string); */"
local.oob.memfunc.length-misuse.maxcover.v5,local.oob.memfunc.length-misuse.maxcover.v5,warning,low,"CWE-120,CWE-125,CWE-787",/mnt/WorkDrive/SAILR/dataset/19910/binutils_19910_fix/libdecnumber/dpd/decimal128.c,210,12,210,32,High-coverage OOB risk: length/count may be unbounded for memcpy().,,205,215,"  #define sourml sourar[1]	   /* and the mod-low word */
  #define sourlo sourar[0]	   /* and the lowest word */

  /* load source from storage; this is endian */
  if (DECLITEND) {
    sourlo=UBTOUI(d128->bytes	); /* directly load the low int */
    sourml=UBTOUI(d128->bytes+4 ); /* then the mid-low */
    sourmh=UBTOUI(d128->bytes+8 ); /* then the mid-high */
    sourhi=UBTOUI(d128->bytes+12); /* then the high int */
    }
   else {"
local.oob.memfunc.length-misuse.maxcover.v5,local.oob.memfunc.length-misuse.maxcover.v5,warning,low,"CWE-120,CWE-125,CWE-787",/mnt/WorkDrive/SAILR/dataset/19910/binutils_19910_fix/libdecnumber/dpd/decimal128.c,211,12,211,34,High-coverage OOB risk: length/count may be unbounded for memcpy().,,206,216,"  #define sourlo sourar[0]	   /* and the lowest word */

  /* load source from storage; this is endian */
  if (DECLITEND) {
    sourlo=UBTOUI(d128->bytes	); /* directly load the low int */
    sourml=UBTOUI(d128->bytes+4 ); /* then the mid-low */
    sourmh=UBTOUI(d128->bytes+8 ); /* then the mid-high */
    sourhi=UBTOUI(d128->bytes+12); /* then the high int */
    }
   else {
    sourhi=UBTOUI(d128->bytes	); /* directly load the high int */"
local.oob.memfunc.length-misuse.maxcover.v5,local.oob.memfunc.length-misuse.maxcover.v5,warning,low,"CWE-120,CWE-125,CWE-787",/mnt/WorkDrive/SAILR/dataset/19910/binutils_19910_fix/libdecnumber/dpd/decimal128.c,212,12,212,34,High-coverage OOB risk: length/count may be unbounded for memcpy().,,207,217,"
  /* load source from storage; this is endian */
  if (DECLITEND) {
    sourlo=UBTOUI(d128->bytes	); /* directly load the low int */
    sourml=UBTOUI(d128->bytes+4 ); /* then the mid-low */
    sourmh=UBTOUI(d128->bytes+8 ); /* then the mid-high */
    sourhi=UBTOUI(d128->bytes+12); /* then the high int */
    }
   else {
    sourhi=UBTOUI(d128->bytes	); /* directly load the high int */
    sourmh=UBTOUI(d128->bytes+4 ); /* then the mid-high */"
local.oob.memfunc.length-misuse.maxcover.v5,local.oob.memfunc.length-misuse.maxcover.v5,warning,low,"CWE-120,CWE-125,CWE-787",/mnt/WorkDrive/SAILR/dataset/19910/binutils_19910_fix/libdecnumber/dpd/decimal128.c,213,12,213,34,High-coverage OOB risk: length/count may be unbounded for memcpy().,,208,218,"  /* load source from storage; this is endian */
  if (DECLITEND) {
    sourlo=UBTOUI(d128->bytes	); /* directly load the low int */
    sourml=UBTOUI(d128->bytes+4 ); /* then the mid-low */
    sourmh=UBTOUI(d128->bytes+8 ); /* then the mid-high */
    sourhi=UBTOUI(d128->bytes+12); /* then the high int */
    }
   else {
    sourhi=UBTOUI(d128->bytes	); /* directly load the high int */
    sourmh=UBTOUI(d128->bytes+4 ); /* then the mid-high */
    sourml=UBTOUI(d128->bytes+8 ); /* then the mid-low */"
local.oob.memfunc.length-misuse.maxcover.v5,local.oob.memfunc.length-misuse.maxcover.v5,warning,low,"CWE-120,CWE-125,CWE-787",/mnt/WorkDrive/SAILR/dataset/19910/binutils_19910_fix/libdecnumber/dpd/decimal128.c,216,12,216,32,High-coverage OOB risk: length/count may be unbounded for memcpy().,,211,221,"    sourml=UBTOUI(d128->bytes+4 ); /* then the mid-low */
    sourmh=UBTOUI(d128->bytes+8 ); /* then the mid-high */
    sourhi=UBTOUI(d128->bytes+12); /* then the high int */
    }
   else {
    sourhi=UBTOUI(d128->bytes	); /* directly load the high int */
    sourmh=UBTOUI(d128->bytes+4 ); /* then the mid-high */
    sourml=UBTOUI(d128->bytes+8 ); /* then the mid-low */
    sourlo=UBTOUI(d128->bytes+12); /* then the low int */
    }
"
local.oob.memfunc.length-misuse.maxcover.v5,local.oob.memfunc.length-misuse.maxcover.v5,warning,low,"CWE-120,CWE-125,CWE-787",/mnt/WorkDrive/SAILR/dataset/19910/binutils_19910_fix/libdecnumber/dpd/decimal32.c,173,3,173,29,High-coverage OOB risk: length/count may be unbounded for memcpy().,,168,178,"    } /* finite */

  if (dn->bits&DECNEG) targ|=0x80000000;  /* add sign bit */

  /* now write to storage; this is endian */
  UBFROMUI(d32->bytes, targ);	   /* directly store the int */

  if (status!=0) decContextSetStatus(set, status); /* pass on status */
  /* decimal32Show(d32); */
  return d32;
  } /* decimal32FromNumber */"
local.oob.memfunc.length-misuse.maxcover.v5,local.oob.memfunc.length-misuse.maxcover.v5,warning,low,"CWE-120,CWE-125,CWE-787",/mnt/WorkDrive/SAILR/dataset/19910/binutils_19910_fix/intl/conftest.c,190,7,190,11,High-coverage OOB risk: length/count may be unbounded for read().,,0,0,
local.oob.memfunc.length-misuse.maxcover.v5,local.oob.memfunc.length-misuse.maxcover.v5,warning,low,"CWE-120,CWE-125,CWE-787",/mnt/WorkDrive/SAILR/dataset/19910/binutils_19910_fix/libdecnumber/dpd/decimal128.c,217,12,217,34,High-coverage OOB risk: length/count may be unbounded for memcpy().,,212,222,"    sourmh=UBTOUI(d128->bytes+8 ); /* then the mid-high */
    sourhi=UBTOUI(d128->bytes+12); /* then the high int */
    }
   else {
    sourhi=UBTOUI(d128->bytes	); /* directly load the high int */
    sourmh=UBTOUI(d128->bytes+4 ); /* then the mid-high */
    sourml=UBTOUI(d128->bytes+8 ); /* then the mid-low */
    sourlo=UBTOUI(d128->bytes+12); /* then the low int */
    }

  comb=(sourhi>>26)&0x1f;	   /* combination field */"
local.oob.memfunc.length-misuse.maxcover.v5,local.oob.memfunc.length-misuse.maxcover.v5,warning,low,"CWE-120,CWE-125,CWE-787",/mnt/WorkDrive/SAILR/dataset/19910/binutils_19910_fix/libdecnumber/dpd/decimal128.c,218,12,218,34,High-coverage OOB risk: length/count may be unbounded for memcpy().,,213,223,"    sourhi=UBTOUI(d128->bytes+12); /* then the high int */
    }
   else {
    sourhi=UBTOUI(d128->bytes	); /* directly load the high int */
    sourmh=UBTOUI(d128->bytes+4 ); /* then the mid-high */
    sourml=UBTOUI(d128->bytes+8 ); /* then the mid-low */
    sourlo=UBTOUI(d128->bytes+12); /* then the low int */
    }

  comb=(sourhi>>26)&0x1f;	   /* combination field */
"
local.oob.memfunc.length-misuse.maxcover.v5,local.oob.memfunc.length-misuse.maxcover.v5,warning,low,"CWE-120,CWE-125,CWE-787",/mnt/WorkDrive/SAILR/dataset/19910/binutils_19910_fix/libdecnumber/dpd/decimal128.c,219,12,219,34,High-coverage OOB risk: length/count may be unbounded for memcpy().,,214,224,"    }
   else {
    sourhi=UBTOUI(d128->bytes	); /* directly load the high int */
    sourmh=UBTOUI(d128->bytes+4 ); /* then the mid-high */
    sourml=UBTOUI(d128->bytes+8 ); /* then the mid-low */
    sourlo=UBTOUI(d128->bytes+12); /* then the low int */
    }

  comb=(sourhi>>26)&0x1f;	   /* combination field */

  decNumberZero(dn);		   /* clean number */"
local.oob.memfunc.length-misuse.maxcover.v5,local.oob.memfunc.length-misuse.maxcover.v5,warning,low,"CWE-120,CWE-125,CWE-787",/mnt/WorkDrive/SAILR/dataset/19910/binutils_19910_fix/libdecnumber/dpd/decimal64.c,476,10,476,16,High-coverage OOB risk: length/count may be unbounded for memcmp().,,471,481,"  decimal64 canon;			/* .. */
  decContext dc;			/* .. */
  decContextDefault(&dc, DEC_INIT_DECIMAL64);
  decimal64ToNumber(d64, &dn);
  decimal64FromNumber(&canon, &dn, &dc);/* canon will now be canonical */
  return memcmp(d64, &canon, DECIMAL64_Bytes)==0;
  } /* decimal64IsCanonical */

/* ------------------------------------------------------------------ */
/* decimal64Canonical -- copy an encoding, ensuring it is canonical   */
/*   d64 is the source decimal64				      */"
local.oob.memfunc.length-misuse.maxcover.v5,local.oob.memfunc.length-misuse.maxcover.v5,warning,low,"CWE-120,CWE-125,CWE-787",/mnt/WorkDrive/SAILR/dataset/19910/binutils_19910_fix/libiberty/concat.c,79,7,79,13,High-coverage OOB risk: length/count may be unbounded for memcpy().,,74,84,"  const char *arg;

  for (arg = first; arg ; arg = va_arg (args, const char *))
    {
      unsigned long length = strlen (arg);
      memcpy (end, arg, length);
      end += length;
    }
  *end = '\000';

  return dst;"
local.oob.memfunc.length-misuse.maxcover.v5,local.oob.memfunc.length-misuse.maxcover.v5,warning,low,"CWE-120,CWE-125,CWE-787",/mnt/WorkDrive/SAILR/dataset/19910/binutils_19910_fix/libdecnumber/dpd/decimal128.c,172,5,172,37,High-coverage OOB risk: length/count may be unbounded for memcpy().,,167,177,"  if (dn->bits&DECNEG) targhi|=0x80000000; /* add sign bit */

  /* now write to storage; this is endian */
  if (DECLITEND) {
    /* lo -> hi */
    UBFROMUI(d128->bytes,    targlo);
    UBFROMUI(d128->bytes+4,  targml);
    UBFROMUI(d128->bytes+8,  targmh);
    UBFROMUI(d128->bytes+12, targhi);
    }
   else {"
local.oob.memfunc.length-misuse.maxcover.v5,local.oob.memfunc.length-misuse.maxcover.v5,warning,low,"CWE-120,CWE-125,CWE-787",/mnt/WorkDrive/SAILR/dataset/19910/binutils_19910_fix/libdecnumber/dpd/decimal128.c,173,5,173,37,High-coverage OOB risk: length/count may be unbounded for memcpy().,,168,178,"
  /* now write to storage; this is endian */
  if (DECLITEND) {
    /* lo -> hi */
    UBFROMUI(d128->bytes,    targlo);
    UBFROMUI(d128->bytes+4,  targml);
    UBFROMUI(d128->bytes+8,  targmh);
    UBFROMUI(d128->bytes+12, targhi);
    }
   else {
    /* hi -> lo */"
local.oob.memfunc.length-misuse.maxcover.v5,local.oob.memfunc.length-misuse.maxcover.v5,warning,low,"CWE-120,CWE-125,CWE-787",/mnt/WorkDrive/SAILR/dataset/19910/binutils_19910_fix/libdecnumber/dpd/decimal128.c,174,5,174,37,High-coverage OOB risk: length/count may be unbounded for memcpy().,,169,179,"  /* now write to storage; this is endian */
  if (DECLITEND) {
    /* lo -> hi */
    UBFROMUI(d128->bytes,    targlo);
    UBFROMUI(d128->bytes+4,  targml);
    UBFROMUI(d128->bytes+8,  targmh);
    UBFROMUI(d128->bytes+12, targhi);
    }
   else {
    /* hi -> lo */
    UBFROMUI(d128->bytes,    targhi);"
local.oob.memfunc.length-misuse.maxcover.v5,local.oob.memfunc.length-misuse.maxcover.v5,warning,low,"CWE-120,CWE-125,CWE-787",/mnt/WorkDrive/SAILR/dataset/19910/binutils_19910_fix/libdecnumber/dpd/decimal128.c,175,5,175,37,High-coverage OOB risk: length/count may be unbounded for memcpy().,,170,180,"  if (DECLITEND) {
    /* lo -> hi */
    UBFROMUI(d128->bytes,    targlo);
    UBFROMUI(d128->bytes+4,  targml);
    UBFROMUI(d128->bytes+8,  targmh);
    UBFROMUI(d128->bytes+12, targhi);
    }
   else {
    /* hi -> lo */
    UBFROMUI(d128->bytes,    targhi);
    UBFROMUI(d128->bytes+4,  targmh);"
local.oob.memfunc.length-misuse.maxcover.v5,local.oob.memfunc.length-misuse.maxcover.v5,warning,low,"CWE-120,CWE-125,CWE-787",/mnt/WorkDrive/SAILR/dataset/19910/binutils_19910_fix/libdecnumber/dpd/decimal128.c,179,5,179,37,High-coverage OOB risk: length/count may be unbounded for memcpy().,,174,184,"    UBFROMUI(d128->bytes+8,  targmh);
    UBFROMUI(d128->bytes+12, targhi);
    }
   else {
    /* hi -> lo */
    UBFROMUI(d128->bytes,    targhi);
    UBFROMUI(d128->bytes+4,  targmh);
    UBFROMUI(d128->bytes+8,  targml);
    UBFROMUI(d128->bytes+12, targlo);
    }
"
local.oob.memfunc.length-misuse.maxcover.v5,local.oob.memfunc.length-misuse.maxcover.v5,warning,low,"CWE-120,CWE-125,CWE-787",/mnt/WorkDrive/SAILR/dataset/19910/binutils_19910_fix/libdecnumber/dpd/decimal128.c,180,5,180,37,High-coverage OOB risk: length/count may be unbounded for memcpy().,,175,185,"    UBFROMUI(d128->bytes+12, targhi);
    }
   else {
    /* hi -> lo */
    UBFROMUI(d128->bytes,    targhi);
    UBFROMUI(d128->bytes+4,  targmh);
    UBFROMUI(d128->bytes+8,  targml);
    UBFROMUI(d128->bytes+12, targlo);
    }

  if (status!=0) decContextSetStatus(set, status); /* pass on status */"
local.oob.memfunc.length-misuse.maxcover.v5,local.oob.memfunc.length-misuse.maxcover.v5,warning,low,"CWE-120,CWE-125,CWE-787",/mnt/WorkDrive/SAILR/dataset/19910/binutils_19910_fix/libdecnumber/dpd/decimal128.c,181,5,181,37,High-coverage OOB risk: length/count may be unbounded for memcpy().,,176,186,"    }
   else {
    /* hi -> lo */
    UBFROMUI(d128->bytes,    targhi);
    UBFROMUI(d128->bytes+4,  targmh);
    UBFROMUI(d128->bytes+8,  targml);
    UBFROMUI(d128->bytes+12, targlo);
    }

  if (status!=0) decContextSetStatus(set, status); /* pass on status */
  /* decimal128Show(d128); */"
local.oob.memfunc.length-misuse.maxcover.v5,local.oob.memfunc.length-misuse.maxcover.v5,warning,low,"CWE-120,CWE-125,CWE-787",/mnt/WorkDrive/SAILR/dataset/19910/binutils_19910_fix/libdecnumber/dpd/decimal128.c,182,5,182,37,High-coverage OOB risk: length/count may be unbounded for memcpy().,,177,187,"   else {
    /* hi -> lo */
    UBFROMUI(d128->bytes,    targhi);
    UBFROMUI(d128->bytes+4,  targmh);
    UBFROMUI(d128->bytes+8,  targml);
    UBFROMUI(d128->bytes+12, targlo);
    }

  if (status!=0) decContextSetStatus(set, status); /* pass on status */
  /* decimal128Show(d128); */
  return d128;"
local.oob.memfunc.length-misuse.maxcover.v5,local.oob.memfunc.length-misuse.maxcover.v5,warning,low,"CWE-120,CWE-125,CWE-787",/mnt/WorkDrive/SAILR/dataset/19910/binutils_19910_fix/libdecnumber/dpd/decimal64.c,317,12,317,32,High-coverage OOB risk: length/count may be unbounded for memcpy().,,312,322,"  #define sourhi sourar[1]	   /* name the word with the sign */
  #define sourlo sourar[0]	   /* and the lower word */

  /* load source from storage; this is endian */
  if (DECLITEND) {
    sourlo=UBTOUI(d64->bytes  );   /* directly load the low int */
    sourhi=UBTOUI(d64->bytes+4);   /* then the high int */
    }
   else {
    sourhi=UBTOUI(d64->bytes  );   /* directly load the high int */
    sourlo=UBTOUI(d64->bytes+4);   /* then the low int */"
local.oob.memfunc.length-misuse.maxcover.v5,local.oob.memfunc.length-misuse.maxcover.v5,warning,low,"CWE-120,CWE-125,CWE-787",/mnt/WorkDrive/SAILR/dataset/19910/binutils_19910_fix/libdecnumber/dpd/decimal64.c,318,12,318,32,High-coverage OOB risk: length/count may be unbounded for memcpy().,,313,323,"  #define sourlo sourar[0]	   /* and the lower word */

  /* load source from storage; this is endian */
  if (DECLITEND) {
    sourlo=UBTOUI(d64->bytes  );   /* directly load the low int */
    sourhi=UBTOUI(d64->bytes+4);   /* then the high int */
    }
   else {
    sourhi=UBTOUI(d64->bytes  );   /* directly load the high int */
    sourlo=UBTOUI(d64->bytes+4);   /* then the low int */
    }"
local.oob.memfunc.length-misuse.maxcover.v5,local.oob.memfunc.length-misuse.maxcover.v5,warning,low,"CWE-120,CWE-125,CWE-787",/mnt/WorkDrive/SAILR/dataset/19910/binutils_19910_fix/libdecnumber/dpd/decimal64.c,321,12,321,32,High-coverage OOB risk: length/count may be unbounded for memcpy().,,316,326,"  if (DECLITEND) {
    sourlo=UBTOUI(d64->bytes  );   /* directly load the low int */
    sourhi=UBTOUI(d64->bytes+4);   /* then the high int */
    }
   else {
    sourhi=UBTOUI(d64->bytes  );   /* directly load the high int */
    sourlo=UBTOUI(d64->bytes+4);   /* then the low int */
    }

  c=string;			   /* where result will go */
  if (((Int)sourhi)<0) *c++='-';   /* handle sign */"
local.oob.memfunc.length-misuse.maxcover.v5,local.oob.memfunc.length-misuse.maxcover.v5,warning,low,"CWE-120,CWE-125,CWE-787",/mnt/WorkDrive/SAILR/dataset/19910/binutils_19910_fix/libdecnumber/dpd/decimal64.c,322,12,322,32,High-coverage OOB risk: length/count may be unbounded for memcpy().,,317,327,"    sourlo=UBTOUI(d64->bytes  );   /* directly load the low int */
    sourhi=UBTOUI(d64->bytes+4);   /* then the high int */
    }
   else {
    sourhi=UBTOUI(d64->bytes  );   /* directly load the high int */
    sourlo=UBTOUI(d64->bytes+4);   /* then the low int */
    }

  c=string;			   /* where result will go */
  if (((Int)sourhi)<0) *c++='-';   /* handle sign */
"
local.oob.memfunc.length-misuse.maxcover.v5,local.oob.memfunc.length-misuse.maxcover.v5,warning,low,"CWE-120,CWE-125,CWE-787",/mnt/WorkDrive/SAILR/dataset/19910/binutils_19910_fix/libdecnumber/dpd/decimal64.c,364,3,364,11,High-coverage OOB risk: length/count may be unbounded for memcpy().,,359,369,"  #define dpd2char u=&BIN2CHAR[DPD2BIN[dpd]*4]; 		  \
		   if (c!=cstart) {memcpy(c, u+1, 4); c+=3;}	  \
		    else if (*u)  {memcpy(c, u+4-*u, 4); c+=*u;}

  dpd=(sourhi>>8)&0x3ff;		     /* declet 1 */
  dpd2char;
  dpd=((sourhi&0xff)<<2) | (sourlo>>30);     /* declet 2 */
  dpd2char;
  dpd=(sourlo>>20)&0x3ff;		     /* declet 3 */
  dpd2char;
  dpd=(sourlo>>10)&0x3ff;		     /* declet 4 */"
local.oob.memfunc.length-misuse.maxcover.v5,local.oob.memfunc.length-misuse.maxcover.v5,warning,low,"CWE-120,CWE-125,CWE-787",/mnt/WorkDrive/SAILR/dataset/19910/binutils_19910_fix/libdecnumber/dpd/decimal64.c,366,3,366,11,High-coverage OOB risk: length/count may be unbounded for memcpy().,,361,371,"		    else if (*u)  {memcpy(c, u+4-*u, 4); c+=*u;}

  dpd=(sourhi>>8)&0x3ff;		     /* declet 1 */
  dpd2char;
  dpd=((sourhi&0xff)<<2) | (sourlo>>30);     /* declet 2 */
  dpd2char;
  dpd=(sourlo>>20)&0x3ff;		     /* declet 3 */
  dpd2char;
  dpd=(sourlo>>10)&0x3ff;		     /* declet 4 */
  dpd2char;
  dpd=(sourlo)&0x3ff;			     /* declet 5 */"
local.oob.memfunc.length-misuse.maxcover.v5,local.oob.memfunc.length-misuse.maxcover.v5,warning,low,"CWE-120,CWE-125,CWE-787",/mnt/WorkDrive/SAILR/dataset/19910/binutils_19910_fix/libdecnumber/dpd/decimal64.c,368,3,368,11,High-coverage OOB risk: length/count may be unbounded for memcpy().,,363,373,"  dpd=(sourhi>>8)&0x3ff;		     /* declet 1 */
  dpd2char;
  dpd=((sourhi&0xff)<<2) | (sourlo>>30);     /* declet 2 */
  dpd2char;
  dpd=(sourlo>>20)&0x3ff;		     /* declet 3 */
  dpd2char;
  dpd=(sourlo>>10)&0x3ff;		     /* declet 4 */
  dpd2char;
  dpd=(sourlo)&0x3ff;			     /* declet 5 */
  dpd2char;
"
local.oob.memfunc.length-misuse.maxcover.v5,local.oob.memfunc.length-misuse.maxcover.v5,warning,low,"CWE-120,CWE-125,CWE-787",/mnt/WorkDrive/SAILR/dataset/19910/binutils_19910_fix/libdecnumber/dpd/decimal64.c,370,3,370,11,High-coverage OOB risk: length/count may be unbounded for memcpy().,,365,375,"  dpd=((sourhi&0xff)<<2) | (sourlo>>30);     /* declet 2 */
  dpd2char;
  dpd=(sourlo>>20)&0x3ff;		     /* declet 3 */
  dpd2char;
  dpd=(sourlo>>10)&0x3ff;		     /* declet 4 */
  dpd2char;
  dpd=(sourlo)&0x3ff;			     /* declet 5 */
  dpd2char;

  if (c==cstart) *c++='0';	   /* all zeros -- make 0 */
"
local.oob.memfunc.length-misuse.maxcover.v5,local.oob.memfunc.length-misuse.maxcover.v5,warning,low,"CWE-120,CWE-125,CWE-787",/mnt/WorkDrive/SAILR/dataset/19910/binutils_19910_fix/libdecnumber/dpd/decimal64.c,372,3,372,11,High-coverage OOB risk: length/count may be unbounded for memcpy().,,367,377,"  dpd=(sourlo>>20)&0x3ff;		     /* declet 3 */
  dpd2char;
  dpd=(sourlo>>10)&0x3ff;		     /* declet 4 */
  dpd2char;
  dpd=(sourlo)&0x3ff;			     /* declet 5 */
  dpd2char;

  if (c==cstart) *c++='0';	   /* all zeros -- make 0 */

  if (exp==0) { 		   /* integer or NaN case -- easy */
    *c='\0';			   /* terminate */"
local.oob.memfunc.length-misuse.maxcover.v5,local.oob.memfunc.length-misuse.maxcover.v5,warning,low,"CWE-120,CWE-125,CWE-787",/mnt/WorkDrive/SAILR/dataset/19910/binutils_19910_fix/libdecnumber/dpd/decimal64.c,411,7,411,13,High-coverage OOB risk: length/count may be unbounded for memcpy().,,406,416,"      if (e<0) {
	*(c-1)='-';		   /* oops, need '-' */
	e=-e;			   /* uInt, please */
	}
      u=&BIN2CHAR[e*4]; 	   /* -> length byte */
      memcpy(c, u+4-*u, 4);	   /* copy fixed 4 characters [is safe] */
      c+=*u;			   /* bump pointer appropriately */
      }
    *c='\0';			   /* add terminator */
    /*printf(""res %s\n"", string); */
    return string;"
local.oob.memfunc.length-misuse.maxcover.v5,local.oob.memfunc.length-misuse.maxcover.v5,warning,low,"CWE-120,CWE-125,CWE-787",/mnt/WorkDrive/SAILR/dataset/19910/binutils_19910_fix/libdecnumber/dpd/decimal64.c,225,12,225,32,High-coverage OOB risk: length/count may be unbounded for memcpy().,,220,230,"  #define sourhi sourar[1]	   /* name the word with the sign */
  #define sourlo sourar[0]	   /* and the lower word */

  /* load source from storage; this is endian */
  if (DECLITEND) {
    sourlo=UBTOUI(d64->bytes  );   /* directly load the low int */
    sourhi=UBTOUI(d64->bytes+4);   /* then the high int */
    }
   else {
    sourhi=UBTOUI(d64->bytes  );   /* directly load the high int */
    sourlo=UBTOUI(d64->bytes+4);   /* then the low int */"
local.oob.memfunc.length-misuse.maxcover.v5,local.oob.memfunc.length-misuse.maxcover.v5,warning,low,"CWE-120,CWE-125,CWE-787",/mnt/WorkDrive/SAILR/dataset/19910/binutils_19910_fix/libdecnumber/dpd/decimal64.c,226,12,226,32,High-coverage OOB risk: length/count may be unbounded for memcpy().,,221,231,"  #define sourlo sourar[0]	   /* and the lower word */

  /* load source from storage; this is endian */
  if (DECLITEND) {
    sourlo=UBTOUI(d64->bytes  );   /* directly load the low int */
    sourhi=UBTOUI(d64->bytes+4);   /* then the high int */
    }
   else {
    sourhi=UBTOUI(d64->bytes  );   /* directly load the high int */
    sourlo=UBTOUI(d64->bytes+4);   /* then the low int */
    }"
local.oob.memfunc.length-misuse.maxcover.v5,local.oob.memfunc.length-misuse.maxcover.v5,warning,low,"CWE-120,CWE-125,CWE-787",/mnt/WorkDrive/SAILR/dataset/19910/binutils_19910_fix/libdecnumber/dpd/decimal64.c,229,12,229,32,High-coverage OOB risk: length/count may be unbounded for memcpy().,,224,234,"  if (DECLITEND) {
    sourlo=UBTOUI(d64->bytes  );   /* directly load the low int */
    sourhi=UBTOUI(d64->bytes+4);   /* then the high int */
    }
   else {
    sourhi=UBTOUI(d64->bytes  );   /* directly load the high int */
    sourlo=UBTOUI(d64->bytes+4);   /* then the low int */
    }

  comb=(sourhi>>26)&0x1f;	   /* combination field */
"
local.oob.memfunc.length-misuse.maxcover.v5,local.oob.memfunc.length-misuse.maxcover.v5,warning,low,"CWE-120,CWE-125,CWE-787",/mnt/WorkDrive/SAILR/dataset/19910/binutils_19910_fix/libdecnumber/dpd/decimal64.c,230,12,230,32,High-coverage OOB risk: length/count may be unbounded for memcpy().,,225,235,"    sourlo=UBTOUI(d64->bytes  );   /* directly load the low int */
    sourhi=UBTOUI(d64->bytes+4);   /* then the high int */
    }
   else {
    sourhi=UBTOUI(d64->bytes  );   /* directly load the high int */
    sourlo=UBTOUI(d64->bytes+4);   /* then the low int */
    }

  comb=(sourhi>>26)&0x1f;	   /* combination field */

  decNumberZero(dn);		   /* clean number */"
local.oob.memfunc.length-misuse.maxcover.v5,local.oob.memfunc.length-misuse.maxcover.v5,warning,low,"CWE-120,CWE-125,CWE-787",/mnt/WorkDrive/SAILR/dataset/19910/binutils_19910_fix/libdecnumber/dpd/decimal64.c,193,5,193,38,High-coverage OOB risk: length/count may be unbounded for memcpy().,,188,198,"  if (dn->bits&DECNEG) targhi|=0x80000000; /* add sign bit */

  /* now write to storage; this is now always endian */
  if (DECLITEND) {
    /* lo int then hi */
    UBFROMUI(d64->bytes,   targar[0]);
    UBFROMUI(d64->bytes+4, targar[1]);
    }
   else {
    /* hi int then lo */
    UBFROMUI(d64->bytes,   targar[1]);"
local.oob.memfunc.length-misuse.maxcover.v5,local.oob.memfunc.length-misuse.maxcover.v5,warning,low,"CWE-120,CWE-125,CWE-787",/mnt/WorkDrive/SAILR/dataset/19910/binutils_19910_fix/libdecnumber/dpd/decimal64.c,194,5,194,38,High-coverage OOB risk: length/count may be unbounded for memcpy().,,189,199,"
  /* now write to storage; this is now always endian */
  if (DECLITEND) {
    /* lo int then hi */
    UBFROMUI(d64->bytes,   targar[0]);
    UBFROMUI(d64->bytes+4, targar[1]);
    }
   else {
    /* hi int then lo */
    UBFROMUI(d64->bytes,   targar[1]);
    UBFROMUI(d64->bytes+4, targar[0]);"
local.oob.memfunc.length-misuse.maxcover.v5,local.oob.memfunc.length-misuse.maxcover.v5,warning,low,"CWE-120,CWE-125,CWE-787",/mnt/WorkDrive/SAILR/dataset/19910/binutils_19910_fix/libdecnumber/dpd/decimal64.c,198,5,198,38,High-coverage OOB risk: length/count may be unbounded for memcpy().,,193,203,"    UBFROMUI(d64->bytes,   targar[0]);
    UBFROMUI(d64->bytes+4, targar[1]);
    }
   else {
    /* hi int then lo */
    UBFROMUI(d64->bytes,   targar[1]);
    UBFROMUI(d64->bytes+4, targar[0]);
    }

  if (status!=0) decContextSetStatus(set, status); /* pass on status */
  /* decimal64Show(d64); */"
local.oob.memfunc.length-misuse.maxcover.v5,local.oob.memfunc.length-misuse.maxcover.v5,warning,low,"CWE-120,CWE-125,CWE-787",/mnt/WorkDrive/SAILR/dataset/19910/binutils_19910_fix/libdecnumber/dpd/decimal64.c,199,5,199,38,High-coverage OOB risk: length/count may be unbounded for memcpy().,,194,204,"    UBFROMUI(d64->bytes+4, targar[1]);
    }
   else {
    /* hi int then lo */
    UBFROMUI(d64->bytes,   targar[1]);
    UBFROMUI(d64->bytes+4, targar[0]);
    }

  if (status!=0) decContextSetStatus(set, status); /* pass on status */
  /* decimal64Show(d64); */
  return d64;"
local.oob.memfunc.length-misuse.maxcover.v5,local.oob.memfunc.length-misuse.maxcover.v5,warning,low,"CWE-120,CWE-125,CWE-787",/mnt/WorkDrive/SAILR/dataset/19910/binutils_19910_fix/libiberty/conftest.c,312,7,312,11,High-coverage OOB risk: length/count may be unbounded for read().,,0,0,
local.oob.memfunc.length-misuse.maxcover.v5,local.oob.memfunc.length-misuse.maxcover.v5,warning,low,"CWE-120,CWE-125,CWE-787",/mnt/WorkDrive/SAILR/dataset/19910/binutils_19910_fix/libiberty/conftest.c,208,7,208,14,High-coverage OOB risk: length/count may be unbounded for strncmp().,,0,0,
local.oob.memfunc.length-misuse.maxcover.v5,local.oob.memfunc.length-misuse.maxcover.v5,warning,low,"CWE-120,CWE-125,CWE-787",/mnt/WorkDrive/SAILR/dataset/19910/binutils_19910_fix/libdecnumber/bid/host-ieee64.c,51,3,51,9,High-coverage OOB risk: length/count may be unbounded for memcpy().,,46,52,"}

void
__ieee_to_host_64 (decimal64 in, _Decimal64 *out)
{
  memcpy ((char *) out, (char *) &in, 8);
}"
local.oob.memfunc.length-misuse.maxcover.v5,local.oob.memfunc.length-misuse.maxcover.v5,warning,low,"CWE-120,CWE-125,CWE-787",/mnt/WorkDrive/SAILR/dataset/19910/binutils_19910_fix/libiberty/d-demangle.c,1636,7,1636,14,High-coverage OOB risk: length/count may be unbounded for strncmp().,,1631,1641,"  char *demangled = NULL;

  if (mangled == NULL || *mangled == '\0')
    return NULL;

  if (strncmp (mangled, ""_D"", 2) != 0)
    return NULL;

  string_init (&decl);

  if (strcmp (mangled, ""_Dmain"") == 0)"
local.oob.memfunc.length-misuse.maxcover.v5,local.oob.memfunc.length-misuse.maxcover.v5,warning,low,"CWE-120,CWE-125,CWE-787",/mnt/WorkDrive/SAILR/dataset/19910/binutils_19910_fix/libdecnumber/bid/host-ieee64.c,45,3,45,9,High-coverage OOB risk: length/count may be unbounded for memcpy().,,40,50,"void __ieee_to_host_64 (decimal64 in, _Decimal64 *out);

void
__host_to_ieee_64 (_Decimal64 in, decimal64 *out)
{
  memcpy ((char *) out, (char *) &in, 8);
}

void
__ieee_to_host_64 (decimal64 in, _Decimal64 *out)
{"
local.oob.memfunc.length-misuse.maxcover.v5,local.oob.memfunc.length-misuse.maxcover.v5,warning,low,"CWE-120,CWE-125,CWE-787",/mnt/WorkDrive/SAILR/dataset/19910/binutils_19910_fix/libiberty/dyn-string.c,280,3,280,10,High-coverage OOB risk: length/count may be unbounded for strncpy().,,275,285,"    return 0;
  /* Make room for the insertion.  Be sure to copy the NUL.  */
  for (i = dest->length; i >= pos; --i)
    dest->s[i + length] = dest->s[i];
  /* Splice in the new stuff.  */
  strncpy (dest->s + pos, src, length);
  /* Compute the new length.  */
  dest->length += length;
  return 1;
}
"
local.oob.memfunc.length-misuse.maxcover.v5,local.oob.memfunc.length-misuse.maxcover.v5,warning,low,"CWE-120,CWE-125,CWE-787",/mnt/WorkDrive/SAILR/dataset/19910/binutils_19910_fix/libiberty/dyn-string.c,257,3,257,10,High-coverage OOB risk: length/count may be unbounded for strncpy().,,252,262,"    return 0;
  /* Make room for the insertion.  Be sure to copy the NUL.  */
  for (i = dest->length; i >= pos; --i)
    dest->s[i + src->length] = dest->s[i];
  /* Splice in the new stuff.  */
  strncpy (dest->s + pos, src->s, src->length);
  /* Compute the new length.  */
  dest->length += src->length;
  return 1;
}
"
local.oob.memfunc.length-misuse.maxcover.v5,local.oob.memfunc.length-misuse.maxcover.v5,warning,low,"CWE-120,CWE-125,CWE-787",/mnt/WorkDrive/SAILR/dataset/19910/binutils_19910_fix/libiberty/fibheap.c,368,3,368,9,High-coverage OOB risk: length/count may be unbounded for memset().,,363,373,"  int i;
  int d;
  int D;

  D = 1 + 8 * sizeof (long);

  memset (a, 0, sizeof (fibnode_t) * D);

  while ((w = heap->root) != NULL)
    {
      x = w;"
local.oob.memfunc.length-misuse.maxcover.v5,local.oob.memfunc.length-misuse.maxcover.v5,warning,low,"CWE-120,CWE-125,CWE-787",/mnt/WorkDrive/SAILR/dataset/19910/binutils_19910_fix/libiberty/filename_cmp.c,118,10,118,17,High-coverage OOB risk: length/count may be unbounded for strncmp().,,113,123,"int
filename_ncmp (const char *s1, const char *s2, size_t n)
{
#if !defined(HAVE_DOS_BASED_FILE_SYSTEM) \
    && !defined(HAVE_CASE_INSENSITIVE_FILE_SYSTEM)
  return strncmp(s1, s2, n);
#else
  if (!n)
    return 0;
  for (; n > 0; --n)
  {"
local.oob.memfunc.length-misuse.maxcover.v5,local.oob.memfunc.length-misuse.maxcover.v5,warning,low,"CWE-120,CWE-125,CWE-787",/mnt/WorkDrive/SAILR/dataset/19910/binutils_19910_fix/libiberty/floatformat.c,614,3,614,9,High-coverage OOB risk: length/count may be unbounded for memset().,,609,619,"  int exponent;
  double mant;
  unsigned int mant_bits, mant_off;
  int mant_bits_left;
  unsigned char *uto = (unsigned char *) to;

  dfrom = *from;
  memset (uto, 0, fmt->totalsize / FLOATFORMAT_CHAR_BIT);

  /* Split values are not handled specially, since a bottom half of
     zero is correct for any value representable as double (in the"
local.oob.memfunc.length-misuse.maxcover.v5,local.oob.memfunc.length-misuse.maxcover.v5,warning,low,"CWE-120,CWE-125,CWE-787",/mnt/WorkDrive/SAILR/dataset/19910/binutils_19910_fix/libiberty/cp-demangle.c,6263,12,6263,19,High-coverage OOB risk: length/count may be unbounded for strncmp().,,6258,6268,"  struct demangle_component *dc;
  int status;

  if (mangled[0] == '_' && mangled[1] == 'Z')
    type = DCT_MANGLED;
  else if (strncmp (mangled, ""_GLOBAL_"", 8) == 0
	   && (mangled[8] == '.' || mangled[8] == '_' || mangled[8] == '$')
	   && (mangled[9] == 'D' || mangled[9] == 'I')
	   && mangled[10] == '_')
    type = mangled[9] == 'I' ? DCT_GLOBAL_CTORS : DCT_GLOBAL_DTORS;
  else"
local.oob.memfunc.length-misuse.maxcover.v5,local.oob.memfunc.length-misuse.maxcover.v5,warning,low,"CWE-120,CWE-125,CWE-787",/mnt/WorkDrive/SAILR/dataset/19910/binutils_19910_fix/libiberty/d-demangle.c,1051,7,1051,14,High-coverage OOB risk: length/count may be unbounded for strncmp().,,1046,1056,"   Return the remaining string on success or NULL on failure.  */
static const char *
dlang_parse_real (string *decl, const char *mangled)
{
  /* Handle NAN and +-INF.  */
  if (strncmp (mangled, ""NAN"", 3) == 0)
    {
      string_append (decl, ""NaN"");
      mangled += 3;
      return mangled;
    }"
local.oob.memfunc.length-misuse.maxcover.v5,local.oob.memfunc.length-misuse.maxcover.v5,warning,low,"CWE-120,CWE-125,CWE-787",/mnt/WorkDrive/SAILR/dataset/19910/binutils_19910_fix/libiberty/d-demangle.c,1057,12,1057,19,High-coverage OOB risk: length/count may be unbounded for strncmp().,,1052,1062,"    {
      string_append (decl, ""NaN"");
      mangled += 3;
      return mangled;
    }
  else if (strncmp (mangled, ""INF"", 3) == 0)
    {
      string_append (decl, ""Inf"");
      mangled += 3;
      return mangled;
    }"
local.oob.memfunc.length-misuse.maxcover.v5,local.oob.memfunc.length-misuse.maxcover.v5,warning,low,"CWE-120,CWE-125,CWE-787",/mnt/WorkDrive/SAILR/dataset/19910/binutils_19910_fix/libiberty/d-demangle.c,1063,12,1063,19,High-coverage OOB risk: length/count may be unbounded for strncmp().,,1058,1068,"    {
      string_append (decl, ""Inf"");
      mangled += 3;
      return mangled;
    }
  else if (strncmp (mangled, ""NINF"", 4) == 0)
    {
      string_append (decl, ""-Inf"");
      mangled += 4;
      return mangled;
    }"
local.oob.memfunc.length-misuse.maxcover.v5,local.oob.memfunc.length-misuse.maxcover.v5,warning,low,"CWE-120,CWE-125,CWE-787",/mnt/WorkDrive/SAILR/dataset/19910/binutils_19910_fix/libiberty/d-demangle.c,821,13,821,20,High-coverage OOB risk: length/count may be unbounded for strncmp().,,816,826,"	  /* Check whether template parameter is a function with a valid
	     return type or an untyped identifier.  */
	  if (ISDIGIT (*mangled))
	    mangled = dlang_parse_qualified (decl, mangled,
					     dlang_template_ident);
	  else if (strncmp (mangled, ""_D"", 2) == 0)
	    mangled = dlang_parse_mangle (decl, mangled, dlang_function);

	  /* Check for name length mismatch.  */
	  if (mangled && (mangled - pend) == psize)
	    return mangled;"
local.oob.memfunc.length-misuse.maxcover.v5,local.oob.memfunc.length-misuse.maxcover.v5,warning,low,"CWE-120,CWE-125,CWE-787",/mnt/WorkDrive/SAILR/dataset/19910/binutils_19910_fix/libiberty/d-demangle.c,850,8,850,15,High-coverage OOB risk: length/count may be unbounded for strncmp().,,845,855,"	return dlang_parse_template (decl, mangled, len);

      switch (len)
	{
	case 6:
	  if (strncmp (mangled, ""__ctor"", len) == 0)
	    {
	      /* Constructor symbol for a class/struct.  */
	      string_append (decl, ""this"");
	      mangled += len;
	      return mangled;"
local.oob.memfunc.length-misuse.maxcover.v5,local.oob.memfunc.length-misuse.maxcover.v5,warning,low,"CWE-120,CWE-125,CWE-787",/mnt/WorkDrive/SAILR/dataset/19910/binutils_19910_fix/libiberty/d-demangle.c,857,13,857,20,High-coverage OOB risk: length/count may be unbounded for strncmp().,,852,862,"	      /* Constructor symbol for a class/struct.  */
	      string_append (decl, ""this"");
	      mangled += len;
	      return mangled;
	    }
	  else if (strncmp (mangled, ""__dtor"", len) == 0)
	    {
	      /* Destructor symbol for a class/struct.  */
	      string_append (decl, ""~this"");
	      mangled += len;
	      return mangled;"
local.oob.memfunc.length-misuse.maxcover.v5,local.oob.memfunc.length-misuse.maxcover.v5,warning,low,"CWE-120,CWE-125,CWE-787",/mnt/WorkDrive/SAILR/dataset/19910/binutils_19910_fix/libiberty/d-demangle.c,864,13,864,20,High-coverage OOB risk: length/count may be unbounded for strncmp().,,859,869,"	      /* Destructor symbol for a class/struct.  */
	      string_append (decl, ""~this"");
	      mangled += len;
	      return mangled;
	    }
	  else if (strncmp (mangled, ""__initZ"", len+1) == 0)
	    {
	      /* The static initialiser for a given symbol.  */
	      string_prepend (decl, ""initializer for "");
	      string_setlength (decl, string_length (decl) - 1);
	      mangled += len;"
local.oob.memfunc.length-misuse.maxcover.v5,local.oob.memfunc.length-misuse.maxcover.v5,warning,low,"CWE-120,CWE-125,CWE-787",/mnt/WorkDrive/SAILR/dataset/19910/binutils_19910_fix/libiberty/d-demangle.c,872,13,872,20,High-coverage OOB risk: length/count may be unbounded for strncmp().,,867,877,"	      string_prepend (decl, ""initializer for "");
	      string_setlength (decl, string_length (decl) - 1);
	      mangled += len;
	      return mangled;
	    }
	  else if (strncmp (mangled, ""__vtblZ"", len+1) == 0)
	    {
	      /* The vtable symbol for a given class.  */
	      string_prepend (decl, ""vtable for "");
	      string_setlength (decl, string_length (decl) - 1);
	      mangled += len;"
local.oob.memfunc.length-misuse.maxcover.v5,local.oob.memfunc.length-misuse.maxcover.v5,warning,low,"CWE-120,CWE-125,CWE-787",/mnt/WorkDrive/SAILR/dataset/19910/binutils_19910_fix/libiberty/d-demangle.c,883,8,883,15,High-coverage OOB risk: length/count may be unbounded for strncmp().,,878,888,"	      return mangled;
	    }
	  break;

	case 7:
	  if (strncmp (mangled, ""__ClassZ"", len+1) == 0)
	    {
	      /* The classinfo symbol for a given class.  */
	      string_prepend (decl, ""ClassInfo for "");
	      string_setlength (decl, string_length (decl) - 1);
	      mangled += len;"
local.oob.memfunc.length-misuse.maxcover.v5,local.oob.memfunc.length-misuse.maxcover.v5,warning,low,"CWE-120,CWE-125,CWE-787",/mnt/WorkDrive/SAILR/dataset/19910/binutils_19910_fix/libiberty/d-demangle.c,894,8,894,15,High-coverage OOB risk: length/count may be unbounded for strncmp().,,889,899,"	      return mangled;
	    }
	  break;

	case 10:
	  if (strncmp (mangled, ""__postblitMFZ"", len+3) == 0)
	    {
	      /* Postblit symbol for a struct.  */
	      string_append (decl, ""this(this)"");
	      mangled += len + 3;
	      return mangled;"
local.oob.memfunc.length-misuse.maxcover.v5,local.oob.memfunc.length-misuse.maxcover.v5,warning,low,"CWE-120,CWE-125,CWE-787",/mnt/WorkDrive/SAILR/dataset/19910/binutils_19910_fix/libiberty/d-demangle.c,904,8,904,15,High-coverage OOB risk: length/count may be unbounded for strncmp().,,899,909,"	      return mangled;
	    }
	  break;

	case 11:
	  if (strncmp (mangled, ""__InterfaceZ"", len+1) == 0)
	    {
	      /* The interface symbol for a given class.  */
	      string_prepend (decl, ""Interface for "");
	      string_setlength (decl, string_length (decl) - 1);
	      mangled += len;"
local.oob.memfunc.length-misuse.maxcover.v5,local.oob.memfunc.length-misuse.maxcover.v5,warning,low,"CWE-120,CWE-125,CWE-787",/mnt/WorkDrive/SAILR/dataset/19910/binutils_19910_fix/libiberty/d-demangle.c,915,8,915,15,High-coverage OOB risk: length/count may be unbounded for strncmp().,,910,920,"	      return mangled;
	    }
	  break;

	case 12:
	  if (strncmp (mangled, ""__ModuleInfoZ"", len+1) == 0)
	    {
	      /* The ModuleInfo symbol for a given module.  */
	      string_prepend (decl, ""ModuleInfo for "");
	      string_setlength (decl, string_length (decl) - 1);
	      mangled += len;"
local.oob.memfunc.length-misuse.maxcover.v5,local.oob.memfunc.length-misuse.maxcover.v5,warning,low,"CWE-120,CWE-125,CWE-787",/mnt/WorkDrive/SAILR/dataset/19910/binutils_19910_fix/libiberty/make-relative-prefix.c,277,9,277,15,High-coverage OOB risk: length/count may be unbounded for memcpy().,,272,282,"		      nstore[1] = DIR_SEPARATOR;
		      nstore[2] = '\0';
		    }
		  else
		    {
		      memcpy (nstore, startp, endp - startp);
		      if (! IS_DIR_SEPARATOR (endp[-1]))
			{
			  nstore[endp - startp] = DIR_SEPARATOR;
			  nstore[endp - startp + 1] = 0;
			}"
local.oob.memfunc.length-misuse.maxcover.v5,local.oob.memfunc.length-misuse.maxcover.v5,warning,low,"CWE-120,CWE-125,CWE-787",/mnt/WorkDrive/SAILR/dataset/19910/binutils_19910_fix/libiberty/partition.c,150,3,150,9,High-coverage OOB risk: length/count may be unbounded for memset().,,145,155,"  int *class_elements;
  int e;

  /* Flag the elements we've already printed.  */
  done = (char *) xmalloc (num_elements);
  memset (done, 0, num_elements);

  /* A buffer used to sort elements in a class.  */
  class_elements = (int *) xmalloc (num_elements * sizeof (int));

  fputc ('[', fp);"
local.oob.memfunc.length-misuse.maxcover.v5,local.oob.memfunc.length-misuse.maxcover.v5,warning,low,"CWE-120,CWE-125,CWE-787",/mnt/WorkDrive/SAILR/dataset/19910/binutils_19910_fix/libiberty/make-relative-prefix.c,110,3,110,9,High-coverage OOB risk: length/count may be unbounded for memcpy().,,105,115,"static char *
save_string (const char *s, int len)
{
  char *result = (char *) malloc (len + 1);

  memcpy (result, s, len);
  result[len] = 0;
  return result;
}

/* Split a filename into component directories.  */"
local.oob.memfunc.length-misuse.maxcover.v5,local.oob.memfunc.length-misuse.maxcover.v5,warning,low,"CWE-120,CWE-125,CWE-787",/mnt/WorkDrive/SAILR/dataset/19910/binutils_19910_fix/libiberty/hashtab.c,468,5,468,11,High-coverage OOB risk: length/count may be unbounded for memset().,,463,473,"	htab->entries = (PTR *) (*htab->alloc_f) (nsize, sizeof (PTR *));
     htab->size = nsize;
     htab->size_prime_index = nindex;
    }
  else
    memset (entries, 0, size * sizeof (PTR));
  htab->n_deleted = 0;
  htab->n_elements = 0;
}

/* Similar to htab_find_slot, but without several unwanted side effects:"
local.oob.memfunc.length-misuse.maxcover.v5,local.oob.memfunc.length-misuse.maxcover.v5,warning,low,"CWE-120,CWE-125,CWE-787",/mnt/WorkDrive/SAILR/dataset/19910/binutils_19910_fix/libiberty/rust-demangle.c,340,7,340,14,High-coverage OOB risk: length/count may be unbounded for strncmp().,,335,345,"static int
unescape (const char **in, char **out, const char *seq, char value)
{
  size_t len = strlen (seq);

  if (strncmp (*in, seq, len))
    return 0;

  **out = value;

  *in += len;"
local.oob.memfunc.length-misuse.maxcover.v5,local.oob.memfunc.length-misuse.maxcover.v5,warning,low,"CWE-120,CWE-125,CWE-787",/mnt/WorkDrive/SAILR/dataset/19910/binutils_19910_fix/libiberty/cp-demangle.c,4851,16,4851,23,High-coverage OOB risk: length/count may be unbounded for strncmp().,,4846,4856,"        dcl = d_left (dc);

        if ((options & DMGL_JAVA) != 0
            && dcl->type == DEMANGLE_COMPONENT_NAME
            && dcl->u.s_name.len == 6
            && strncmp (dcl->u.s_name.s, ""JArray"", 6) == 0)
          {
            /* Special-case Java arrays, so that JArray<TYPE> appears
               instead as TYPE[].  */

            d_print_comp (dpi, options, d_right (dc));"
local.oob.memfunc.length-misuse.maxcover.v5,local.oob.memfunc.length-misuse.maxcover.v5,warning,low,"CWE-120,CWE-125,CWE-787",/mnt/WorkDrive/SAILR/dataset/19910/binutils_19910_fix/libiberty/cplus-dem.c,239,7,239,14,High-coverage OOB risk: length/count may be unbounded for strncmp().,,234,244,"  const char* p;
  char *d;
  char *demangled = NULL;
  
  /* Discard leading _ada_, which is used for library level subprograms.  */
  if (strncmp (mangled, ""_ada_"", 5) == 0)
    mangled += 5;

  /* All ada unit names are lower-case.  */
  if (!ISLOWER (mangled[0]))
    goto unknown;"
local.oob.memfunc.length-misuse.maxcover.v5,local.oob.memfunc.length-misuse.maxcover.v5,warning,low,"CWE-120,CWE-125,CWE-787",/mnt/WorkDrive/SAILR/dataset/19910/binutils_19910_fix/libiberty/rust-demangle.c,185,7,185,14,High-coverage OOB risk: length/count may be unbounded for strncmp().,,180,190,"
  while (str < end)
    switch (*str)
      {
      case '$':
	if (!strncmp (str, ""$C$"", 3))
	  str += 3;
	else if (!strncmp (str, ""$SP$"", 4)
		 || !strncmp (str, ""$BP$"", 4)
		 || !strncmp (str, ""$RF$"", 4)
		 || !strncmp (str, ""$LT$"", 4)"
local.oob.memfunc.length-misuse.maxcover.v5,local.oob.memfunc.length-misuse.maxcover.v5,warning,low,"CWE-120,CWE-125,CWE-787",/mnt/WorkDrive/SAILR/dataset/19910/binutils_19910_fix/libiberty/d-demangle.c,149,7,149,13,High-coverage OOB risk: length/count may be unbounded for memcpy().,,144,154,"      string_need (p, n);
      for (q = p->p - 1; q >= p->b; q--)
	{
	  q[n] = q[0];
	}
      memcpy (p->b, s, n);
      p->p += n;
    }
}

static void"
local.oob.memfunc.length-misuse.maxcover.v5,local.oob.memfunc.length-misuse.maxcover.v5,warning,low,"CWE-120,CWE-125,CWE-787",/mnt/WorkDrive/SAILR/dataset/19910/binutils_19910_fix/libiberty/rust-demangle.c,187,12,187,19,High-coverage OOB risk: length/count may be unbounded for strncmp().,,182,192,"    switch (*str)
      {
      case '$':
	if (!strncmp (str, ""$C$"", 3))
	  str += 3;
	else if (!strncmp (str, ""$SP$"", 4)
		 || !strncmp (str, ""$BP$"", 4)
		 || !strncmp (str, ""$RF$"", 4)
		 || !strncmp (str, ""$LT$"", 4)
		 || !strncmp (str, ""$GT$"", 4)
		 || !strncmp (str, ""$LP$"", 4)"
local.oob.memfunc.length-misuse.maxcover.v5,local.oob.memfunc.length-misuse.maxcover.v5,warning,low,"CWE-120,CWE-125,CWE-787",/mnt/WorkDrive/SAILR/dataset/19910/binutils_19910_fix/libiberty/rust-demangle.c,188,8,188,15,High-coverage OOB risk: length/count may be unbounded for strncmp().,,183,193,"      {
      case '$':
	if (!strncmp (str, ""$C$"", 3))
	  str += 3;
	else if (!strncmp (str, ""$SP$"", 4)
		 || !strncmp (str, ""$BP$"", 4)
		 || !strncmp (str, ""$RF$"", 4)
		 || !strncmp (str, ""$LT$"", 4)
		 || !strncmp (str, ""$GT$"", 4)
		 || !strncmp (str, ""$LP$"", 4)
		 || !strncmp (str, ""$RP$"", 4))"
local.oob.memfunc.length-misuse.maxcover.v5,local.oob.memfunc.length-misuse.maxcover.v5,warning,low,"CWE-120,CWE-125,CWE-787",/mnt/WorkDrive/SAILR/dataset/19910/binutils_19910_fix/libiberty/rust-demangle.c,189,8,189,15,High-coverage OOB risk: length/count may be unbounded for strncmp().,,184,194,"      case '$':
	if (!strncmp (str, ""$C$"", 3))
	  str += 3;
	else if (!strncmp (str, ""$SP$"", 4)
		 || !strncmp (str, ""$BP$"", 4)
		 || !strncmp (str, ""$RF$"", 4)
		 || !strncmp (str, ""$LT$"", 4)
		 || !strncmp (str, ""$GT$"", 4)
		 || !strncmp (str, ""$LP$"", 4)
		 || !strncmp (str, ""$RP$"", 4))
	  str += 4;"
local.oob.memfunc.length-misuse.maxcover.v5,local.oob.memfunc.length-misuse.maxcover.v5,warning,low,"CWE-120,CWE-125,CWE-787",/mnt/WorkDrive/SAILR/dataset/19910/binutils_19910_fix/libiberty/rust-demangle.c,190,8,190,15,High-coverage OOB risk: length/count may be unbounded for strncmp().,,185,195,"	if (!strncmp (str, ""$C$"", 3))
	  str += 3;
	else if (!strncmp (str, ""$SP$"", 4)
		 || !strncmp (str, ""$BP$"", 4)
		 || !strncmp (str, ""$RF$"", 4)
		 || !strncmp (str, ""$LT$"", 4)
		 || !strncmp (str, ""$GT$"", 4)
		 || !strncmp (str, ""$LP$"", 4)
		 || !strncmp (str, ""$RP$"", 4))
	  str += 4;
	else if (!strncmp (str, ""$u20$"", 5)"
local.oob.memfunc.length-misuse.maxcover.v5,local.oob.memfunc.length-misuse.maxcover.v5,warning,low,"CWE-120,CWE-125,CWE-787",/mnt/WorkDrive/SAILR/dataset/19910/binutils_19910_fix/libiberty/rust-demangle.c,191,8,191,15,High-coverage OOB risk: length/count may be unbounded for strncmp().,,186,196,"	  str += 3;
	else if (!strncmp (str, ""$SP$"", 4)
		 || !strncmp (str, ""$BP$"", 4)
		 || !strncmp (str, ""$RF$"", 4)
		 || !strncmp (str, ""$LT$"", 4)
		 || !strncmp (str, ""$GT$"", 4)
		 || !strncmp (str, ""$LP$"", 4)
		 || !strncmp (str, ""$RP$"", 4))
	  str += 4;
	else if (!strncmp (str, ""$u20$"", 5)
		 || !strncmp (str, ""$u22$"", 5)"
local.oob.memfunc.length-misuse.maxcover.v5,local.oob.memfunc.length-misuse.maxcover.v5,warning,low,"CWE-120,CWE-125,CWE-787",/mnt/WorkDrive/SAILR/dataset/19910/binutils_19910_fix/libiberty/rust-demangle.c,192,8,192,15,High-coverage OOB risk: length/count may be unbounded for strncmp().,,187,197,"	else if (!strncmp (str, ""$SP$"", 4)
		 || !strncmp (str, ""$BP$"", 4)
		 || !strncmp (str, ""$RF$"", 4)
		 || !strncmp (str, ""$LT$"", 4)
		 || !strncmp (str, ""$GT$"", 4)
		 || !strncmp (str, ""$LP$"", 4)
		 || !strncmp (str, ""$RP$"", 4))
	  str += 4;
	else if (!strncmp (str, ""$u20$"", 5)
		 || !strncmp (str, ""$u22$"", 5)
		 || !strncmp (str, ""$u27$"", 5)"
local.oob.memfunc.length-misuse.maxcover.v5,local.oob.memfunc.length-misuse.maxcover.v5,warning,low,"CWE-120,CWE-125,CWE-787",/mnt/WorkDrive/SAILR/dataset/19910/binutils_19910_fix/libiberty/rust-demangle.c,193,8,193,15,High-coverage OOB risk: length/count may be unbounded for strncmp().,,188,198,"		 || !strncmp (str, ""$BP$"", 4)
		 || !strncmp (str, ""$RF$"", 4)
		 || !strncmp (str, ""$LT$"", 4)
		 || !strncmp (str, ""$GT$"", 4)
		 || !strncmp (str, ""$LP$"", 4)
		 || !strncmp (str, ""$RP$"", 4))
	  str += 4;
	else if (!strncmp (str, ""$u20$"", 5)
		 || !strncmp (str, ""$u22$"", 5)
		 || !strncmp (str, ""$u27$"", 5)
		 || !strncmp (str, ""$u2b$"", 5)"
local.oob.memfunc.length-misuse.maxcover.v5,local.oob.memfunc.length-misuse.maxcover.v5,warning,low,"CWE-120,CWE-125,CWE-787",/mnt/WorkDrive/SAILR/dataset/19910/binutils_19910_fix/libiberty/rust-demangle.c,195,12,195,19,High-coverage OOB risk: length/count may be unbounded for strncmp().,,190,200,"		 || !strncmp (str, ""$LT$"", 4)
		 || !strncmp (str, ""$GT$"", 4)
		 || !strncmp (str, ""$LP$"", 4)
		 || !strncmp (str, ""$RP$"", 4))
	  str += 4;
	else if (!strncmp (str, ""$u20$"", 5)
		 || !strncmp (str, ""$u22$"", 5)
		 || !strncmp (str, ""$u27$"", 5)
		 || !strncmp (str, ""$u2b$"", 5)
		 || !strncmp (str, ""$u3b$"", 5)
		 || !strncmp (str, ""$u5b$"", 5)"
local.oob.memfunc.length-misuse.maxcover.v5,local.oob.memfunc.length-misuse.maxcover.v5,warning,low,"CWE-120,CWE-125,CWE-787",/mnt/WorkDrive/SAILR/dataset/19910/binutils_19910_fix/libiberty/rust-demangle.c,196,8,196,15,High-coverage OOB risk: length/count may be unbounded for strncmp().,,191,201,"		 || !strncmp (str, ""$GT$"", 4)
		 || !strncmp (str, ""$LP$"", 4)
		 || !strncmp (str, ""$RP$"", 4))
	  str += 4;
	else if (!strncmp (str, ""$u20$"", 5)
		 || !strncmp (str, ""$u22$"", 5)
		 || !strncmp (str, ""$u27$"", 5)
		 || !strncmp (str, ""$u2b$"", 5)
		 || !strncmp (str, ""$u3b$"", 5)
		 || !strncmp (str, ""$u5b$"", 5)
		 || !strncmp (str, ""$u5d$"", 5)"
local.oob.memfunc.length-misuse.maxcover.v5,local.oob.memfunc.length-misuse.maxcover.v5,warning,low,"CWE-120,CWE-125,CWE-787",/mnt/WorkDrive/SAILR/dataset/19910/binutils_19910_fix/libiberty/d-demangle.c,132,7,132,13,High-coverage OOB risk: length/count may be unbounded for memcpy().,,127,137,"string_appendn (string *p, const char *s, int n)
{
  if (n != 0)
    {
      string_need (p, n);
      memcpy (p->p, s, n);
      p->p += n;
    }
}

static void"
local.oob.memfunc.length-misuse.maxcover.v5,local.oob.memfunc.length-misuse.maxcover.v5,warning,low,"CWE-120,CWE-125,CWE-787",/mnt/WorkDrive/SAILR/dataset/19910/binutils_19910_fix/libiberty/rust-demangle.c,197,8,197,15,High-coverage OOB risk: length/count may be unbounded for strncmp().,,192,202,"		 || !strncmp (str, ""$LP$"", 4)
		 || !strncmp (str, ""$RP$"", 4))
	  str += 4;
	else if (!strncmp (str, ""$u20$"", 5)
		 || !strncmp (str, ""$u22$"", 5)
		 || !strncmp (str, ""$u27$"", 5)
		 || !strncmp (str, ""$u2b$"", 5)
		 || !strncmp (str, ""$u3b$"", 5)
		 || !strncmp (str, ""$u5b$"", 5)
		 || !strncmp (str, ""$u5d$"", 5)
		 || !strncmp (str, ""$u7b$"", 5)"
local.oob.memfunc.length-misuse.maxcover.v5,local.oob.memfunc.length-misuse.maxcover.v5,warning,low,"CWE-120,CWE-125,CWE-787",/mnt/WorkDrive/SAILR/dataset/19910/binutils_19910_fix/libiberty/rust-demangle.c,198,8,198,15,High-coverage OOB risk: length/count may be unbounded for strncmp().,,193,203,"		 || !strncmp (str, ""$RP$"", 4))
	  str += 4;
	else if (!strncmp (str, ""$u20$"", 5)
		 || !strncmp (str, ""$u22$"", 5)
		 || !strncmp (str, ""$u27$"", 5)
		 || !strncmp (str, ""$u2b$"", 5)
		 || !strncmp (str, ""$u3b$"", 5)
		 || !strncmp (str, ""$u5b$"", 5)
		 || !strncmp (str, ""$u5d$"", 5)
		 || !strncmp (str, ""$u7b$"", 5)
		 || !strncmp (str, ""$u7d$"", 5)"
local.oob.memfunc.length-misuse.maxcover.v5,local.oob.memfunc.length-misuse.maxcover.v5,warning,low,"CWE-120,CWE-125,CWE-787",/mnt/WorkDrive/SAILR/dataset/19910/binutils_19910_fix/libiberty/rust-demangle.c,199,8,199,15,High-coverage OOB risk: length/count may be unbounded for strncmp().,,194,204,"	  str += 4;
	else if (!strncmp (str, ""$u20$"", 5)
		 || !strncmp (str, ""$u22$"", 5)
		 || !strncmp (str, ""$u27$"", 5)
		 || !strncmp (str, ""$u2b$"", 5)
		 || !strncmp (str, ""$u3b$"", 5)
		 || !strncmp (str, ""$u5b$"", 5)
		 || !strncmp (str, ""$u5d$"", 5)
		 || !strncmp (str, ""$u7b$"", 5)
		 || !strncmp (str, ""$u7d$"", 5)
		 || !strncmp (str, ""$u7e$"", 5))"
local.oob.memfunc.length-misuse.maxcover.v5,local.oob.memfunc.length-misuse.maxcover.v5,warning,low,"CWE-120,CWE-125,CWE-787",/mnt/WorkDrive/SAILR/dataset/19910/binutils_19910_fix/libiberty/rust-demangle.c,200,8,200,15,High-coverage OOB risk: length/count may be unbounded for strncmp().,,195,205,"	else if (!strncmp (str, ""$u20$"", 5)
		 || !strncmp (str, ""$u22$"", 5)
		 || !strncmp (str, ""$u27$"", 5)
		 || !strncmp (str, ""$u2b$"", 5)
		 || !strncmp (str, ""$u3b$"", 5)
		 || !strncmp (str, ""$u5b$"", 5)
		 || !strncmp (str, ""$u5d$"", 5)
		 || !strncmp (str, ""$u7b$"", 5)
		 || !strncmp (str, ""$u7d$"", 5)
		 || !strncmp (str, ""$u7e$"", 5))
	  str += 5;"
local.oob.memfunc.length-misuse.maxcover.v5,local.oob.memfunc.length-misuse.maxcover.v5,warning,low,"CWE-120,CWE-125,CWE-787",/mnt/WorkDrive/SAILR/dataset/19910/binutils_19910_fix/libiberty/rust-demangle.c,201,8,201,15,High-coverage OOB risk: length/count may be unbounded for strncmp().,,196,206,"		 || !strncmp (str, ""$u22$"", 5)
		 || !strncmp (str, ""$u27$"", 5)
		 || !strncmp (str, ""$u2b$"", 5)
		 || !strncmp (str, ""$u3b$"", 5)
		 || !strncmp (str, ""$u5b$"", 5)
		 || !strncmp (str, ""$u5d$"", 5)
		 || !strncmp (str, ""$u7b$"", 5)
		 || !strncmp (str, ""$u7d$"", 5)
		 || !strncmp (str, ""$u7e$"", 5))
	  str += 5;
	else"
local.oob.memfunc.length-misuse.maxcover.v5,local.oob.memfunc.length-misuse.maxcover.v5,warning,low,"CWE-120,CWE-125,CWE-787",/mnt/WorkDrive/SAILR/dataset/19910/binutils_19910_fix/libiberty/rust-demangle.c,202,8,202,15,High-coverage OOB risk: length/count may be unbounded for strncmp().,,197,207,"		 || !strncmp (str, ""$u27$"", 5)
		 || !strncmp (str, ""$u2b$"", 5)
		 || !strncmp (str, ""$u3b$"", 5)
		 || !strncmp (str, ""$u5b$"", 5)
		 || !strncmp (str, ""$u5d$"", 5)
		 || !strncmp (str, ""$u7b$"", 5)
		 || !strncmp (str, ""$u7d$"", 5)
		 || !strncmp (str, ""$u7e$"", 5))
	  str += 5;
	else
	  return 0;"
local.oob.memfunc.length-misuse.maxcover.v5,local.oob.memfunc.length-misuse.maxcover.v5,warning,low,"CWE-120,CWE-125,CWE-787",/mnt/WorkDrive/SAILR/dataset/19910/binutils_19910_fix/libiberty/rust-demangle.c,203,8,203,15,High-coverage OOB risk: length/count may be unbounded for strncmp().,,198,208,"		 || !strncmp (str, ""$u2b$"", 5)
		 || !strncmp (str, ""$u3b$"", 5)
		 || !strncmp (str, ""$u5b$"", 5)
		 || !strncmp (str, ""$u5d$"", 5)
		 || !strncmp (str, ""$u7b$"", 5)
		 || !strncmp (str, ""$u7d$"", 5)
		 || !strncmp (str, ""$u7e$"", 5))
	  str += 5;
	else
	  return 0;
	break;"
local.oob.memfunc.length-misuse.maxcover.v5,local.oob.memfunc.length-misuse.maxcover.v5,warning,low,"CWE-120,CWE-125,CWE-787",/mnt/WorkDrive/SAILR/dataset/19910/binutils_19910_fix/libiberty/rust-demangle.c,204,8,204,15,High-coverage OOB risk: length/count may be unbounded for strncmp().,,199,209,"		 || !strncmp (str, ""$u3b$"", 5)
		 || !strncmp (str, ""$u5b$"", 5)
		 || !strncmp (str, ""$u5d$"", 5)
		 || !strncmp (str, ""$u7b$"", 5)
		 || !strncmp (str, ""$u7d$"", 5)
		 || !strncmp (str, ""$u7e$"", 5))
	  str += 5;
	else
	  return 0;
	break;
      case '.':"
local.oob.memfunc.length-misuse.maxcover.v5,local.oob.memfunc.length-misuse.maxcover.v5,warning,low,"CWE-120,CWE-125,CWE-787",/mnt/WorkDrive/SAILR/dataset/19910/binutils_19910_fix/libiberty/d-demangle.c,122,3,122,9,High-coverage OOB risk: length/count may be unbounded for memcpy().,,117,127,"static void
string_append (string *p, const char *s)
{
  int n = strlen (s);
  string_need (p, n);
  memcpy (p->p, s, n);
  p->p += n;
}

static void
string_appendn (string *p, const char *s, int n)"
local.oob.memfunc.length-misuse.maxcover.v5,local.oob.memfunc.length-misuse.maxcover.v5,warning,low,"CWE-120,CWE-125,CWE-787",/mnt/WorkDrive/SAILR/dataset/19910/binutils_19910_fix/libiberty/pex-unix.c,739,20,739,24,High-coverage OOB risk: length/count may be unbounded for read().,,734,744,"	struct fn_err failed;
	failed.fn = NULL;
	if (do_pipe)
	  {
	    close (pipes[1]);
	    ssize_t len = read (pipes[0], &failed, sizeof (failed));
	    if (len < 0)
	      failed.fn = NULL;
	    close (pipes[0]);
	  }
"
local.oob.memfunc.length-misuse.maxcover.v5,local.oob.memfunc.length-misuse.maxcover.v5,warning,low,"CWE-120,CWE-125,CWE-787",/mnt/WorkDrive/SAILR/dataset/19910/binutils_19910_fix/libiberty/rust-demangle.c,211,7,211,14,High-coverage OOB risk: length/count may be unbounded for strncmp().,,206,216,"	else
	  return 0;
	break;
      case '.':
	/* Do not allow three or more consecutive dots */
	if (!strncmp (str, ""..."", 3))
	  return 0;
	/* Fall through */
      case 'a': case 'b': case 'c': case 'd': case 'e': case 'f':
      case 'g': case 'h': case 'i': case 'j': case 'k': case 'l':
      case 'm': case 'n': case 'o': case 'p': case 'q': case 'r':"
local.oob.memfunc.length-misuse.maxcover.v5,local.oob.memfunc.length-misuse.maxcover.v5,warning,low,"CWE-120,CWE-125,CWE-787",/mnt/WorkDrive/SAILR/dataset/19910/binutils_19910_fix/libiberty/cplus-dem.c,283,19,283,26,High-coverage OOB risk: length/count may be unbounded for strncmp().,,278,288,"          int k;

          for (k = 0; operators[k][0] != NULL; k++)
            {
              size_t slen = strlen (operators[k][0]);
              if (strncmp (p, operators[k][0], slen) == 0)
                {
                  p += slen;
                  slen = strlen (operators[k][1]);
                  *d++ = '""';
                  memcpy (d, operators[k][1], slen);"
local.oob.memfunc.length-misuse.maxcover.v5,local.oob.memfunc.length-misuse.maxcover.v5,warning,low,"CWE-120,CWE-125,CWE-787",/mnt/WorkDrive/SAILR/dataset/19910/binutils_19910_fix/libiberty/cplus-dem.c,288,19,288,25,High-coverage OOB risk: length/count may be unbounded for memcpy().,,283,293,"              if (strncmp (p, operators[k][0], slen) == 0)
                {
                  p += slen;
                  slen = strlen (operators[k][1]);
                  *d++ = '""';
                  memcpy (d, operators[k][1], slen);
                  d += slen;
                  *d++ = '""';
                  break;
                }
            }"
local.oob.memfunc.length-misuse.maxcover.v5,local.oob.memfunc.length-misuse.maxcover.v5,warning,low,"CWE-120,CWE-125,CWE-787",/mnt/WorkDrive/SAILR/dataset/19910/binutils_19910_fix/libiberty/rust-demangle.c,154,7,154,14,High-coverage OOB risk: length/count may be unbounded for strncmp().,,149,159,"  const char *end;
  char seen[16];
  size_t i;
  int count;

  if (strncmp (str, hash_prefix, hash_prefix_len))
    return 0;
  str += hash_prefix_len;

  memset (seen, 0, sizeof(seen));
  for (end = str + hash_len; str < end; str++)"
local.oob.memfunc.length-misuse.maxcover.v5,local.oob.memfunc.length-misuse.maxcover.v5,warning,low,"CWE-120,CWE-125,CWE-787",/mnt/WorkDrive/SAILR/dataset/19910/binutils_19910_fix/libiberty/rust-demangle.c,158,3,158,9,High-coverage OOB risk: length/count may be unbounded for memset().,,153,163,"
  if (strncmp (str, hash_prefix, hash_prefix_len))
    return 0;
  str += hash_prefix_len;

  memset (seen, 0, sizeof(seen));
  for (end = str + hash_len; str < end; str++)
    if (*str >= '0' && *str <= '9')
      seen[*str - '0'] = 1;
    else if (*str >= 'a' && *str <= 'f')
      seen[*str - 'a' + 10] = 1;"
local.oob.memfunc.length-misuse.maxcover.v5,local.oob.memfunc.length-misuse.maxcover.v5,warning,low,"CWE-120,CWE-125,CWE-787",/mnt/WorkDrive/SAILR/dataset/19910/binutils_19910_fix/libiberty/md5.c,215,7,215,13,High-coverage OOB risk: length/count may be unbounded for memcpy().,,210,220,"  if (ctx->buflen != 0)
    {
      size_t left_over = ctx->buflen;
      size_t add = 128 - left_over > len ? len : 128 - left_over;

      memcpy (&ctx->buffer[left_over], buffer, add);
      ctx->buflen += add;

      if (left_over + add > 64)
	{
	  md5_process_block (ctx->buffer, (left_over + add) & ~63, ctx);"
local.oob.memfunc.length-misuse.maxcover.v5,local.oob.memfunc.length-misuse.maxcover.v5,warning,low,"CWE-120,CWE-125,CWE-787",/mnt/WorkDrive/SAILR/dataset/19910/binutils_19910_fix/libiberty/md5.c,222,4,222,10,High-coverage OOB risk: length/count may be unbounded for memcpy().,,217,227,"
      if (left_over + add > 64)
	{
	  md5_process_block (ctx->buffer, (left_over + add) & ~63, ctx);
	  /* The regions in the following copy operation cannot overlap.  */
	  memcpy (ctx->buffer, &ctx->buffer[(left_over + add) & ~63],
		  (left_over + add) & 63);
	  ctx->buflen = (left_over + add) & 63;
	}

      buffer = (const void *) ((const char *) buffer + add);"
local.oob.memfunc.length-misuse.maxcover.v5,local.oob.memfunc.length-misuse.maxcover.v5,warning,low,"CWE-120,CWE-125,CWE-787",/mnt/WorkDrive/SAILR/dataset/19910/binutils_19910_fix/libiberty/cplus-dem.c,427,27,427,34,High-coverage OOB risk: length/count may be unbounded for strncmp().,,422,432,"                  int k;

                  for (k = 0; special[k][0] != NULL; k++)
                    {
                      size_t slen = strlen (special[k][0]);
                      if (strncmp (p, special[k][0], slen) == 0)
                        {
                          p += slen;
                          slen = strlen (special[k][1]);
                          memcpy (d, special[k][1], slen);
                          d += slen;"
local.oob.memfunc.length-misuse.maxcover.v5,local.oob.memfunc.length-misuse.maxcover.v5,warning,low,"CWE-120,CWE-125,CWE-787",/mnt/WorkDrive/SAILR/dataset/19910/binutils_19910_fix/libiberty/cplus-dem.c,431,27,431,33,High-coverage OOB risk: length/count may be unbounded for memcpy().,,426,436,"                      size_t slen = strlen (special[k][0]);
                      if (strncmp (p, special[k][0], slen) == 0)
                        {
                          p += slen;
                          slen = strlen (special[k][1]);
                          memcpy (d, special[k][1], slen);
                          d += slen;
                          break;
                        }
                    }
                  if (special[k][0] != NULL)"
local.oob.memfunc.length-misuse.maxcover.v5,local.oob.memfunc.length-misuse.maxcover.v5,warning,low,"CWE-120,CWE-125,CWE-787",/mnt/WorkDrive/SAILR/dataset/19910/binutils_19910_fix/libiberty/md5.c,245,6,245,12,High-coverage OOB risk: length/count may be unbounded for memcpy().,,240,250,"#  define UNALIGNED_P(p) (((md5_uintptr) p) % sizeof (md5_uint32) != 0)
# endif
      if (UNALIGNED_P (buffer))
        while (len > 64)
          {
	    memcpy (ctx->buffer, buffer, 64);
            md5_process_block (ctx->buffer, 64, ctx);
            buffer = (const char *) buffer + 64;
            len -= 64;
          }
      else"
local.oob.memfunc.length-misuse.maxcover.v5,local.oob.memfunc.length-misuse.maxcover.v5,warning,low,"CWE-120,CWE-125,CWE-787",/mnt/WorkDrive/SAILR/dataset/19910/binutils_19910_fix/libiberty/md5.c,262,7,262,13,High-coverage OOB risk: length/count may be unbounded for memcpy().,,257,267,"    }

  /* Move remaining bytes in internal buffer.  */
  if (len > 0)
    {
      memcpy (ctx->buffer, buffer, len);
      ctx->buflen = len;
    }
}

"
local.oob.memfunc.length-misuse.maxcover.v5,local.oob.memfunc.length-misuse.maxcover.v5,warning,low,"CWE-120,CWE-125,CWE-787",/mnt/WorkDrive/SAILR/dataset/19910/binutils_19910_fix/libiberty/pex-common.c,588,7,588,13,High-coverage OOB risk: length/count may be unbounded for memset().,,583,593,"  if (obj->time == NULL)
    return 0;

  if (count > obj->count)
    {
      memset (vector + obj->count, 0,
	      (count - obj->count) * sizeof (struct pex_time));
      count = obj->count;
    }

  memcpy (vector, obj->time, count * sizeof (struct pex_time));"
local.oob.memfunc.length-misuse.maxcover.v5,local.oob.memfunc.length-misuse.maxcover.v5,warning,low,"CWE-120,CWE-125,CWE-787",/mnt/WorkDrive/SAILR/dataset/19910/binutils_19910_fix/libiberty/pex-common.c,593,3,593,9,High-coverage OOB risk: length/count may be unbounded for memcpy().,,588,598,"      memset (vector + obj->count, 0,
	      (count - obj->count) * sizeof (struct pex_time));
      count = obj->count;
    }

  memcpy (vector, obj->time, count * sizeof (struct pex_time));

  return 1;
}

/* Free a pex_obj structure.  */"
local.oob.memfunc.length-misuse.maxcover.v5,local.oob.memfunc.length-misuse.maxcover.v5,warning,low,"CWE-120,CWE-125,CWE-787",/mnt/WorkDrive/SAILR/dataset/19910/binutils_19910_fix/libiberty/pex-common.c,560,7,560,13,High-coverage OOB risk: length/count may be unbounded for memset().,,555,565,"	return 0;
    }

  if (count > obj->count)
    {
      memset (vector + obj->count, 0, (count - obj->count) * sizeof (int));
      count = obj->count;
    }

  memcpy (vector, obj->status, count * sizeof (int));
"
local.oob.memfunc.length-misuse.maxcover.v5,local.oob.memfunc.length-misuse.maxcover.v5,warning,low,"CWE-120,CWE-125,CWE-787",/mnt/WorkDrive/SAILR/dataset/19910/binutils_19910_fix/libiberty/md5.c,115,3,115,9,High-coverage OOB risk: length/count may be unbounded for memcpy().,,110,120,"  ctx->total[0] += bytes;
  if (ctx->total[0] < bytes)
    ++ctx->total[1];

  pad = bytes >= 56 ? 64 + 56 - bytes : 56 - bytes;
  memcpy (&ctx->buffer[bytes], fillbuf, pad);

  /* Put the 64-bit file length in *bits* at the end of the buffer.
     Use memcpy to avoid aliasing problems.  On most systems, this
     will be optimized away to the same code.  */
  swap_bytes = SWAP (ctx->total[0] << 3);"
local.oob.memfunc.length-misuse.maxcover.v5,local.oob.memfunc.length-misuse.maxcover.v5,warning,low,"CWE-120,CWE-125,CWE-787",/mnt/WorkDrive/SAILR/dataset/19910/binutils_19910_fix/libiberty/simple-object-coff.c,656,4,656,10,High-coverage OOB risk: length/count may be unbounded for memset().,,651,661,"      while (new_offset > offset)
	{
	  unsigned char zeroes[16];
	  size_t write;

	  memset (zeroes, 0, sizeof zeroes);
	  write = new_offset - offset;
	  if (write > sizeof zeroes)
	    write = sizeof zeroes;
	  if (!simple_object_internal_write (descriptor, offset, zeroes, write,
					     &errmsg, err))"
local.oob.memfunc.length-misuse.maxcover.v5,local.oob.memfunc.length-misuse.maxcover.v5,warning,low,"CWE-120,CWE-125,CWE-787",/mnt/WorkDrive/SAILR/dataset/19910/binutils_19910_fix/libiberty/pex-common.c,564,3,564,9,High-coverage OOB risk: length/count may be unbounded for memcpy().,,559,569,"    {
      memset (vector + obj->count, 0, (count - obj->count) * sizeof (int));
      count = obj->count;
    }

  memcpy (vector, obj->status, count * sizeof (int));

  return 1;
}

/* Get process times of executed programs.  */"
local.oob.memfunc.length-misuse.maxcover.v5,local.oob.memfunc.length-misuse.maxcover.v5,warning,low,"CWE-120,CWE-125,CWE-787",/mnt/WorkDrive/SAILR/dataset/19910/binutils_19910_fix/libiberty/md5.c,121,3,121,9,High-coverage OOB risk: length/count may be unbounded for memcpy().,,116,126,"
  /* Put the 64-bit file length in *bits* at the end of the buffer.
     Use memcpy to avoid aliasing problems.  On most systems, this
     will be optimized away to the same code.  */
  swap_bytes = SWAP (ctx->total[0] << 3);
  memcpy (&ctx->buffer[bytes + pad], &swap_bytes, sizeof (swap_bytes));
  swap_bytes = SWAP ((ctx->total[1] << 3) | (ctx->total[0] >> 29));
  memcpy (&ctx->buffer[bytes + pad + 4], &swap_bytes, sizeof (swap_bytes));

  /* Process last bytes.  */
  md5_process_block (ctx->buffer, bytes + pad + 8, ctx);"
local.oob.memfunc.length-misuse.maxcover.v5,local.oob.memfunc.length-misuse.maxcover.v5,warning,low,"CWE-120,CWE-125,CWE-787",/mnt/WorkDrive/SAILR/dataset/19910/binutils_19910_fix/libiberty/md5.c,123,3,123,9,High-coverage OOB risk: length/count may be unbounded for memcpy().,,118,128,"     Use memcpy to avoid aliasing problems.  On most systems, this
     will be optimized away to the same code.  */
  swap_bytes = SWAP (ctx->total[0] << 3);
  memcpy (&ctx->buffer[bytes + pad], &swap_bytes, sizeof (swap_bytes));
  swap_bytes = SWAP ((ctx->total[1] << 3) | (ctx->total[0] >> 29));
  memcpy (&ctx->buffer[bytes + pad + 4], &swap_bytes, sizeof (swap_bytes));

  /* Process last bytes.  */
  md5_process_block (ctx->buffer, bytes + pad + 8, ctx);

  return md5_read_ctx (ctx, resbuf);"
local.oob.memfunc.length-misuse.maxcover.v5,local.oob.memfunc.length-misuse.maxcover.v5,warning,low,"CWE-120,CWE-125,CWE-787",/mnt/WorkDrive/SAILR/dataset/19910/binutils_19910_fix/libiberty/simple-object-coff.c,697,3,697,9,High-coverage OOB risk: length/count may be unbounded for memset().,,692,702,"  /* Advance across space reserved for symbol table to locate
     start of string table.  */
  offset += nsyms * sizeof (struct external_syment);

  /* Write out file symbol.  */
  memset (&syms[0], 0, sizeof (syms));
  strcpy ((char *)&syms[0].sym.e.e_name[0], "".file"");
  set_16 (&syms[0].sym.e_scnum[0], IMAGE_SYM_DEBUG);
  set_16 (&syms[0].sym.e_type[0], IMAGE_SYM_TYPE);
  syms[0].sym.e_sclass[0] = IMAGE_SYM_CLASS_FILE;
  syms[0].sym.e_numaux[0] = 1;"
local.oob.memfunc.length-misuse.maxcover.v5,local.oob.memfunc.length-misuse.maxcover.v5,warning,low,"CWE-120,CWE-125,CWE-787",/mnt/WorkDrive/SAILR/dataset/19910/binutils_19910_fix/libiberty/md5.c,91,3,91,9,High-coverage OOB risk: length/count may be unbounded for memcpy().,,86,96,"  buffer[0] = SWAP (ctx->A);
  buffer[1] = SWAP (ctx->B);
  buffer[2] = SWAP (ctx->C);
  buffer[3] = SWAP (ctx->D);

  memcpy (resbuf, buffer, 16);

  return resbuf;
}

/* Process the remaining bytes in the internal buffer and the usual"
local.oob.memfunc.length-misuse.maxcover.v5,local.oob.memfunc.length-misuse.maxcover.v5,warning,low,"CWE-120,CWE-125,CWE-787",/mnt/WorkDrive/SAILR/dataset/19910/binutils_19910_fix/libiberty/simple-object-coff.c,707,5,707,11,High-coverage OOB risk: length/count may be unbounded for memcpy().,,702,712,"  syms[0].sym.e_numaux[0] = 1;
  /* The name need not be nul-terminated if it fits into the x_fname field
     directly, but must be if it has to be placed into the string table.  */
  sflen = strlen (source_filename);
  if (sflen <= E_FILNMLEN)
    memcpy (&syms[1].aux.x_file.x_fname[0], source_filename, sflen);
  else
    {
      set_32 (&syms[1].aux.x_file.x_n.x_offset[0], name_offset);
      if (!simple_object_internal_write (descriptor, offset + name_offset,
					 ((const unsigned char *)"
local.oob.memfunc.length-misuse.maxcover.v5,local.oob.memfunc.length-misuse.maxcover.v5,warning,low,"CWE-120,CWE-125,CWE-787",/mnt/WorkDrive/SAILR/dataset/19910/binutils_19910_fix/libiberty/simple-object-coff.c,732,3,732,9,High-coverage OOB risk: length/count may be unbounded for memset().,,727,737,"				     &errmsg, err))
    return errmsg;

  name_offset = 4;
  secsym_offset = symtab_offset + sizeof (syms);
  memset (&syms[0], 0, sizeof (syms));
  set_16 (&syms[0].sym.e_type[0], IMAGE_SYM_TYPE);
  syms[0].sym.e_sclass[0] = IMAGE_SYM_CLASS_STATIC;
  syms[0].sym.e_numaux[0] = 1;
  secnum = 1;
"
local.oob.memfunc.length-misuse.maxcover.v5,local.oob.memfunc.length-misuse.maxcover.v5,warning,low,"CWE-120,CWE-125,CWE-787",/mnt/WorkDrive/SAILR/dataset/19910/binutils_19910_fix/libiberty/simple-object-coff.c,765,4,765,10,High-coverage OOB risk: length/count may be unbounded for memset().,,760,770,"	}
      else
	{
	  memcpy (&syms[0].sym.e.e_name[0], section->name,
		  strlen (section->name));
	  memset (&syms[0].sym.e.e_name[strlen (section->name)], 0,
		  E_SYMNMLEN - strlen (section->name));
	}

      if (!simple_object_internal_write (descriptor, secsym_offset,
					 (const unsigned char *) &syms[0],"
local.oob.memfunc.length-misuse.maxcover.v5,local.oob.memfunc.length-misuse.maxcover.v5,warning,low,"CWE-120,CWE-125,CWE-787",/mnt/WorkDrive/SAILR/dataset/19910/binutils_19910_fix/libiberty/simple-object-mach-o.c,1136,4,1136,10,High-coverage OOB risk: length/count may be unbounded for memset().,,1131,1141,"      while (new_offset > offset)
	{
	  unsigned char zeroes[16];
	  size_t write;

	  memset (zeroes, 0, sizeof zeroes);
	  write = new_offset - offset;
	  if (write > sizeof zeroes)
	    write = sizeof zeroes;
	  if (!simple_object_internal_write (descriptor, offset, zeroes, write,
					     errmsg, err))"
local.oob.memfunc.length-misuse.maxcover.v5,local.oob.memfunc.length-misuse.maxcover.v5,warning,low,"CWE-120,CWE-125,CWE-787",/mnt/WorkDrive/SAILR/dataset/19910/binutils_19910_fix/libiberty/simple-object-xcoff.c,912,4,912,10,High-coverage OOB risk: length/count may be unbounded for memset().,,907,917,"      while (new_offset > offset)
	{
	  unsigned char zeroes[16];
	  size_t write;

	  memset (zeroes, 0, sizeof zeroes);
	  write = new_offset - offset;
	  if (write > sizeof zeroes)
	    write = sizeof zeroes;
	  if (!simple_object_internal_write (descriptor, offset, zeroes, write,
					     &errmsg, err))"
local.oob.memfunc.length-misuse.maxcover.v5,local.oob.memfunc.length-misuse.maxcover.v5,warning,low,"CWE-120,CWE-125,CWE-787",/mnt/WorkDrive/SAILR/dataset/19910/binutils_19910_fix/libiberty/simple-object-mach-o.c,1162,4,1162,10,High-coverage OOB risk: length/count may be unbounded for memcpy().,,1157,1167,"      if (sobj->segment_name != NULL)
	{
	  index[sect*4+0] = (unsigned int) offset;
	  index[sect*4+1] = secsize;
	  /* Stash the section name in our table.  */
	  memcpy (snames + index[sect * 4 + 2], section->name,
		  index[sect * 4 + 3]);
	}
      else
	{
	  char namebuf[MACH_O_NAME_LEN + 1];"
local.oob.memfunc.length-misuse.maxcover.v5,local.oob.memfunc.length-misuse.maxcover.v5,warning,low,"CWE-120,CWE-125,CWE-787",/mnt/WorkDrive/SAILR/dataset/19910/binutils_19910_fix/libiberty/simple-object-mach-o.c,1173,4,1173,10,High-coverage OOB risk: length/count may be unbounded for memset().,,1168,1178,"	  char segnbuf[MACH_O_NAME_LEN + 1];
	  char *comma;

	  /* Try to extract segment,section from the input name.  */

	  memset (namebuf, 0, sizeof namebuf);
	  memset (segnbuf, 0, sizeof segnbuf);
	  comma = strchr (section->name, ',');
	  if (comma != NULL)
	    {
	      int len = comma - section->name;"
local.oob.memfunc.length-misuse.maxcover.v5,local.oob.memfunc.length-misuse.maxcover.v5,warning,low,"CWE-120,CWE-125,CWE-787",/mnt/WorkDrive/SAILR/dataset/19910/binutils_19910_fix/libiberty/simple-object-mach-o.c,1174,4,1174,10,High-coverage OOB risk: length/count may be unbounded for memset().,,1169,1179,"	  char *comma;

	  /* Try to extract segment,section from the input name.  */

	  memset (namebuf, 0, sizeof namebuf);
	  memset (segnbuf, 0, sizeof segnbuf);
	  comma = strchr (section->name, ',');
	  if (comma != NULL)
	    {
	      int len = comma - section->name;
	      len = len > MACH_O_NAME_LEN ? MACH_O_NAME_LEN : len;"
local.oob.memfunc.length-misuse.maxcover.v5,local.oob.memfunc.length-misuse.maxcover.v5,warning,low,"CWE-120,CWE-125,CWE-787",/mnt/WorkDrive/SAILR/dataset/19910/binutils_19910_fix/libiberty/simple-object-coff.c,561,3,561,9,High-coverage OOB risk: length/count may be unbounded for memset().,,556,566,"
  set_32 = (attrs->is_big_endian
	    ? simple_object_set_big_32
	    : simple_object_set_little_32);

  memset (hdrbuf, 0, sizeof hdrbuf);
  hdr = &hdrbuf[0];

  namelen = strlen (name);
  if (namelen <= SCNNMLEN)
    strncpy ((char *) hdr + offsetof (struct external_scnhdr, s_name), name,"
local.oob.memfunc.length-misuse.maxcover.v5,local.oob.memfunc.length-misuse.maxcover.v5,warning,low,"CWE-120,CWE-125,CWE-787",/mnt/WorkDrive/SAILR/dataset/19910/binutils_19910_fix/libiberty/simple-object-mach-o.c,1180,8,1180,15,High-coverage OOB risk: length/count may be unbounded for strncpy().,,1175,1185,"	  comma = strchr (section->name, ',');
	  if (comma != NULL)
	    {
	      int len = comma - section->name;
	      len = len > MACH_O_NAME_LEN ? MACH_O_NAME_LEN : len;
	      strncpy (namebuf, section->name, len);
	      strncpy (segnbuf, comma + 1, MACH_O_NAME_LEN);
	    }
	  else /* just try to copy the name, leave segment blank.  */
	    strncpy (namebuf, section->name, MACH_O_NAME_LEN);
"
local.oob.memfunc.length-misuse.maxcover.v5,local.oob.memfunc.length-misuse.maxcover.v5,warning,low,"CWE-120,CWE-125,CWE-787",/mnt/WorkDrive/SAILR/dataset/19910/binutils_19910_fix/libiberty/simple-object-mach-o.c,1181,8,1181,15,High-coverage OOB risk: length/count may be unbounded for strncpy().,,1176,1186,"	  if (comma != NULL)
	    {
	      int len = comma - section->name;
	      len = len > MACH_O_NAME_LEN ? MACH_O_NAME_LEN : len;
	      strncpy (namebuf, section->name, len);
	      strncpy (segnbuf, comma + 1, MACH_O_NAME_LEN);
	    }
	  else /* just try to copy the name, leave segment blank.  */
	    strncpy (namebuf, section->name, MACH_O_NAME_LEN);

	  if (!simple_object_mach_o_write_section_header (sobj, descriptor,"
local.oob.memfunc.length-misuse.maxcover.v5,local.oob.memfunc.length-misuse.maxcover.v5,warning,low,"CWE-120,CWE-125,CWE-787",/mnt/WorkDrive/SAILR/dataset/19910/binutils_19910_fix/libiberty/simple-object-mach-o.c,1184,6,1184,13,High-coverage OOB risk: length/count may be unbounded for strncpy().,,1179,1189,"	      len = len > MACH_O_NAME_LEN ? MACH_O_NAME_LEN : len;
	      strncpy (namebuf, section->name, len);
	      strncpy (segnbuf, comma + 1, MACH_O_NAME_LEN);
	    }
	  else /* just try to copy the name, leave segment blank.  */
	    strncpy (namebuf, section->name, MACH_O_NAME_LEN);

	  if (!simple_object_mach_o_write_section_header (sobj, descriptor,
							  sechdr_offset,
							  namebuf, segnbuf,
							  secaddr, secsize,"
local.oob.memfunc.length-misuse.maxcover.v5,local.oob.memfunc.length-misuse.maxcover.v5,warning,low,"CWE-120,CWE-125,CWE-787",/mnt/WorkDrive/SAILR/dataset/19910/binutils_19910_fix/libiberty/simple-object-coff.c,566,5,566,12,High-coverage OOB risk: length/count may be unbounded for strncpy().,,561,571,"  memset (hdrbuf, 0, sizeof hdrbuf);
  hdr = &hdrbuf[0];

  namelen = strlen (name);
  if (namelen <= SCNNMLEN)
    strncpy ((char *) hdr + offsetof (struct external_scnhdr, s_name), name,
	     SCNNMLEN);
  else
    {
      snprintf ((char *) hdr + offsetof (struct external_scnhdr, s_name),
		SCNNMLEN, ""/%lu"", (unsigned long) *name_offset);"
local.oob.memfunc.length-misuse.maxcover.v5,local.oob.memfunc.length-misuse.maxcover.v5,warning,low,"CWE-120,CWE-125,CWE-787",/mnt/WorkDrive/SAILR/dataset/19910/binutils_19910_fix/libiberty/simple-object-xcoff.c,953,3,953,9,High-coverage OOB risk: length/count may be unbounded for memset().,,948,958,"  /* Advance across space reserved for symbol table to locate
     start of string table.  */
  offset += nsyms * SYMESZ;

  /* Write out file symbol.  */
  memset (&syms[0], 0, sizeof (syms));
  if (!u64)
    strcpy ((char *)&syms[0].sym.u.xcoff32.n.n_name[0], "".file"");
  set_16 (&syms[0].sym.n_scnum[0], N_DEBUG);
  set_16 (&syms[0].sym.n_type[0], IMAGE_SYM_TYPE);
  syms[0].sym.n_sclass[0] = C_FILE;"
local.oob.memfunc.length-misuse.maxcover.v5,local.oob.memfunc.length-misuse.maxcover.v5,warning,low,"CWE-120,CWE-125,CWE-787",/mnt/WorkDrive/SAILR/dataset/19910/binutils_19910_fix/libiberty/simple-object-mach-o.c,1281,3,1281,9,High-coverage OOB risk: length/count may be unbounded for memset().,,1276,1286,"      XDELETEVEC (snames);
    }

  /* Write out the segment header.  */

  memset (hdrbuf, 0, sizeof hdrbuf);

  hdr = &hdrbuf[0];
  if (attrs->magic == MACH_O_MH_MAGIC)
    {
      set_32 (hdr + offsetof (struct mach_o_segment_command_32, cmd),"
local.oob.memfunc.length-misuse.maxcover.v5,local.oob.memfunc.length-misuse.maxcover.v5,warning,low,"CWE-120,CWE-125,CWE-787",/mnt/WorkDrive/SAILR/dataset/19910/binutils_19910_fix/libiberty/simple-object-xcoff.c,964,5,964,11,High-coverage OOB risk: length/count may be unbounded for memcpy().,,959,969,"  syms[0].sym.n_numaux[0] = 1;
  /* The name need not be nul-terminated if it fits into the x_fname field
     directly, but must be if it has to be placed into the string table.  */
  sflen = strlen (source_filename);
  if (sflen <= FILNMLEN)
    memcpy (&syms[1].aux.x_file.x_fname[0], source_filename, sflen);
  else
    {
      set_32 (&syms[1].aux.x_file._x.x_offset[0], name_offset);
      if (!simple_object_internal_write (descriptor, offset + name_offset,
					 ((const unsigned char *)"
local.oob.memfunc.length-misuse.maxcover.v5,local.oob.memfunc.length-misuse.maxcover.v5,warning,low,"CWE-120,CWE-125,CWE-787",/mnt/WorkDrive/SAILR/dataset/19910/binutils_19910_fix/libiberty/simple-object-coff.c,525,3,525,9,High-coverage OOB risk: length/count may be unbounded for memset().,,520,530,"	    : simple_object_set_little_16);
  set_32 = (attrs->is_big_endian
	    ? simple_object_set_big_32
	    : simple_object_set_little_32);

  memset (hdr, 0, sizeof (struct external_filehdr));

  set_16 (hdr + offsetof (struct external_filehdr, f_magic), attrs->magic);
  set_16 (hdr + offsetof (struct external_filehdr, f_nscns), nscns);
  /* f_timdat left as zero.  */
  set_32 (hdr + offsetof (struct external_filehdr, f_symptr), symtab_offset);"
local.oob.memfunc.length-misuse.maxcover.v5,local.oob.memfunc.length-misuse.maxcover.v5,warning,low,"CWE-120,CWE-125,CWE-787",/mnt/WorkDrive/SAILR/dataset/19910/binutils_19910_fix/libiberty/simple-object-xcoff.c,989,3,989,9,High-coverage OOB risk: length/count may be unbounded for memset().,,984,994,"				     &errmsg, err))
    return errmsg;

  name_offset = 4;
  secsym_offset = symtab_offset + sizeof (syms);
  memset (&syms[0], 0, sizeof (syms));
  set_16 (&syms[0].sym.n_type[0], IMAGE_SYM_TYPE);
  syms[0].sym.n_sclass[0] = C_STAT;
  syms[0].sym.n_numaux[0] = 1;
  secnum = 1;
"
local.oob.memfunc.length-misuse.maxcover.v5,local.oob.memfunc.length-misuse.maxcover.v5,warning,low,"CWE-120,CWE-125,CWE-787",/mnt/WorkDrive/SAILR/dataset/19910/binutils_19910_fix/libiberty/simple-object-mach-o.c,959,3,959,9,High-coverage OOB risk: length/count may be unbounded for memset().,,954,964,"
  set_32 = (attrs->is_big_endian
	    ? simple_object_set_big_32
	    : simple_object_set_little_32);

  memset (hdrbuf, 0, sizeof hdrbuf);

  hdr = &hdrbuf[0];
  if (attrs->magic == MACH_O_MH_MAGIC)
    {
      strncpy ((char *) hdr + offsetof (struct mach_o_section_32, sectname),"
local.oob.memfunc.length-misuse.maxcover.v5,local.oob.memfunc.length-misuse.maxcover.v5,warning,low,"CWE-120,CWE-125,CWE-787",/mnt/WorkDrive/SAILR/dataset/19910/binutils_19910_fix/libiberty/simple-object-mach-o.c,964,7,964,14,High-coverage OOB risk: length/count may be unbounded for strncpy().,,959,969,"  memset (hdrbuf, 0, sizeof hdrbuf);

  hdr = &hdrbuf[0];
  if (attrs->magic == MACH_O_MH_MAGIC)
    {
      strncpy ((char *) hdr + offsetof (struct mach_o_section_32, sectname),
	       name, MACH_O_NAME_LEN);
      strncpy ((char *) hdr + offsetof (struct mach_o_section_32, segname),
	       segn, MACH_O_NAME_LEN);
      set_32 (hdr + offsetof (struct mach_o_section_32, addr), secaddr);
      set_32 (hdr + offsetof (struct mach_o_section_32, size), secsize);"
local.oob.memfunc.length-misuse.maxcover.v5,local.oob.memfunc.length-misuse.maxcover.v5,warning,low,"CWE-120,CWE-125,CWE-787",/mnt/WorkDrive/SAILR/dataset/19910/binutils_19910_fix/libiberty/simple-object-mach-o.c,966,7,966,14,High-coverage OOB risk: length/count may be unbounded for strncpy().,,961,971,"  hdr = &hdrbuf[0];
  if (attrs->magic == MACH_O_MH_MAGIC)
    {
      strncpy ((char *) hdr + offsetof (struct mach_o_section_32, sectname),
	       name, MACH_O_NAME_LEN);
      strncpy ((char *) hdr + offsetof (struct mach_o_section_32, segname),
	       segn, MACH_O_NAME_LEN);
      set_32 (hdr + offsetof (struct mach_o_section_32, addr), secaddr);
      set_32 (hdr + offsetof (struct mach_o_section_32, size), secsize);
      set_32 (hdr + offsetof (struct mach_o_section_32, offset), offset);
      set_32 (hdr + offsetof (struct mach_o_section_32, align), align);"
local.oob.memfunc.length-misuse.maxcover.v5,local.oob.memfunc.length-misuse.maxcover.v5,warning,low,"CWE-120,CWE-125,CWE-787",/mnt/WorkDrive/SAILR/dataset/19910/binutils_19910_fix/libiberty/simple-object-xcoff.c,1022,4,1022,10,High-coverage OOB risk: length/count may be unbounded for memset().,,1017,1027,"	}
      else
	{
	  memcpy (&syms[0].sym.u.xcoff32.n.n_name[0], section->name,
		  strlen (section->name));
	  memset (&syms[0].sym.u.xcoff32.n.n_name[strlen (section->name)], 0,
		  N_SYMNMLEN - strlen (section->name));
	}

      if (!simple_object_internal_write (descriptor, secsym_offset,
					 (const unsigned char *) &syms[0],"
local.oob.memfunc.length-misuse.maxcover.v5,local.oob.memfunc.length-misuse.maxcover.v5,warning,low,"CWE-120,CWE-125,CWE-787",/mnt/WorkDrive/SAILR/dataset/19910/binutils_19910_fix/libiberty/simple-object-elf.c,1349,7,1349,13,High-coverage OOB risk: length/count may be unbounded for memcpy().,,1344,1354,"	  XDELETEVEC (symtab_indices_shndx);
	  return errmsg;
	}

      /* Record the SHDR of the source.  */
      memcpy (eow->shdrs + (new_i - 1) * shdr_size, shdr, shdr_size);
      shdr = eow->shdrs + (new_i - 1) * shdr_size;

      /* Copy the data.
	 ???  This is quite wasteful and ideally would be delayed until
	 write_to_file ().  Thus it questions the interfacing"
local.oob.memfunc.length-misuse.maxcover.v5,local.oob.memfunc.length-misuse.maxcover.v5,warning,low,"CWE-120,CWE-125,CWE-787",/mnt/WorkDrive/SAILR/dataset/19910/binutils_19910_fix/libiberty/simple-object-mach-o.c,989,7,989,14,High-coverage OOB risk: length/count may be unbounded for strncpy().,,984,994,"
      set_64 = (attrs->is_big_endian
		? simple_object_set_big_64
		: simple_object_set_little_64);

      strncpy ((char *) hdr + offsetof (struct mach_o_section_64, sectname),
	       name, MACH_O_NAME_LEN);
      strncpy ((char *) hdr + offsetof (struct mach_o_section_64, segname),
	       segn, MACH_O_NAME_LEN);
      set_64 (hdr + offsetof (struct mach_o_section_64, addr), secaddr);
      set_64 (hdr + offsetof (struct mach_o_section_64, size), secsize);"
local.oob.memfunc.length-misuse.maxcover.v5,local.oob.memfunc.length-misuse.maxcover.v5,warning,low,"CWE-120,CWE-125,CWE-787",/mnt/WorkDrive/SAILR/dataset/19910/binutils_19910_fix/libiberty/simple-object-mach-o.c,991,7,991,14,High-coverage OOB risk: length/count may be unbounded for strncpy().,,986,996,"		? simple_object_set_big_64
		: simple_object_set_little_64);

      strncpy ((char *) hdr + offsetof (struct mach_o_section_64, sectname),
	       name, MACH_O_NAME_LEN);
      strncpy ((char *) hdr + offsetof (struct mach_o_section_64, segname),
	       segn, MACH_O_NAME_LEN);
      set_64 (hdr + offsetof (struct mach_o_section_64, addr), secaddr);
      set_64 (hdr + offsetof (struct mach_o_section_64, size), secsize);
      set_32 (hdr + offsetof (struct mach_o_section_64, offset), offset);
      set_32 (hdr + offsetof (struct mach_o_section_64, align), align);"
local.oob.memfunc.length-misuse.maxcover.v5,local.oob.memfunc.length-misuse.maxcover.v5,warning,low,"CWE-120,CWE-125,CWE-787",/mnt/WorkDrive/SAILR/dataset/19910/binutils_19910_fix/libiberty/simple-object-xcoff.c,808,3,808,9,High-coverage OOB risk: length/count may be unbounded for memset().,,803,813,"  unsigned int flags;

  set_32 = simple_object_set_big_32;
  set_64 = simple_object_set_big_32;

  memset (hdrbuf, 0, sizeof hdrbuf);
  hdr = &hdrbuf[0];

  namelen = strlen (name);
  if (namelen <= SCNNMLEN)
    strncpy ((char *) hdr + offsetof (struct external_scnhdr, s_name),"
local.oob.memfunc.length-misuse.maxcover.v5,local.oob.memfunc.length-misuse.maxcover.v5,warning,low,"CWE-120,CWE-125,CWE-787",/mnt/WorkDrive/SAILR/dataset/19910/binutils_19910_fix/libiberty/simple-object-xcoff.c,813,5,813,12,High-coverage OOB risk: length/count may be unbounded for strncpy().,,808,818,"  memset (hdrbuf, 0, sizeof hdrbuf);
  hdr = &hdrbuf[0];

  namelen = strlen (name);
  if (namelen <= SCNNMLEN)
    strncpy ((char *) hdr + offsetof (struct external_scnhdr, s_name),
	     name, SCNNMLEN);
  else
    {
      snprintf ((char *) hdr + offsetof (struct external_scnhdr, s_name),
		SCNNMLEN, ""/%lu"", (unsigned long) *name_offset);"
local.oob.memfunc.length-misuse.maxcover.v5,local.oob.memfunc.length-misuse.maxcover.v5,warning,low,"CWE-120,CWE-125,CWE-787",/mnt/WorkDrive/SAILR/dataset/19910/binutils_19910_fix/libiberty/simple-object-elf.c,1391,23,1391,29,High-coverage OOB risk: length/count may be unbounded for memchr().,,1386,1396,"	  simple_object_internal_read (sobj->descriptor,
				       sobj->offset + stroff,
				       (unsigned char *)strings,
				       strsz, &errmsg, err);
	  /* Find first '\0' in strings.  */
	  gnu_lto = (char *) memchr (gnu_lto + 1, '\0',
				     strings + strsz - gnu_lto);
	  /* Read the section index table if present.  */
	  if (symtab_indices_shndx[i - 1] != 0)
	    {
	      unsigned char *sidxhdr = shdrs + (strtab - 1) * shdr_size;"
local.oob.memfunc.length-misuse.maxcover.v5,local.oob.memfunc.length-misuse.maxcover.v5,warning,low,"CWE-120,CWE-125,CWE-787",/mnt/WorkDrive/SAILR/dataset/19910/binutils_19910_fix/libiberty/simple-object-mach-o.c,904,3,904,9,High-coverage OOB risk: length/count may be unbounded for memset().,,899,909,"
  set_32 = (attrs->is_big_endian
	    ? simple_object_set_big_32
	    : simple_object_set_little_32);

  memset (hdrbuf, 0, sizeof hdrbuf);

  /* The 32-bit and 64-bit headers start out the same.  */

  hdr = &hdrbuf[0];
  set_32 (hdr + offsetof (struct mach_o_header_32, magic), attrs->magic);"
local.oob.memfunc.length-misuse.maxcover.v5,local.oob.memfunc.length-misuse.maxcover.v5,warning,low,"CWE-120,CWE-125,CWE-787",/mnt/WorkDrive/SAILR/dataset/19910/binutils_19910_fix/libiberty/simple-object-coff.c,380,7,380,13,High-coverage OOB risk: length/count may be unbounded for memcpy().,,375,385,"      off_t scnptr;
      unsigned int size;

      scnhdr = scnbuf + i * scnhdr_size;
      scnname = scnhdr + offsetof (struct external_scnhdr, s_name);
      memcpy (namebuf, scnname, SCNNMLEN);
      namebuf[SCNNMLEN] = '\0';
      name = &namebuf[0];
      if (namebuf[0] == '/')
	{
	  size_t strindex;"
local.oob.memfunc.length-misuse.maxcover.v5,local.oob.memfunc.length-misuse.maxcover.v5,warning,low,"CWE-120,CWE-125,CWE-787",/mnt/WorkDrive/SAILR/dataset/19910/binutils_19910_fix/libiberty/simple-object-xcoff.c,754,3,754,9,High-coverage OOB risk: length/count may be unbounded for memset().,,749,759,"
  set_16 = simple_object_set_big_16;
  set_32 = simple_object_set_big_32;
  set_64 = simple_object_set_big_64;

  memset (hdr, 0, sizeof (struct external_filehdr));

  set_16 (hdr + offsetof (struct external_filehdr, f_magic), attrs->magic);
  set_16 (hdr + offsetof (struct external_filehdr, f_nscns), nscns);
  /* f_timdat left as zero.  */
  if (u64)"
local.oob.memfunc.length-misuse.maxcover.v5,local.oob.memfunc.length-misuse.maxcover.v5,warning,low,"CWE-120,CWE-125,CWE-787",/mnt/WorkDrive/SAILR/dataset/19910/binutils_19910_fix/libiberty/sort.c,100,7,100,13,High-coverage OOB risk: length/count may be unbounded for memset().,,95,105,"      else
	j = i;
	
      /* Now, perform a stable sort on this digit.  We use counting
	 sort.  */
      memset (count, 0, DIGIT_MAX * sizeof (unsigned int));

      /* Compute the address of the appropriate digit in the first and
	 one-past-the-end elements of the array.  On a little-endian
	 machine, the least-significant digit is closest to the front.  */
      bias = ((digit_t *) pointers) + j;"
local.oob.memfunc.length-misuse.maxcover.v5,local.oob.memfunc.length-misuse.maxcover.v5,warning,low,"CWE-120,CWE-125,CWE-787",/mnt/WorkDrive/SAILR/dataset/19910/binutils_19910_fix/libiberty/obstack.c,218,3,218,9,High-coverage OOB risk: length/count may be unbounded for memcpy().,,213,223,"  /* Compute an aligned object_base in the new chunk */
  object_base =
    __PTR_ALIGN ((char *) new_chunk, new_chunk->contents, h->alignment_mask);

  /* Move the existing object to the new chunk.  */
  memcpy (object_base, h->object_base, obj_size);

  /* If the object just copied was the only data in OLD_CHUNK,
     free that chunk and remove it from the chain.
     But not if that chunk might contain an empty object.  */
  if (!h->maybe_empty_object"
local.oob.memfunc.length-misuse.maxcover.v5,local.oob.memfunc.length-misuse.maxcover.v5,warning,low,"CWE-120,CWE-125,CWE-787",/mnt/WorkDrive/SAILR/dataset/19910/binutils_19910_fix/libiberty/simple-object-xcoff.c,445,7,445,13,High-coverage OOB risk: length/count may be unbounded for memcpy().,,440,450,"      off_t scnptr;
      off_t size;

      scnhdr = scnbuf + i * scnhdr_size;
      scnname = scnhdr + offsetof (struct external_scnhdr, s_name);
      memcpy (namebuf, scnname, SCNNMLEN);
      namebuf[SCNNMLEN] = '\0';
      name = &namebuf[0];
      if (namebuf[0] == '/')
	{
	  size_t strindex;"
local.oob.memfunc.length-misuse.maxcover.v5,local.oob.memfunc.length-misuse.maxcover.v5,warning,low,"CWE-120,CWE-125,CWE-787",/mnt/WorkDrive/SAILR/dataset/19910/binutils_19910_fix/libiberty/simple-object.c,503,7,503,13,High-coverage OOB risk: length/count may be unbounded for memcpy().,,498,508,"      wsb->free_buffer = NULL;
    }
  else
    {
      wsb->free_buffer = (void *) XNEWVEC (char, size);
      memcpy (wsb->free_buffer, buffer, size);
      wsb->buffer = wsb->free_buffer;
    }

  if (section->last_buffer == NULL)
    {"
local.oob.memfunc.length-misuse.maxcover.v5,local.oob.memfunc.length-misuse.maxcover.v5,warning,low,"CWE-120,CWE-125,CWE-787",/mnt/WorkDrive/SAILR/dataset/19910/binutils_19910_fix/libiberty/simple-object-elf.c,1005,4,1005,10,High-coverage OOB risk: length/count may be unbounded for memset().,,1000,1010,"      while (new_sh_offset > sh_offset)
	{
	  unsigned char zeroes[16];
	  size_t write;

	  memset (zeroes, 0, sizeof zeroes);
	  write = new_sh_offset - sh_offset;
	  if (write > sizeof zeroes)
	    write = sizeof zeroes;
	  if (!simple_object_internal_write (descriptor, sh_offset, zeroes,
					     write, &errmsg, err))"
local.oob.memfunc.length-misuse.maxcover.v5,local.oob.memfunc.length-misuse.maxcover.v5,warning,low,"CWE-120,CWE-125,CWE-787",/mnt/WorkDrive/SAILR/dataset/19910/binutils_19910_fix/libiberty/strerror.c,538,4,538,10,High-coverage OOB risk: length/count may be unbounded for memset().,,533,543,"  if (error_names == NULL)
    {
      nbytes = num_error_names * sizeof (char *);
      if ((error_names = (const char **) malloc (nbytes)) != NULL)
	{
	  memset (error_names, 0, nbytes);
	  for (eip = error_table; eip -> name != NULL; eip++)
	    {
	      error_names[eip -> value] = eip -> name;
	    }
	}"
local.oob.memfunc.length-misuse.maxcover.v5,local.oob.memfunc.length-misuse.maxcover.v5,warning,low,"CWE-120,CWE-125,CWE-787",/mnt/WorkDrive/SAILR/dataset/19910/binutils_19910_fix/libiberty/strerror.c,556,4,556,10,High-coverage OOB risk: length/count may be unbounded for memset().,,551,561,"  if (sys_errlist == NULL)
    {
      nbytes = num_error_names * sizeof (char *);
      if ((sys_errlist = (const char **) malloc (nbytes)) != NULL)
	{
	  memset (sys_errlist, 0, nbytes);
	  sys_nerr = num_error_names;
	  for (eip = error_table; eip -> name != NULL; eip++)
	    {
	      sys_errlist[eip -> value] = eip -> msg;
	    }"
local.oob.memfunc.length-misuse.maxcover.v5,local.oob.memfunc.length-misuse.maxcover.v5,warning,low,"CWE-120,CWE-125,CWE-787",/mnt/WorkDrive/SAILR/dataset/19910/binutils_19910_fix/libiberty/simple-object-elf.c,868,3,868,9,High-coverage OOB risk: length/count may be unbounded for memset().,,863,873,"  cl = attrs->ei_class;

  shdr_size = (cl == ELFCLASS32
	       ? sizeof (Elf32_External_Shdr)
	       : sizeof (Elf64_External_Shdr));
  memset (buf, 0, sizeof (Elf64_External_Shdr));

  ELF_SET_FIELD (fns, cl, Shdr, buf, sh_name, Elf_Word, sh_name);
  ELF_SET_FIELD (fns, cl, Shdr, buf, sh_type, Elf_Word, sh_type);
  ELF_SET_FIELD (fns, cl, Shdr, buf, sh_flags, Elf_Addr, sh_flags);
  ELF_SET_FIELD (fns, cl, Shdr, buf, sh_addr, Elf_Addr, sh_addr);"
local.oob.memfunc.length-misuse.maxcover.v5,local.oob.memfunc.length-misuse.maxcover.v5,warning,low,"CWE-120,CWE-125,CWE-787",/mnt/WorkDrive/SAILR/dataset/19910/binutils_19910_fix/libiberty/simple-object-mach-o.c,674,4,674,10,High-coverage OOB risk: length/count may be unbounded for memcpy().,,669,679,"	    }
	}

      if ((gnu_sections_found & SOMO_LONGN_PRESENT) != 0)
	{
	  memcpy (namebuf, sechdr + sectname_offset, MACH_O_NAME_LEN);
	  namebuf[MACH_O_NAME_LEN] = '\0';

	  name = &namebuf[0];
	  if (strtab != NULL && name[0] == '_' && name[1] == '_')
	    {"
local.oob.memfunc.length-misuse.maxcover.v5,local.oob.memfunc.length-misuse.maxcover.v5,warning,low,"CWE-120,CWE-125,CWE-787",/mnt/WorkDrive/SAILR/dataset/19910/binutils_19910_fix/libiberty/simple-object-mach-o.c,704,4,704,10,High-coverage OOB risk: length/count may be unbounded for memcpy().,,699,709,"      else
	{
	   /* Otherwise, make a name like __segment,__section as per the
	      convention in mach-o asm.  */
	  name = &namebuf[0];
	  memcpy (namebuf, (char *) sechdr + segname_offset, MACH_O_NAME_LEN);
	  namebuf[MACH_O_NAME_LEN] = '\0';
	  l = strlen (namebuf);
	  namebuf[l] = ',';
	  memcpy (namebuf + l + 1, (char *) sechdr + sectname_offset,
		  MACH_O_NAME_LEN);"
local.oob.memfunc.length-misuse.maxcover.v5,local.oob.memfunc.length-misuse.maxcover.v5,warning,low,"CWE-120,CWE-125,CWE-787",/mnt/WorkDrive/SAILR/dataset/19910/binutils_19910_fix/libiberty/simple-object-mach-o.c,708,4,708,10,High-coverage OOB risk: length/count may be unbounded for memcpy().,,703,713,"	  name = &namebuf[0];
	  memcpy (namebuf, (char *) sechdr + segname_offset, MACH_O_NAME_LEN);
	  namebuf[MACH_O_NAME_LEN] = '\0';
	  l = strlen (namebuf);
	  namebuf[l] = ',';
	  memcpy (namebuf + l + 1, (char *) sechdr + sectname_offset,
		  MACH_O_NAME_LEN);
	  namebuf[l + 1 + MACH_O_NAME_LEN] = '\0';
	}

      simple_object_mach_o_section_info (omr->is_big_endian, is_32, sechdr,"
local.oob.memfunc.length-misuse.maxcover.v5,local.oob.memfunc.length-misuse.maxcover.v5,warning,low,"CWE-120,CWE-125,CWE-787",/mnt/WorkDrive/SAILR/dataset/19910/binutils_19910_fix/libiberty/simple-object.c,273,7,273,14,High-coverage OOB risk: length/count may be unbounded for strncmp().,,268,278,"  /* ???  So we can't use .gnu.lto_ prefixed sections as the assembler
     complains about bogus section flags.  Which means we need to arrange
     for that to be fixed or .gnu.debuglto_ marked as SHF_EXCLUDE (to make
     fat lto object tooling work for the fat part).  */
  /* Also include corresponding reloc sections.  */
  if (strncmp (name, "".rela"", sizeof ("".rela"") - 1) == 0)
    {
      if (rename)
        strncpy (newname, name, sizeof ("".rela"") - 1);
      name += sizeof ("".rela"") - 1;
    }"
local.oob.memfunc.length-misuse.maxcover.v5,local.oob.memfunc.length-misuse.maxcover.v5,warning,low,"CWE-120,CWE-125,CWE-787",/mnt/WorkDrive/SAILR/dataset/19910/binutils_19910_fix/libiberty/simple-object.c,276,9,276,16,High-coverage OOB risk: length/count may be unbounded for strncpy().,,271,281,"     fat lto object tooling work for the fat part).  */
  /* Also include corresponding reloc sections.  */
  if (strncmp (name, "".rela"", sizeof ("".rela"") - 1) == 0)
    {
      if (rename)
        strncpy (newname, name, sizeof ("".rela"") - 1);
      name += sizeof ("".rela"") - 1;
    }
  else if (strncmp (name, "".rel"", sizeof ("".rel"") - 1) == 0)
    {
      if (rename)"
local.oob.memfunc.length-misuse.maxcover.v5,local.oob.memfunc.length-misuse.maxcover.v5,warning,low,"CWE-120,CWE-125,CWE-787",/mnt/WorkDrive/SAILR/dataset/19910/binutils_19910_fix/libiberty/simple-object.c,279,12,279,19,High-coverage OOB risk: length/count may be unbounded for strncmp().,,274,284,"    {
      if (rename)
        strncpy (newname, name, sizeof ("".rela"") - 1);
      name += sizeof ("".rela"") - 1;
    }
  else if (strncmp (name, "".rel"", sizeof ("".rel"") - 1) == 0)
    {
      if (rename)
        strncpy (newname, name, sizeof ("".rel"") - 1);
      name += sizeof ("".rel"") - 1;
    }"
local.oob.memfunc.length-misuse.maxcover.v5,local.oob.memfunc.length-misuse.maxcover.v5,warning,low,"CWE-120,CWE-125,CWE-787",/mnt/WorkDrive/SAILR/dataset/19910/binutils_19910_fix/libiberty/simple-object.c,282,9,282,16,High-coverage OOB risk: length/count may be unbounded for strncpy().,,277,287,"      name += sizeof ("".rela"") - 1;
    }
  else if (strncmp (name, "".rel"", sizeof ("".rel"") - 1) == 0)
    {
      if (rename)
        strncpy (newname, name, sizeof ("".rel"") - 1);
      name += sizeof ("".rel"") - 1;
    }
  /* ???  For now this handles both .gnu.lto_ and .gnu.debuglto_ prefixed
     sections.  */
  /* Copy LTO debug sections and rename them to their non-LTO name.  */"
local.oob.memfunc.length-misuse.maxcover.v5,local.oob.memfunc.length-misuse.maxcover.v5,warning,low,"CWE-120,CWE-125,CWE-787",/mnt/WorkDrive/SAILR/dataset/19910/binutils_19910_fix/libiberty/simple-object.c,288,7,288,14,High-coverage OOB risk: length/count may be unbounded for strncmp().,,283,293,"      name += sizeof ("".rel"") - 1;
    }
  /* ???  For now this handles both .gnu.lto_ and .gnu.debuglto_ prefixed
     sections.  */
  /* Copy LTO debug sections and rename them to their non-LTO name.  */
  if (strncmp (name, "".gnu.debuglto_"", sizeof ("".gnu.debuglto_"") - 1) == 0)
    return rename ? strcat (newname, name + sizeof ("".gnu.debuglto_"") - 1) : newname;
  else if (strncmp (name, "".gnu.lto_.debug_"",
		    sizeof ("".gnu.lto_.debug_"") -1) == 0)
    return rename ? strcat (newname, name + sizeof ("".gnu.lto_"") - 1) : newname;
  /* Copy over .note.GNU-stack section under the same name if present.  */"
local.oob.memfunc.length-misuse.maxcover.v5,local.oob.memfunc.length-misuse.maxcover.v5,warning,low,"CWE-120,CWE-125,CWE-787",/mnt/WorkDrive/SAILR/dataset/19910/binutils_19910_fix/libiberty/simple-object.c,290,12,290,19,High-coverage OOB risk: length/count may be unbounded for strncmp().,,285,295,"  /* ???  For now this handles both .gnu.lto_ and .gnu.debuglto_ prefixed
     sections.  */
  /* Copy LTO debug sections and rename them to their non-LTO name.  */
  if (strncmp (name, "".gnu.debuglto_"", sizeof ("".gnu.debuglto_"") - 1) == 0)
    return rename ? strcat (newname, name + sizeof ("".gnu.debuglto_"") - 1) : newname;
  else if (strncmp (name, "".gnu.lto_.debug_"",
		    sizeof ("".gnu.lto_.debug_"") -1) == 0)
    return rename ? strcat (newname, name + sizeof ("".gnu.lto_"") - 1) : newname;
  /* Copy over .note.GNU-stack section under the same name if present.  */
  else if (strcmp (name, "".note.GNU-stack"") == 0)
    return strcpy (newname, name);"
local.oob.memfunc.length-misuse.maxcover.v5,local.oob.memfunc.length-misuse.maxcover.v5,warning,low,"CWE-120,CWE-125,CWE-787",/mnt/WorkDrive/SAILR/dataset/19910/binutils_19910_fix/libiberty/xmemdup.c,39,5,39,11,High-coverage OOB risk: length/count may be unbounded for memset().,,34,41,"PTR
xmemdup (const PTR input, size_t copy_size, size_t alloc_size)
{
  PTR output = xmalloc (alloc_size);
  if (alloc_size > copy_size)
    memset ((char *) output + copy_size, 0, alloc_size - copy_size);
  return (PTR) memcpy (output, input, copy_size);
}"
local.oob.memfunc.length-misuse.maxcover.v5,local.oob.memfunc.length-misuse.maxcover.v5,warning,low,"CWE-120,CWE-125,CWE-787",/mnt/WorkDrive/SAILR/dataset/19910/binutils_19910_fix/libiberty/simple-object-elf.c,798,3,798,9,High-coverage OOB risk: length/count may be unbounded for memset().,,793,803,"    }

  ehdr_size = (cl == ELFCLASS32
	       ? sizeof (Elf32_External_Ehdr)
	       : sizeof (Elf64_External_Ehdr));
  memset (buf, 0, sizeof (Elf64_External_Ehdr));

  buf[EI_MAG0] = ELFMAG0;
  buf[EI_MAG1] = ELFMAG1;
  buf[EI_MAG2] = ELFMAG2;
  buf[EI_MAG3] = ELFMAG3;"
local.oob.memfunc.length-misuse.maxcover.v5,local.oob.memfunc.length-misuse.maxcover.v5,warning,low,"CWE-120,CWE-125,CWE-787",/mnt/WorkDrive/SAILR/dataset/19910/binutils_19910_fix/libiberty/xmemdup.c,40,16,40,22,High-coverage OOB risk: length/count may be unbounded for memcpy().,,35,41,"xmemdup (const PTR input, size_t copy_size, size_t alloc_size)
{
  PTR output = xmalloc (alloc_size);
  if (alloc_size > copy_size)
    memset ((char *) output + copy_size, 0, alloc_size - copy_size);
  return (PTR) memcpy (output, input, copy_size);
}"
local.oob.memfunc.length-misuse.maxcover.v5,local.oob.memfunc.length-misuse.maxcover.v5,warning,low,"CWE-120,CWE-125,CWE-787",/mnt/WorkDrive/SAILR/dataset/19910/binutils_19910_fix/libiberty/xstrdup.c,35,19,35,25,High-coverage OOB risk: length/count may be unbounded for memcpy().,,30,36,"char *
xstrdup (const char *s)
{
  register size_t len = strlen (s) + 1;
  register char *ret = XNEWVEC (char, len);
  return (char *) memcpy (ret, s, len);
}"
local.oob.memfunc.length-misuse.maxcover.v5,local.oob.memfunc.length-misuse.maxcover.v5,warning,low,"CWE-120,CWE-125,CWE-787",/mnt/WorkDrive/SAILR/dataset/19910/binutils_19910_fix/libiberty/xstrndup.c,56,19,56,25,High-coverage OOB risk: length/count may be unbounded for memcpy().,,51,57,"  size_t len = strnlen (s, n);

  result = XNEWVEC (char, len + 1);

  result[len] = '\0';
  return (char *) memcpy (result, s, len);
}"
local.oob.memfunc.length-misuse.maxcover.v5,local.oob.memfunc.length-misuse.maxcover.v5,warning,low,"CWE-120,CWE-125,CWE-787",/mnt/WorkDrive/SAILR/dataset/19910/binutils_19910_fix/libiberty/regex.c,6753,19,6753,56,High-coverage OOB risk: length/count may be unbounded for memcpy().,,6748,6758,"                     e.g., `((a*)(b*))*' against `aba' (register 3 would
                     otherwise get trashed).  */

                  if (EVER_MATCHED_SOMETHING (reg_info[*p]))
		    {
		      unsigned r;

                      EVER_MATCHED_SOMETHING (reg_info[*p]) = 0;

		      /* Restore this and inner groups' (if any) registers.  */
                      for (r = *p; r < (unsigned) *p + (unsigned) *(p + 1);"
local.oob.memfunc.length-misuse.maxcover.v5,local.oob.memfunc.length-misuse.maxcover.v5,warning,low,"CWE-120,CWE-125,CWE-787",/mnt/WorkDrive/SAILR/dataset/19910/binutils_19910_fix/libiberty/sha1.c,210,7,210,13,High-coverage OOB risk: length/count may be unbounded for memcpy().,,205,215,"  if (ctx->buflen != 0)
    {
      size_t left_over = ctx->buflen;
      size_t add = 128 - left_over > len ? len : 128 - left_over;

      memcpy (&((char *) ctx->buffer)[left_over], buffer, add);
      ctx->buflen += add;

      if (ctx->buflen > 64)
	{
	  sha1_process_block (ctx->buffer, ctx->buflen & ~63, ctx);"
local.oob.memfunc.length-misuse.maxcover.v5,local.oob.memfunc.length-misuse.maxcover.v5,warning,low,"CWE-120,CWE-125,CWE-787",/mnt/WorkDrive/SAILR/dataset/19910/binutils_19910_fix/libiberty/simple-object.c,80,21,80,25,High-coverage OOB risk: length/count may be unbounded for read().,,75,85,"      return 0;
    }

  do
    {
      ssize_t got = read (descriptor, buffer, size);
      if (got == 0)
	break;
      else if (got > 0)
	{
	  buffer += got;"
local.oob.memfunc.length-misuse.maxcover.v5,local.oob.memfunc.length-misuse.maxcover.v5,warning,low,"CWE-120,CWE-125,CWE-787",/mnt/WorkDrive/SAILR/dataset/19910/binutils_19910_fix/libiberty/cp-demangle.c,4047,3,4047,9,High-coverage OOB risk: length/count may be unbounded for memcpy().,,4042,4052,"    d_growable_string_resize (dgs, need);

  if (dgs->allocation_failure)
    return;

  memcpy (dgs->buf + dgs->len, s, l);
  dgs->buf[dgs->len + l] = '\0';
  dgs->len += l;
}

/* Bridge growable strings to the callback mechanism.  */"
local.oob.memfunc.length-misuse.maxcover.v5,local.oob.memfunc.length-misuse.maxcover.v5,warning,low,"CWE-120,CWE-125,CWE-787",/mnt/WorkDrive/SAILR/dataset/19910/binutils_19910_fix/libiberty/sha1.c,219,4,219,10,High-coverage OOB risk: length/count may be unbounded for memcpy().,,214,224,"	{
	  sha1_process_block (ctx->buffer, ctx->buflen & ~63, ctx);

	  ctx->buflen &= 63;
	  /* The regions in the following copy operation cannot overlap.  */
	  memcpy (ctx->buffer,
		  &((char *) ctx->buffer)[(left_over + add) & ~63],
		  ctx->buflen);
	}

      buffer = (const char *) buffer + add;"
local.oob.memfunc.length-misuse.maxcover.v5,local.oob.memfunc.length-misuse.maxcover.v5,warning,low,"CWE-120,CWE-125,CWE-787",/mnt/WorkDrive/SAILR/dataset/19910/binutils_19910_fix/libiberty/regex.c,6818,23,6818,29,High-coverage OOB risk: length/count may be unbounded for memcmp().,,6813,6823,"                    /* End of string1 => advance to string2. */
                    d2 = string2;
                    dend2 = regend[regno];
		  }
		/* At end of register contents => success */
		if (d2 == dend2) break;

		/* If necessary, advance to next segment in data.  */
		PREFETCH ();

		/* How many characters left in this segment to match.  */"
local.oob.memfunc.length-misuse.maxcover.v5,local.oob.memfunc.length-misuse.maxcover.v5,warning,low,"CWE-120,CWE-125,CWE-787",/mnt/WorkDrive/SAILR/dataset/19910/binutils_19910_fix/libiberty/sha1.c,237,26,237,32,High-coverage OOB risk: length/count may be unbounded for memcpy().,,232,242,"# define alignof(type) offsetof (struct { char c; type x; }, x)
# define UNALIGNED_P(p) (((size_t) p) % alignof (sha1_uint32) != 0)
      if (UNALIGNED_P (buffer))
	while (len > 64)
	  {
	    sha1_process_block (memcpy (ctx->buffer, buffer, 64), 64, ctx);
	    buffer = (const char *) buffer + 64;
	    len -= 64;
	  }
      else
#endif"
local.oob.memfunc.length-misuse.maxcover.v5,local.oob.memfunc.length-misuse.maxcover.v5,warning,low,"CWE-120,CWE-125,CWE-787",/mnt/WorkDrive/SAILR/dataset/19910/binutils_19910_fix/libiberty/sha1.c,255,7,255,13,High-coverage OOB risk: length/count may be unbounded for memcpy().,,250,260,"  /* Move remaining bytes in internal buffer.  */
  if (len > 0)
    {
      size_t left_over = ctx->buflen;

      memcpy (&((char *) ctx->buffer)[left_over], buffer, len);
      left_over += len;
      if (left_over >= 64)
	{
	  sha1_process_block (ctx->buffer, 64, ctx);
	  left_over -= 64;"
local.oob.memfunc.length-misuse.maxcover.v5,local.oob.memfunc.length-misuse.maxcover.v5,warning,low,"CWE-120,CWE-125,CWE-787",/mnt/WorkDrive/SAILR/dataset/19910/binutils_19910_fix/libiberty/sha1.c,261,4,261,10,High-coverage OOB risk: length/count may be unbounded for memcpy().,,256,266,"      left_over += len;
      if (left_over >= 64)
	{
	  sha1_process_block (ctx->buffer, 64, ctx);
	  left_over -= 64;
	  memcpy (ctx->buffer, &ctx->buffer[16], left_over);
	}
      ctx->buflen = left_over;
    }
}
"
local.oob.memfunc.length-misuse.maxcover.v5,local.oob.memfunc.length-misuse.maxcover.v5,warning,low,"CWE-120,CWE-125,CWE-787",/mnt/WorkDrive/SAILR/dataset/19910/binutils_19910_fix/libiberty/regex.c,6907,11,6907,50,High-coverage OOB risk: length/count may be unbounded for memcpy().,,6902,6912,"           matching `foo\nbar' against `.*\n'.  The .* matches the foo;
           then the . fails against the \n.  But the next thing we want
           to do is match the \n against the \n; if we restored the
           string value, we would be back at the foo.

           Because this is used only in specific cases, we don't need to
           check all the things that `on_failure_jump' does, to make
           sure the right things get saved on the stack.  Hence we don't
           share its code.  The only reason to push anything on the
           stack at all is that otherwise we would have to change
           `anychar's code to do something besides goto fail in this"
local.oob.memfunc.length-misuse.maxcover.v5,local.oob.memfunc.length-misuse.maxcover.v5,warning,low,"CWE-120,CWE-125,CWE-787",/mnt/WorkDrive/SAILR/dataset/19910/binutils_19910_fix/libiberty/regex.c,6964,11,6964,47,High-coverage OOB risk: length/count may be unbounded for memcpy().,,6959,6969,"             a failure point to `p + mcnt' after we do this.  */
          p1 = p;

          /* We need to skip no_op's before we look for the
             start_memory in case this on_failure_jump is happening as
             the result of a completed succeed_n, as in \(a\)\{1,3\}b\1
             against aba.  */
          while (p1 < pend && (re_opcode_t) *p1 == no_op)
            p1++;

          if (p1 < pend && (re_opcode_t) *p1 == start_memory)"
local.oob.memfunc.length-misuse.maxcover.v5,local.oob.memfunc.length-misuse.maxcover.v5,warning,low,"CWE-120,CWE-125,CWE-787",/mnt/WorkDrive/SAILR/dataset/19910/binutils_19910_fix/libiberty/sha1.c,107,3,107,9,High-coverage OOB risk: length/count may be unbounded for memcpy().,,102,112,"
  /* Put the 64-bit file length in *bits* at the end of the buffer.  */
  ctx->buffer[size - 2] = SWAP ((ctx->total[1] << 3) | (ctx->total[0] >> 29));
  ctx->buffer[size - 1] = SWAP (ctx->total[0] << 3);

  memcpy (&((char *) ctx->buffer)[bytes], fillbuf, (size - 2) * 4 - bytes);

  /* Process last bytes.  */
  sha1_process_block (ctx->buffer, size * 4, ctx);

  return sha1_read_ctx (ctx, resbuf);"
local.oob.memfunc.length-misuse.maxcover.v5,local.oob.memfunc.length-misuse.maxcover.v5,warning,low,"CWE-120,CWE-125,CWE-787",/mnt/WorkDrive/SAILR/dataset/19910/binutils_19910_fix/libiberty/regex.c,7193,11,7193,46,High-coverage OOB risk: length/count may be unbounded for memcpy().,,7188,7198,"#else
          DEBUG_PRINT2 (""(to 0x%x).\n"", p);
#endif
	  break;


        /* We need this opcode so we can detect where alternatives end
           in `group_match_null_string_p' et al.  */
        case jump_past_alt:
          DEBUG_PRINT1 (""EXECUTING jump_past_alt.\n"");
          goto unconditional_jump;"
local.oob.memfunc.length-misuse.maxcover.v5,local.oob.memfunc.length-misuse.maxcover.v5,warning,low,"CWE-120,CWE-125,CWE-787",/mnt/WorkDrive/SAILR/dataset/19910/binutils_19910_fix/libiberty/regex.c,7206,11,7206,46,High-coverage OOB risk: length/count may be unbounded for memcpy().,,7201,7211,"        /* Normally, the on_failure_jump pushes a failure point, which
           then gets popped at pop_failure_jump.  We will end up at
           pop_failure_jump, also, and with a pattern of, say, `a+', we
           are skipping over the on_failure_jump, so we have to push
           something meaningless for pop_failure_jump to pop.  */
        case dummy_failure_jump:
          DEBUG_PRINT1 (""EXECUTING dummy_failure_jump.\n"");
          /* It doesn't matter what we push for the string here.  What
             the code at `fail' tests is the value for the pattern.  */
          PUSH_FAILURE_POINT (NULL, NULL, -2);
          goto unconditional_jump;"
local.oob.memfunc.length-misuse.maxcover.v5,local.oob.memfunc.length-misuse.maxcover.v5,warning,low,"CWE-120,CWE-125,CWE-787",/mnt/WorkDrive/SAILR/dataset/19910/binutils_19910_fix/libiberty/regex.c,4584,3,4584,34,High-coverage OOB risk: length/count may be unbounded for memset().,,4579,4589,"
#ifdef REL_ALLOC
  /* This holds the pointer to the failure stack, when
     it is allocated relocatably.  */
  fail_stack_elt_t *failure_stack_ptr;
#endif

  /* Assume that each path through the pattern can be null until
     proven otherwise.  We set this false at the bottom of switch
     statement, to which we get only if a particular path doesn't
     match the empty string.  */"
local.oob.memfunc.length-misuse.maxcover.v5,local.oob.memfunc.length-misuse.maxcover.v5,warning,low,"CWE-120,CWE-125,CWE-787",/mnt/WorkDrive/SAILR/dataset/19910/binutils_19910_fix/libiberty/regex.c,4792,20,4792,55,High-coverage OOB risk: length/count may be unbounded for memcpy().,,4787,4797,"            fail_stack.avail--;

          continue;


        case on_failure_jump:
        case on_failure_keep_string_jump:
	handle_on_failure_jump:
          EXTRACT_NUMBER_AND_INCR (j, p);

          /* For some patterns, e.g., `(a?)?', `p+j' here points to the"
local.oob.memfunc.length-misuse.maxcover.v5,local.oob.memfunc.length-misuse.maxcover.v5,warning,low,"CWE-120,CWE-125,CWE-787",/mnt/WorkDrive/SAILR/dataset/19910/binutils_19910_fix/libiberty/strsignal.c,314,4,314,10,High-coverage OOB risk: length/count may be unbounded for memset().,,309,319,"  if (signal_names == NULL)
    {
      nbytes = num_signal_names * sizeof (char *);
      if ((signal_names = (const char **) malloc (nbytes)) != NULL)
	{
	  memset (signal_names, 0, nbytes);
	  for (eip = signal_table; eip -> name != NULL; eip++)
	    {
	      signal_names[eip -> value] = eip -> name;
	    }
	}"
local.oob.memfunc.length-misuse.maxcover.v5,local.oob.memfunc.length-misuse.maxcover.v5,warning,low,"CWE-120,CWE-125,CWE-787",/mnt/WorkDrive/SAILR/dataset/19910/binutils_19910_fix/libiberty/strsignal.c,332,4,332,10,High-coverage OOB risk: length/count may be unbounded for memset().,,327,337,"  if (sys_siglist == NULL)
    {
      nbytes = num_signal_names * sizeof (char *);
      if ((sys_siglist = (const char **) malloc (nbytes)) != NULL)
	{
	  memset (sys_siglist, 0, nbytes);
	  sys_nsig = num_signal_names;
	  for (eip = signal_table; eip -> name != NULL; eip++)
	    {
	      sys_siglist[eip -> value] = eip -> msg;
	    }"
local.oob.memfunc.length-misuse.maxcover.v5,local.oob.memfunc.length-misuse.maxcover.v5,warning,low,"CWE-120,CWE-125,CWE-787",/mnt/WorkDrive/SAILR/dataset/19910/binutils_19910_fix/readline/readline/callback.c,139,3,139,9,High-coverage OOB risk: length/count may be unbounded for memcpy().,,134,144,"    {
      _rl_errmsg (""readline_callback_read_char() called with no handler!"");
      abort ();
    }

  memcpy ((void *)olevel, (void *)_rl_top_level, sizeof (procenv_t));
#if defined (HAVE_POSIX_SIGSETJMP)
  jcode = sigsetjmp (_rl_top_level, 0);
#else
  jcode = setjmp (_rl_top_level);
#endif"
local.oob.memfunc.length-misuse.maxcover.v5,local.oob.memfunc.length-misuse.maxcover.v5,warning,low,"CWE-120,CWE-125,CWE-787",/mnt/WorkDrive/SAILR/dataset/19910/binutils_19910_fix/readline/readline/callback.c,149,7,149,13,High-coverage OOB risk: length/count may be unbounded for memcpy().,,144,154,"#endif
  if (jcode)
    {
      (*rl_redisplay_function) ();
      _rl_want_redisplay = 0;
      memcpy ((void *)_rl_top_level, (void *)olevel, sizeof (procenv_t));
      CALLBACK_READ_RETURN ();
    }

#if defined (HANDLE_SIGNALS)
  /* Install signal handlers only when readline has control. */"
local.oob.memfunc.length-misuse.maxcover.v5,local.oob.memfunc.length-misuse.maxcover.v5,warning,low,"CWE-120,CWE-125,CWE-787",/mnt/WorkDrive/SAILR/dataset/19910/binutils_19910_fix/readline/readline/complete.c,2305,3,2305,9,High-coverage OOB risk: length/count may be unbounded for memset().,,2300,2310,"  mbstate_t ps1, ps2;
  wchar_t wc1, wc2;
#endif

#if defined (HANDLE_MULTIBYTE)
  memset (&ps1, 0, sizeof (mbstate_t));
  memset (&ps2, 0, sizeof (mbstate_t));
#endif

  if (filename_len == 0)
    return 1;"
local.oob.memfunc.length-misuse.maxcover.v5,local.oob.memfunc.length-misuse.maxcover.v5,warning,low,"CWE-120,CWE-125,CWE-787",/mnt/WorkDrive/SAILR/dataset/19910/binutils_19910_fix/readline/readline/complete.c,2306,3,2306,9,High-coverage OOB risk: length/count may be unbounded for memset().,,2301,2311,"  wchar_t wc1, wc2;
#endif

#if defined (HANDLE_MULTIBYTE)
  memset (&ps1, 0, sizeof (mbstate_t));
  memset (&ps2, 0, sizeof (mbstate_t));
#endif

  if (filename_len == 0)
    return 1;
  if (convlen < filename_len)"
local.oob.memfunc.length-misuse.maxcover.v5,local.oob.memfunc.length-misuse.maxcover.v5,warning,low,"CWE-120,CWE-125,CWE-787",/mnt/WorkDrive/SAILR/dataset/19910/binutils_19910_fix/libiberty/regex.c,3126,13,3126,52,High-coverage OOB risk: length/count may be unbounded for memset().,,3121,3131,"               opcode, the length count, and the bitset; 34 bytes in all.  */
	    GET_BUFFER_SPACE (34);

            laststart = b;

            /* We test `*p == '^' twice, instead of using an if
               statement, so we only need one BUF_PUSH.  */
            BUF_PUSH (*p == '^' ? charset_not : charset);
            if (*p == '^')
              p++;
"
local.oob.memfunc.length-misuse.maxcover.v5,local.oob.memfunc.length-misuse.maxcover.v5,warning,low,"CWE-120,CWE-125,CWE-787",/mnt/WorkDrive/SAILR/dataset/19910/binutils_19910_fix/readline/readline/histexpand.c,1584,3,1584,10,High-coverage OOB risk: length/count may be unbounded for strncpy().,,1579,1589,"  register int len;
  register char *result;

  len = end - start;
  result = (char *)xmalloc (len + 1);
  strncpy (result, string + start, len);
  result[len] = '\0';
  return result;
}

/* Parse STRING into tokens and return an array of strings.  If WIND is"
local.oob.memfunc.length-misuse.maxcover.v5,local.oob.memfunc.length-misuse.maxcover.v5,warning,low,"CWE-120,CWE-125,CWE-787",/mnt/WorkDrive/SAILR/dataset/19910/binutils_19910_fix/readline/readline/complete.c,2404,5,2404,17,High-coverage OOB risk: length/count may be unbounded for strncasecmp().,,2399,2409,"	}
      else
#endif
      if ((_rl_to_lower (convfn[0]) == _rl_to_lower (filename[0])) &&
	  (convlen >= filename_len) &&
	  (_rl_strnicmp (filename, convfn, filename_len) == 0))
	return 1;
    }
  else
    {
      if ((convfn[0] == filename[0]) &&"
local.oob.memfunc.length-misuse.maxcover.v5,local.oob.memfunc.length-misuse.maxcover.v5,warning,low,"CWE-120,CWE-125,CWE-787",/mnt/WorkDrive/SAILR/dataset/19910/binutils_19910_fix/readline/readline/complete.c,2411,5,2411,12,High-coverage OOB risk: length/count may be unbounded for strncmp().,,2406,2416,"    }
  else
    {
      if ((convfn[0] == filename[0]) &&
	  (convlen >= filename_len) &&
	  (strncmp (filename, convfn, filename_len) == 0))
	return 1;
    }
  return 0;
}
"
local.oob.memfunc.length-misuse.maxcover.v5,local.oob.memfunc.length-misuse.maxcover.v5,warning,low,"CWE-120,CWE-125,CWE-787",/mnt/WorkDrive/SAILR/dataset/19910/binutils_19910_fix/readline/readline/history.c,539,3,539,10,High-coverage OOB risk: length/count may be unbounded for memmove().,,534,544,"
  /* Copy the rest of the entries, moving down NENTRIES slots.  Copy includes
     trailing NULL.  */
  start = the_history + first;
  end = the_history + last + 1;
  memmove (start, end, (history_length - last) * sizeof (HIST_ENTRY *));

  history_length -= nentries;

  return (return_value);
}"
local.oob.memfunc.length-misuse.maxcover.v5,local.oob.memfunc.length-misuse.maxcover.v5,warning,low,"CWE-120,CWE-125,CWE-787",/mnt/WorkDrive/SAILR/dataset/19910/binutils_19910_fix/readline/readline/complete.c,2260,28,2260,70,High-coverage OOB risk: length/count may be unbounded for strncmp().,,2255,2265,"
#if defined (HAVE_GETPWENT)
  while (entry = getpwent ())
    {
      /* Null usernames should result in all users as possible completions. */
      if (namelen == 0 || (STREQN (username, entry->pw_name, namelen)))
	break;
    }
#endif

  if (entry == 0)"
local.oob.memfunc.length-misuse.maxcover.v5,local.oob.memfunc.length-misuse.maxcover.v5,warning,low,"CWE-120,CWE-125,CWE-787",/mnt/WorkDrive/SAILR/dataset/19910/binutils_19910_fix/readline/readline/history.c,499,3,499,10,High-coverage OOB risk: length/count may be unbounded for memmove().,,494,504,"  /* Copy the rest of the entries, moving down one slot.  Copy includes
     trailing NULL.  */
  nentries = history_length - which;
  start = the_history + which;
  end = start + 1;
  memmove (start, end, nentries * sizeof (HIST_ENTRY *));
#else
  for (i = which; i < history_length; i++)
    the_history[i] = the_history[i + 1];
#endif
"
local.oob.memfunc.length-misuse.maxcover.v5,local.oob.memfunc.length-misuse.maxcover.v5,warning,low,"CWE-120,CWE-125,CWE-787",/mnt/WorkDrive/SAILR/dataset/19910/binutils_19910_fix/readline/readline/histfile.c,540,16,540,20,High-coverage OOB risk: length/count may be unbounded for read().,,535,545,"      rv = errno;
      close (file);
      goto truncate_exit;
    }

  chars_read = read (file, buffer, file_size);
  close (file);

  if (chars_read <= 0)
    {
      rv = (chars_read < 0) ? errno : 0;"
local.oob.memfunc.length-misuse.maxcover.v5,local.oob.memfunc.length-misuse.maxcover.v5,warning,low,"CWE-120,CWE-125,CWE-787",/mnt/WorkDrive/SAILR/dataset/19910/binutils_19910_fix/readline/readline/colors.c,164,18,164,25,High-coverage OOB risk: length/count may be unbounded for strncmp().,,159,169,"      mode = astat.st_mode;
#if defined (HAVE_LSTAT)
      if (S_ISLNK (mode))
	{
	  linkok = stat (name, &linkstat) == 0;
	  if (linkok && strncmp (_rl_color_indicator[C_LINK].string, ""target"", 6) == 0)
	    mode = linkstat.st_mode;
	}
      else
#endif
	linkok = 1;"
local.oob.memfunc.length-misuse.maxcover.v5,local.oob.memfunc.length-misuse.maxcover.v5,warning,low,"CWE-120,CWE-125,CWE-787",/mnt/WorkDrive/SAILR/dataset/19910/binutils_19910_fix/libiberty/cp-demangle.c,1765,10,1765,16,High-coverage OOB risk: length/count may be unbounded for memcmp().,,1760,1770,"
  /* Look for something which looks like a gcc encoding of an
     anonymous namespace, and replace it with a more user friendly
     name.  */
  if (len >= (int) ANONYMOUS_NAMESPACE_PREFIX_LEN + 2
      && memcmp (name, ANONYMOUS_NAMESPACE_PREFIX,
		 ANONYMOUS_NAMESPACE_PREFIX_LEN) == 0)
    {
      const char *s;

      s = name + ANONYMOUS_NAMESPACE_PREFIX_LEN;"
local.oob.memfunc.length-misuse.maxcover.v5,local.oob.memfunc.length-misuse.maxcover.v5,warning,low,"CWE-120,CWE-125,CWE-787",/mnt/WorkDrive/SAILR/dataset/19910/binutils_19910_fix/readline/readline/history.c,292,7,292,14,High-coverage OOB risk: length/count may be unbounded for memmove().,,287,297,"      if (the_history[0])
	(void) free_history_entry (the_history[0]);

      /* Copy the rest of the entries, moving down one slot.  Copy includes
	 trailing NULL.  */
      memmove (the_history, the_history + 1, history_length * sizeof (HIST_ENTRY *));

      new_length = history_length;
      history_base++;
    }
  else"
local.oob.memfunc.length-misuse.maxcover.v5,local.oob.memfunc.length-misuse.maxcover.v5,warning,low,"CWE-120,CWE-125,CWE-787",/mnt/WorkDrive/SAILR/dataset/19910/binutils_19910_fix/readline/readline/histsearch.c,130,8,130,41,High-coverage OOB risk: length/count may be unbounded for strncmp().,,125,135,"		  return (0);
		}
	    }
	  else
#endif
	  if (STREQN (string, line, string_len))
	    {
	      history_offset = i;
	      return (0);
	    }
"
local.oob.memfunc.length-misuse.maxcover.v5,local.oob.memfunc.length-misuse.maxcover.v5,warning,low,"CWE-120,CWE-125,CWE-787",/mnt/WorkDrive/SAILR/dataset/19910/binutils_19910_fix/readline/readline/histsearch.c,158,12,158,58,High-coverage OOB risk: length/count may be unbounded for strncmp().,,153,163,"		      return (line_index);
		    }
		}
	      else
#endif
	      if (STREQN (string, line + line_index, string_len))
		{
		  history_offset = i;
		  return (line_index);
		}
	      line_index--;"
local.oob.memfunc.length-misuse.maxcover.v5,local.oob.memfunc.length-misuse.maxcover.v5,warning,low,"CWE-120,CWE-125,CWE-787",/mnt/WorkDrive/SAILR/dataset/19910/binutils_19910_fix/readline/readline/histfile.c,329,16,329,20,High-coverage OOB risk: length/count may be unbounded for read().,,324,334,"    {
      errno = overflow_errno;
      goto error_and_exit;
    }

  chars_read = read (file, buffer, file_size);
#endif
  if (chars_read < 0)
    {
  error_and_exit:
      if (errno != 0)"
local.oob.memfunc.length-misuse.maxcover.v5,local.oob.memfunc.length-misuse.maxcover.v5,warning,low,"CWE-120,CWE-125,CWE-787",/mnt/WorkDrive/SAILR/dataset/19910/binutils_19910_fix/readline/readline/histsearch.c,186,12,186,58,High-coverage OOB risk: length/count may be unbounded for strncmp().,,181,191,"		      return (line_index);
		    }
		}
	      else
#endif
	      if (STREQN (string, line + line_index, string_len))
		{
		  history_offset = i;
		  return (line_index);
		}
	      line_index++;"
local.oob.memfunc.length-misuse.maxcover.v5,local.oob.memfunc.length-misuse.maxcover.v5,warning,low,"CWE-120,CWE-125,CWE-787",/mnt/WorkDrive/SAILR/dataset/19910/binutils_19910_fix/readline/readline/colors.c,256,18,256,25,High-coverage OOB risk: length/count may be unbounded for strncmp().,,251,261,"      len = strlen (name);
      name += len;		/* Pointer to final \0.  */
      for (ext = _rl_color_ext_list; ext != NULL; ext = ext->next)
        {
          if (ext->ext.len <= len
              && strncmp (name - ext->ext.len, ext->ext.string,
                          ext->ext.len) == 0)
            break;
        }
    }
"
local.oob.memfunc.length-misuse.maxcover.v5,local.oob.memfunc.length-misuse.maxcover.v5,warning,low,"CWE-120,CWE-125,CWE-787",/mnt/WorkDrive/SAILR/dataset/19910/binutils_19910_fix/readline/readline/colors.c,84,29,84,36,High-coverage OOB risk: length/count may be unbounded for strncmp().,,79,89,"is_colored (enum indicator_no colored_filetype)
{
  size_t len = _rl_color_indicator[colored_filetype].len;
  char const *s = _rl_color_indicator[colored_filetype].string;
  return ! (len == 0
            || (len == 1 && strncmp (s, ""0"", 1) == 0)
            || (len == 2 && strncmp (s, ""00"", 2) == 0));
}

static void
restore_default_color (void)"
local.oob.memfunc.length-misuse.maxcover.v5,local.oob.memfunc.length-misuse.maxcover.v5,warning,low,"CWE-120,CWE-125,CWE-787",/mnt/WorkDrive/SAILR/dataset/19910/binutils_19910_fix/readline/readline/colors.c,85,29,85,36,High-coverage OOB risk: length/count may be unbounded for strncmp().,,80,90,"{
  size_t len = _rl_color_indicator[colored_filetype].len;
  char const *s = _rl_color_indicator[colored_filetype].string;
  return ! (len == 0
            || (len == 1 && strncmp (s, ""0"", 1) == 0)
            || (len == 2 && strncmp (s, ""00"", 2) == 0));
}

static void
restore_default_color (void)
{"
local.oob.memfunc.length-misuse.maxcover.v5,local.oob.memfunc.length-misuse.maxcover.v5,warning,low,"CWE-120,CWE-125,CWE-787",/mnt/WorkDrive/SAILR/dataset/19910/binutils_19910_fix/readline/readline/histexpand.c,960,7,960,13,High-coverage OOB risk: length/count may be unbounded for memset().,,955,965,"      l += 4;
    }
  else
    {
#if defined (HANDLE_MULTIBYTE)
      memset (&ps, 0, sizeof (mbstate_t));
#endif

      string = hstring;
      /* If not quick substitution, still maybe have to do expansion. */
"
local.oob.memfunc.length-misuse.maxcover.v5,local.oob.memfunc.length-misuse.maxcover.v5,warning,low,"CWE-120,CWE-125,CWE-787",/mnt/WorkDrive/SAILR/dataset/19910/binutils_19910_fix/readline/readline/histexpand.c,1110,4,1110,10,High-coverage OOB risk: length/count may be unbounded for memset().,,1105,1115,"      if (MB_CUR_MAX > 1 && rl_byte_oriented == 0)
	{
	  int k, c;

	  c = tchar;
	  memset (mb, 0, sizeof (mb));
	  for (k = 0; k < MB_LEN_MAX; k++)
	    {
	      mb[k] = (char)c;
	      memset (&ps, 0, sizeof (mbstate_t));
	      if (_rl_get_char_len (mb, &ps) == -2)"
local.oob.memfunc.length-misuse.maxcover.v5,local.oob.memfunc.length-misuse.maxcover.v5,warning,low,"CWE-120,CWE-125,CWE-787",/mnt/WorkDrive/SAILR/dataset/19910/binutils_19910_fix/readline/readline/histexpand.c,1114,8,1114,14,High-coverage OOB risk: length/count may be unbounded for memset().,,1109,1119,"	  c = tchar;
	  memset (mb, 0, sizeof (mb));
	  for (k = 0; k < MB_LEN_MAX; k++)
	    {
	      mb[k] = (char)c;
	      memset (&ps, 0, sizeof (mbstate_t));
	      if (_rl_get_char_len (mb, &ps) == -2)
		c = string[++i];
	      else
		break;
	    }"
local.oob.memfunc.length-misuse.maxcover.v5,local.oob.memfunc.length-misuse.maxcover.v5,warning,low,"CWE-120,CWE-125,CWE-787",/mnt/WorkDrive/SAILR/dataset/19910/binutils_19910_fix/readline/readline/histexpand.c,1169,3,1169,10,High-coverage OOB risk: length/count may be unbounded for strncpy().,,1164,1174,"		quote = i++;
		hist_string_extract_single_quoted (string, &i, flag);

		slen = i - quote + 2;
		temp = (char *)xmalloc (slen);
		strncpy (temp, string + quote, slen);
		temp[slen - 1] = '\0';
		ADD_STRING (temp);
		xfree (temp);
	      }
	    else if (dquote == 0 && squote == 0 && history_quotes_inhibit_expansion == 0)"
local.oob.memfunc.length-misuse.maxcover.v5,local.oob.memfunc.length-misuse.maxcover.v5,warning,low,"CWE-120,CWE-125,CWE-787",/mnt/WorkDrive/SAILR/dataset/19910/binutils_19910_fix/readline/readline/histexpand.c,534,3,534,9,High-coverage OOB risk: length/count may be unbounded for memset().,,529,539,"  char *event, *temp, *result, *tstr, *t, c, *word_spec;
  int result_len;
#if defined (HANDLE_MULTIBYTE)
  mbstate_t ps;

  memset (&ps, 0, sizeof (mbstate_t));
#endif

  result = (char *)xmalloc (result_len = 128);

  i = start;"
local.oob.memfunc.length-misuse.maxcover.v5,local.oob.memfunc.length-misuse.maxcover.v5,warning,low,"CWE-120,CWE-125,CWE-787",/mnt/WorkDrive/SAILR/dataset/19910/binutils_19910_fix/readline/readline/complete.c,1329,4,1329,10,High-coverage OOB risk: length/count may be unbounded for memset().,,1324,1334,"  for (i = 1, low = 100000; i < matches; i++)
    {
#if defined (HANDLE_MULTIBYTE)
      if (MB_CUR_MAX > 1 && rl_byte_oriented == 0)
	{
	  memset (&ps1, 0, sizeof (mbstate_t));
	  memset (&ps2, 0, sizeof (mbstate_t));
	}
#endif
      if (_rl_completion_case_fold)
	{"
local.oob.memfunc.length-misuse.maxcover.v5,local.oob.memfunc.length-misuse.maxcover.v5,warning,low,"CWE-120,CWE-125,CWE-787",/mnt/WorkDrive/SAILR/dataset/19910/binutils_19910_fix/readline/readline/complete.c,1330,4,1330,10,High-coverage OOB risk: length/count may be unbounded for memset().,,1325,1335,"    {
#if defined (HANDLE_MULTIBYTE)
      if (MB_CUR_MAX > 1 && rl_byte_oriented == 0)
	{
	  memset (&ps1, 0, sizeof (mbstate_t));
	  memset (&ps2, 0, sizeof (mbstate_t));
	}
#endif
      if (_rl_completion_case_fold)
	{
	  for (si = 0;"
local.oob.memfunc.length-misuse.maxcover.v5,local.oob.memfunc.length-misuse.maxcover.v5,warning,low,"CWE-120,CWE-125,CWE-787",/mnt/WorkDrive/SAILR/dataset/19910/binutils_19910_fix/readline/readline/bind.c,2838,4,2838,11,High-coverage OOB risk: length/count may be unbounded for strncpy().,,2833,2843,"      if (_rl_isearch_terminators == 0)
	return 0;
      ret = _rl_untranslate_macro_value (_rl_isearch_terminators, 0);
      if (ret)
	{
	  strncpy (numbuf, ret, sizeof (numbuf) - 1);
	  xfree (ret);
	  numbuf[sizeof(numbuf) - 1] = '\0';
	}
      else
	numbuf[0] = '\0';"
local.oob.memfunc.length-misuse.maxcover.v5,local.oob.memfunc.length-misuse.maxcover.v5,warning,low,"CWE-120,CWE-125,CWE-787",/mnt/WorkDrive/SAILR/dataset/19910/binutils_19910_fix/readline/readline/complete.c,1437,10,1437,17,High-coverage OOB risk: length/count may be unbounded for strncmp().,,1432,1442,"	  /* Try to preserve the case of what the user typed in the presence of
	     multiple matches: check each match for something that matches
	     what the user typed taking case into account; use it up to common
	     length of matches if one is found.  If not, just use first match. */
	  for (i = 1; i <= matches; i++)
	    if (strncmp (match_list[i], text, lx) == 0)
	      {
		strncpy (match_list[0], match_list[i], low);
		break;
	      }
	  /* no casematch, use first entry */"
local.oob.memfunc.length-misuse.maxcover.v5,local.oob.memfunc.length-misuse.maxcover.v5,warning,low,"CWE-120,CWE-125,CWE-787",/mnt/WorkDrive/SAILR/dataset/19910/binutils_19910_fix/readline/readline/complete.c,1439,3,1439,10,High-coverage OOB risk: length/count may be unbounded for strncpy().,,1434,1444,"	     what the user typed taking case into account; use it up to common
	     length of matches if one is found.  If not, just use first match. */
	  for (i = 1; i <= matches; i++)
	    if (strncmp (match_list[i], text, lx) == 0)
	      {
		strncpy (match_list[0], match_list[i], low);
		break;
	      }
	  /* no casematch, use first entry */
	  if (i > matches)
	    strncpy (match_list[0], match_list[1], low);"
local.oob.memfunc.length-misuse.maxcover.v5,local.oob.memfunc.length-misuse.maxcover.v5,warning,low,"CWE-120,CWE-125,CWE-787",/mnt/WorkDrive/SAILR/dataset/19910/binutils_19910_fix/readline/readline/complete.c,1444,6,1444,13,High-coverage OOB risk: length/count may be unbounded for strncpy().,,1439,1449,"		strncpy (match_list[0], match_list[i], low);
		break;
	      }
	  /* no casematch, use first entry */
	  if (i > matches)
	    strncpy (match_list[0], match_list[1], low);

	  FREE (dtext);
	}
      else
        strncpy (match_list[0], match_list[1], low);"
local.oob.memfunc.length-misuse.maxcover.v5,local.oob.memfunc.length-misuse.maxcover.v5,warning,low,"CWE-120,CWE-125,CWE-787",/mnt/WorkDrive/SAILR/dataset/19910/binutils_19910_fix/readline/readline/complete.c,1449,9,1449,16,High-coverage OOB risk: length/count may be unbounded for strncpy().,,1444,1454,"	    strncpy (match_list[0], match_list[1], low);

	  FREE (dtext);
	}
      else
        strncpy (match_list[0], match_list[1], low);

      match_list[0][low] = '\0';
    }

  return matches;"
local.oob.memfunc.length-misuse.maxcover.v5,local.oob.memfunc.length-misuse.maxcover.v5,warning,low,"CWE-120,CWE-125,CWE-787",/mnt/WorkDrive/SAILR/dataset/19910/binutils_19910_fix/readline/readline/histexpand.c,780,7,780,49,High-coverage OOB risk: length/count may be unbounded for strncmp().,,775,785,"		      ;
		    ws = si;
		    we = history_tokenize_word (temp, si);
		  }

		if (STREQN (temp+si, subst_lhs, subst_lhs_len))
		  {
		    int len = subst_rhs_len - subst_lhs_len + l_temp;
		    new_event = (char *)xmalloc (1 + len);
		    strncpy (new_event, temp, si);
		    strncpy (new_event + si, subst_rhs, subst_rhs_len);"
local.oob.memfunc.length-misuse.maxcover.v5,local.oob.memfunc.length-misuse.maxcover.v5,warning,low,"CWE-120,CWE-125,CWE-787",/mnt/WorkDrive/SAILR/dataset/19910/binutils_19910_fix/readline/readline/histexpand.c,784,7,784,14,High-coverage OOB risk: length/count may be unbounded for strncpy().,,779,789,"
		if (STREQN (temp+si, subst_lhs, subst_lhs_len))
		  {
		    int len = subst_rhs_len - subst_lhs_len + l_temp;
		    new_event = (char *)xmalloc (1 + len);
		    strncpy (new_event, temp, si);
		    strncpy (new_event + si, subst_rhs, subst_rhs_len);
		    strncpy (new_event + si + subst_rhs_len,
			     temp + si + subst_lhs_len,
			     l_temp - (si + subst_lhs_len));
		    new_event[len] = '\0';"
local.oob.memfunc.length-misuse.maxcover.v5,local.oob.memfunc.length-misuse.maxcover.v5,warning,low,"CWE-120,CWE-125,CWE-787",/mnt/WorkDrive/SAILR/dataset/19910/binutils_19910_fix/readline/readline/histexpand.c,785,7,785,14,High-coverage OOB risk: length/count may be unbounded for strncpy().,,780,790,"		if (STREQN (temp+si, subst_lhs, subst_lhs_len))
		  {
		    int len = subst_rhs_len - subst_lhs_len + l_temp;
		    new_event = (char *)xmalloc (1 + len);
		    strncpy (new_event, temp, si);
		    strncpy (new_event + si, subst_rhs, subst_rhs_len);
		    strncpy (new_event + si + subst_rhs_len,
			     temp + si + subst_lhs_len,
			     l_temp - (si + subst_lhs_len));
		    new_event[len] = '\0';
		    xfree (temp);"
local.oob.memfunc.length-misuse.maxcover.v5,local.oob.memfunc.length-misuse.maxcover.v5,warning,low,"CWE-120,CWE-125,CWE-787",/mnt/WorkDrive/SAILR/dataset/19910/binutils_19910_fix/readline/readline/histexpand.c,786,7,786,14,High-coverage OOB risk: length/count may be unbounded for strncpy().,,781,791,"		  {
		    int len = subst_rhs_len - subst_lhs_len + l_temp;
		    new_event = (char *)xmalloc (1 + len);
		    strncpy (new_event, temp, si);
		    strncpy (new_event + si, subst_rhs, subst_rhs_len);
		    strncpy (new_event + si + subst_rhs_len,
			     temp + si + subst_lhs_len,
			     l_temp - (si + subst_lhs_len));
		    new_event[len] = '\0';
		    xfree (temp);
		    temp = new_event;"
local.oob.memfunc.length-misuse.maxcover.v5,local.oob.memfunc.length-misuse.maxcover.v5,warning,low,"CWE-120,CWE-125,CWE-787",/mnt/WorkDrive/SAILR/dataset/19910/binutils_19910_fix/readline/readline/display.c,3156,3,3156,9,High-coverage OOB risk: length/count may be unbounded for memset().,,3151,3161,"    return 0;
  if (MB_CUR_MAX == 1 || rl_byte_oriented)
    /* this can happen in some cases where it's inconvenient to check */
    return (end - start);

  memset (&ps, 0, sizeof (mbstate_t));

  point = 0;
  max = end;

  /* Try to short-circuit common cases.  The adjustment to remove wrap_offset"
local.oob.memfunc.length-misuse.maxcover.v5,local.oob.memfunc.length-misuse.maxcover.v5,warning,low,"CWE-120,CWE-125,CWE-787",/mnt/WorkDrive/SAILR/dataset/19910/binutils_19910_fix/readline/readline/display.c,3164,57,3164,63,High-coverage OOB risk: length/count may be unbounded for memcmp().,,3159,3169,"  max = end;

  /* Try to short-circuit common cases.  The adjustment to remove wrap_offset
     is done by the caller. */
  /* 1.  prompt string */
  if (flags && start == 0 && end == local_prompt_len && memcmp (str, local_prompt, local_prompt_len) == 0)
    return (prompt_physical_chars + wrap_offset);
  /* 2.  prompt string + line contents */
  else if (flags && start == 0 && local_prompt_len > 0 && end > local_prompt_len && local_prompt && memcmp (str, local_prompt, local_prompt_len) == 0)
    {
      tmp = prompt_physical_chars + wrap_offset;"
local.oob.memfunc.length-misuse.maxcover.v5,local.oob.memfunc.length-misuse.maxcover.v5,warning,low,"CWE-120,CWE-125,CWE-787",/mnt/WorkDrive/SAILR/dataset/19910/binutils_19910_fix/readline/readline/display.c,3167,101,3167,107,High-coverage OOB risk: length/count may be unbounded for memcmp().,,3162,3172,"     is done by the caller. */
  /* 1.  prompt string */
  if (flags && start == 0 && end == local_prompt_len && memcmp (str, local_prompt, local_prompt_len) == 0)
    return (prompt_physical_chars + wrap_offset);
  /* 2.  prompt string + line contents */
  else if (flags && start == 0 && local_prompt_len > 0 && end > local_prompt_len && local_prompt && memcmp (str, local_prompt, local_prompt_len) == 0)
    {
      tmp = prompt_physical_chars + wrap_offset;
      /* XXX - try to call ourselves recursively with non-prompt portion */
      tmp += _rl_col_width (str, local_prompt_len, end, flags);
      return (tmp);"
local.oob.memfunc.length-misuse.maxcover.v5,local.oob.memfunc.length-misuse.maxcover.v5,warning,low,"CWE-120,CWE-125,CWE-787",/mnt/WorkDrive/SAILR/dataset/19910/binutils_19910_fix/readline/readline/display.c,3179,4,3179,10,High-coverage OOB risk: length/count may be unbounded for memset().,,3174,3184,"
  while (point < start)
    {
      if (_rl_utf8locale && UTF8_SINGLEBYTE(str[point]))
	{
	  memset (&ps, 0, sizeof (mbstate_t));
	  tmp = 1;
	}
      else
	tmp = mbrlen (str + point, max, &ps);
      if (MB_INVALIDCH ((size_t)tmp))"
local.oob.memfunc.length-misuse.maxcover.v5,local.oob.memfunc.length-misuse.maxcover.v5,warning,low,"CWE-120,CWE-125,CWE-787",/mnt/WorkDrive/SAILR/dataset/19910/binutils_19910_fix/readline/readline/display.c,3194,4,3194,10,High-coverage OOB risk: length/count may be unbounded for memset().,,3189,3199,"	  point++;
	  max--;

	  /* Clear the state of the byte sequence, because in this case the
	     effect of mbstate is undefined. */
	  memset (&ps, 0, sizeof (mbstate_t));
	}
      else if (MB_NULLWCH (tmp))
	break;		/* Found '\0' */
      else
	{"
local.oob.memfunc.length-misuse.maxcover.v5,local.oob.memfunc.length-misuse.maxcover.v5,warning,low,"CWE-120,CWE-125,CWE-787",/mnt/WorkDrive/SAILR/dataset/19910/binutils_19910_fix/readline/readline/histexpand.c,444,3,444,9,High-coverage OOB risk: length/count may be unbounded for memset().,,439,449,"
  s = (char *)NULL;
  i = *iptr;

#if defined (HANDLE_MULTIBYTE)
  memset (&ps, 0, sizeof (mbstate_t));
  _rl_adjust_point (str, i, &ps);
#endif

  for (si = i; str[si] && str[si] != delimiter; si++)
#if defined (HANDLE_MULTIBYTE)"
local.oob.memfunc.length-misuse.maxcover.v5,local.oob.memfunc.length-misuse.maxcover.v5,warning,low,"CWE-120,CWE-125,CWE-787",/mnt/WorkDrive/SAILR/dataset/19910/binutils_19910_fix/readline/readline/display.c,3232,4,3232,10,High-coverage OOB risk: length/count may be unbounded for memset().,,3227,3237,"	  /* and assume that the byte occupies a single column. */
	  width++;

	  /* Clear the state of the byte sequence, because in this case the
	     effect of mbstate is undefined. */
	  memset (&ps, 0, sizeof (mbstate_t));
	}
      else if (MB_NULLWCH (tmp))
	break;			/* Found '\0' */
      else
	{"
local.oob.memfunc.length-misuse.maxcover.v5,local.oob.memfunc.length-misuse.maxcover.v5,warning,low,"CWE-120,CWE-125,CWE-787",/mnt/WorkDrive/SAILR/dataset/19910/binutils_19910_fix/readline/readline/histexpand.c,412,3,412,10,High-coverage OOB risk: length/count may be unbounded for strncpy().,,407,417,"      elen = 23;
      break;
    }

  temp = (char *)xmalloc (ll + elen + 3);
  strncpy (temp, s + start, ll);
  temp[ll] = ':';
  temp[ll + 1] = ' ';
  strcpy (temp + ll + 2, emsg);
  return (temp);
}"
local.oob.memfunc.length-misuse.maxcover.v5,local.oob.memfunc.length-misuse.maxcover.v5,warning,low,"CWE-120,CWE-125,CWE-787",/mnt/WorkDrive/SAILR/dataset/19910/binutils_19910_fix/readline/readline/complete.c,806,3,806,9,High-coverage OOB risk: length/count may be unbounded for memset().,,801,811,"  int width;
  wchar_t wc;

  print_len = strlen (to_print);
  end = to_print + print_len + 1;
  memset (&ps, 0, sizeof (mbstate_t));
#else
  print_len = strlen (to_print);
#endif

  printed_len = common_prefix_len = 0;"
local.oob.memfunc.length-misuse.maxcover.v5,local.oob.memfunc.length-misuse.maxcover.v5,warning,low,"CWE-120,CWE-125,CWE-787",/mnt/WorkDrive/SAILR/dataset/19910/binutils_19910_fix/readline/readline/input.c,676,3,676,9,High-coverage OOB risk: length/count may be unbounded for memset().,,671,681,"{
  int i, c, n;
  mbstate_t ps;

  c = first;
  memset (mb, 0, mlen);
  for (i = 0; c >= 0 && i < mlen; i++)
    {
      mb[i] = (char)c;
      memset (&ps, 0, sizeof (mbstate_t));
      n = _rl_get_char_len (mb, &ps);"
local.oob.memfunc.length-misuse.maxcover.v5,local.oob.memfunc.length-misuse.maxcover.v5,warning,low,"CWE-120,CWE-125,CWE-787",/mnt/WorkDrive/SAILR/dataset/19910/binutils_19910_fix/readline/readline/input.c,680,7,680,13,High-coverage OOB risk: length/count may be unbounded for memset().,,675,685,"  c = first;
  memset (mb, 0, mlen);
  for (i = 0; c >= 0 && i < mlen; i++)
    {
      mb[i] = (char)c;
      memset (&ps, 0, sizeof (mbstate_t));
      n = _rl_get_char_len (mb, &ps);
      if (n == -2)
	{
	  /* Read more for multibyte character */
	  RL_SETSTATE (RL_STATE_MOREINPUT);"
local.oob.memfunc.length-misuse.maxcover.v5,local.oob.memfunc.length-misuse.maxcover.v5,warning,low,"CWE-120,CWE-125,CWE-787",/mnt/WorkDrive/SAILR/dataset/19910/binutils_19910_fix/readline/readline/input.c,628,3,628,9,High-coverage OOB risk: length/count may be unbounded for memset().,,623,633,"  int mb_len, c;
  size_t mbchar_bytes_length;
  wchar_t wc;
  mbstate_t ps, ps_back;

  memset(&ps, 0, sizeof (mbstate_t));
  memset(&ps_back, 0, sizeof (mbstate_t));

  mb_len = 0;  
  while (mb_len < size)
    {"
local.oob.memfunc.length-misuse.maxcover.v5,local.oob.memfunc.length-misuse.maxcover.v5,warning,low,"CWE-120,CWE-125,CWE-787",/mnt/WorkDrive/SAILR/dataset/19910/binutils_19910_fix/readline/readline/input.c,629,3,629,9,High-coverage OOB risk: length/count may be unbounded for memset().,,624,634,"  size_t mbchar_bytes_length;
  wchar_t wc;
  mbstate_t ps, ps_back;

  memset(&ps, 0, sizeof (mbstate_t));
  memset(&ps_back, 0, sizeof (mbstate_t));

  mb_len = 0;  
  while (mb_len < size)
    {
      RL_SETSTATE(RL_STATE_MOREINPUT);"
local.oob.memfunc.length-misuse.maxcover.v5,local.oob.memfunc.length-misuse.maxcover.v5,warning,low,"CWE-120,CWE-125,CWE-787",/mnt/WorkDrive/SAILR/dataset/19910/binutils_19910_fix/readline/readline/complete.c,854,4,854,10,High-coverage OOB risk: length/count may be unbounded for memset().,,849,859,"          putc ('^', rl_outstream);
          putc (UNCTRL (*s), rl_outstream);
          printed_len += 2;
          s++;
#if defined (HANDLE_MULTIBYTE)
	  memset (&ps, 0, sizeof (mbstate_t));
#endif
        }
      else if (*s == RUBOUT)
	{
	  putc ('^', rl_outstream);"
local.oob.memfunc.length-misuse.maxcover.v5,local.oob.memfunc.length-misuse.maxcover.v5,warning,low,"CWE-120,CWE-125,CWE-787",/mnt/WorkDrive/SAILR/dataset/19910/binutils_19910_fix/readline/readline/complete.c,864,4,864,10,High-coverage OOB risk: length/count may be unbounded for memset().,,859,869,"	  putc ('^', rl_outstream);
	  putc ('?', rl_outstream);
	  printed_len += 2;
	  s++;
#if defined (HANDLE_MULTIBYTE)
	  memset (&ps, 0, sizeof (mbstate_t));
#endif
	}
      else
	{
#if defined (HANDLE_MULTIBYTE)"
local.oob.memfunc.length-misuse.maxcover.v5,local.oob.memfunc.length-misuse.maxcover.v5,warning,low,"CWE-120,CWE-125,CWE-787",/mnt/WorkDrive/SAILR/dataset/19910/binutils_19910_fix/readline/readline/complete.c,875,8,875,14,High-coverage OOB risk: length/count may be unbounded for memset().,,870,880,"	  tlen = mbrtowc (&wc, s, end - s, &ps);
	  if (MB_INVALIDCH (tlen))
	    {
	      tlen = 1;
	      width = 1;
	      memset (&ps, 0, sizeof (mbstate_t));
	    }
	  else if (MB_NULLWCH (tlen))
	    break;
	  else
	    {"
local.oob.memfunc.length-misuse.maxcover.v5,local.oob.memfunc.length-misuse.maxcover.v5,warning,low,"CWE-120,CWE-125,CWE-787",/mnt/WorkDrive/SAILR/dataset/19910/binutils_19910_fix/readline/readline/histexpand.c,221,4,221,10,High-coverage OOB risk: length/count may be unbounded for memset().,,216,226,"      if (MB_CUR_MAX > 1 && rl_byte_oriented == 0)
	{
	  int v;
	  mbstate_t ps;

	  memset (&ps, 0, sizeof (mbstate_t));
	  /* These produce warnings because we're passing a const string to a
	     function that takes a non-const string. */
	  _rl_adjust_point ((char *)string, i, &ps);
	  if ((v = _rl_get_char_len ((char *)string + i, &ps)) > 1)
	    {"
local.oob.memfunc.length-misuse.maxcover.v5,local.oob.memfunc.length-misuse.maxcover.v5,warning,low,"CWE-120,CWE-125,CWE-787",/mnt/WorkDrive/SAILR/dataset/19910/binutils_19910_fix/readline/readline/complete.c,750,3,750,9,High-coverage OOB risk: length/count may be unbounded for memset().,,745,755,"  int left, w;
  size_t clen;
  wchar_t wc;

  left = strlen (string) + 1;
  memset (&ps, 0, sizeof (mbstate_t));
#endif

  width = pos = 0;
  while (string[pos])
    {"
local.oob.memfunc.length-misuse.maxcover.v5,local.oob.memfunc.length-misuse.maxcover.v5,warning,low,"CWE-120,CWE-125,CWE-787",/mnt/WorkDrive/SAILR/dataset/19910/binutils_19910_fix/readline/readline/complete.c,769,8,769,14,High-coverage OOB risk: length/count may be unbounded for memset().,,764,774,"	  clen = mbrtowc (&wc, string + pos, left - pos, &ps);
	  if (MB_INVALIDCH (clen))
	    {
	      width++;
	      pos++;
	      memset (&ps, 0, sizeof (mbstate_t));
	    }
	  else if (MB_NULLWCH (clen))
	    break;
	  else
	    {"
local.oob.memfunc.length-misuse.maxcover.v5,local.oob.memfunc.length-misuse.maxcover.v5,warning,low,"CWE-120,CWE-125,CWE-787",/mnt/WorkDrive/SAILR/dataset/19910/binutils_19910_fix/readline/readline/input.c,537,11,537,15,High-coverage OOB risk: length/count may be unbounded for read().,,532,542,"      sigprocmask (SIG_BLOCK, (sigset_t *)NULL, &empty_set);
      result = pselect (fileno (stream) + 1, &readfds, NULL, NULL, NULL, &empty_set);
#  endif /* HANDLE_SIGNALS */
#endif
      if (result >= 0)
	result = read (fileno (stream), &c, sizeof (unsigned char));

      if (result == sizeof (unsigned char))
	return (c);

      /* If zero characters are returned, then the file that we are"
local.oob.memfunc.length-misuse.maxcover.v5,local.oob.memfunc.length-misuse.maxcover.v5,warning,low,"CWE-120,CWE-125,CWE-787",/mnt/WorkDrive/SAILR/dataset/19910/binutils_19910_fix/readline/readline/histexpand.c,245,5,245,12,High-coverage OOB risk: length/count may be unbounded for strncpy().,,240,250,"    }

  which = i - local_index;
  temp = (char *)xmalloc (1 + which);
  if (which)
    strncpy (temp, string + local_index, which);
  temp[which] = '\0';

  if (substring_okay && string[i] == '?')
    i++;
"
local.oob.memfunc.length-misuse.maxcover.v5,local.oob.memfunc.length-misuse.maxcover.v5,warning,low,"CWE-120,CWE-125,CWE-787",/mnt/WorkDrive/SAILR/dataset/19910/binutils_19910_fix/readline/readline/input.c,251,21,251,25,High-coverage OOB risk: length/count may be unbounded for read().,,246,256,"  if (result == -1)
    {
      tem = fcntl (tty, F_GETFL, 0);

      fcntl (tty, F_SETFL, (tem | O_NDELAY));
      chars_avail = read (tty, &input, 1);

      fcntl (tty, F_SETFL, tem);
      if (chars_avail == -1 && errno == EAGAIN)
	return 0;
      if (chars_avail == -1 && errno == EIO)"
local.oob.memfunc.length-misuse.maxcover.v5,local.oob.memfunc.length-misuse.maxcover.v5,warning,low,"CWE-120,CWE-125,CWE-787",/mnt/WorkDrive/SAILR/dataset/19910/binutils_19910_fix/readline/readline/bind.c,2361,7,2361,13,High-coverage OOB risk: length/count may be unbounded for memcpy().,,2356,2366,"    ;

  if (keymap_names == builtin_keymap_names)
    {
      keymap_names = xmalloc ((i + 2) * sizeof (struct name_and_keymap));
      memcpy (keymap_names, builtin_keymap_names, i * sizeof (struct name_and_keymap));
    }
  else
    keymap_names = xrealloc (keymap_names, (i + 2) * sizeof (struct name_and_keymap));

  keymap_names[i].name = savestring (name);"
local.oob.memfunc.length-misuse.maxcover.v5,local.oob.memfunc.length-misuse.maxcover.v5,warning,low,"CWE-120,CWE-125,CWE-787",/mnt/WorkDrive/SAILR/dataset/19910/binutils_19910_fix/readline/readline/display.c,2394,38,2394,44,High-coverage OOB risk: length/count may be unbounded for memcmp().,,2389,2399,"    {
      adjust = 1;
      /* Try to short-circuit common cases and eliminate a bunch of multibyte
	 character function calls. */
      /* 1.  prompt string */
      if (new == local_prompt_len && memcmp (data, local_prompt, new) == 0)
	{
	  dpos = prompt_physical_chars;
	  cpos_adjusted = 1;
	  adjust = 0;
	}"
local.oob.memfunc.length-misuse.maxcover.v5,local.oob.memfunc.length-misuse.maxcover.v5,warning,low,"CWE-120,CWE-125,CWE-787",/mnt/WorkDrive/SAILR/dataset/19910/binutils_19910_fix/readline/readline/display.c,2401,58,2401,64,High-coverage OOB risk: length/count may be unbounded for memcmp().,,2396,2406,"	  dpos = prompt_physical_chars;
	  cpos_adjusted = 1;
	  adjust = 0;
	}
      /* 2.  prompt_string + line contents */
      else if (new > local_prompt_len && local_prompt && memcmp (data, local_prompt, local_prompt_len) == 0)
	{
	  dpos = prompt_physical_chars + _rl_col_width (data, local_prompt_len, new, 1);
	  cpos_adjusted = 1;
	  adjust = 0;
	}"
local.oob.memfunc.length-misuse.maxcover.v5,local.oob.memfunc.length-misuse.maxcover.v5,warning,low,"CWE-120,CWE-125,CWE-787",/mnt/WorkDrive/SAILR/dataset/19910/binutils_19910_fix/readline/readline/kill.c,698,4,698,77,High-coverage OOB risk: length/count may be unbounded for strncmp().,,693,703,"      if (len == cap)
	buf = xrealloc (buf, cap *= 2);

      buf[len++] = c;
      if (len >= BRACK_PASTE_SLEN && c == BRACK_PASTE_LAST &&
	  STREQN (buf + len - BRACK_PASTE_SLEN, BRACK_PASTE_SUFF, BRACK_PASTE_SLEN))
	{
	  len -= BRACK_PASTE_SLEN;
	  break;
	}
    }"
local.oob.memfunc.length-misuse.maxcover.v5,local.oob.memfunc.length-misuse.maxcover.v5,warning,low,"CWE-120,CWE-125,CWE-787",/mnt/WorkDrive/SAILR/dataset/19910/binutils_19910_fix/readline/readline/mbutil.c,406,3,406,9,High-coverage OOB risk: length/count may be unbounded for memset().,,401,411,"  l = strlen (buf);
  if (ind >= l - 1)
    return ((wchar_t) buf[ind]);
  if (l < ind)			/* Sanity check */
    l = strlen (buf+ind);
  memset (&ps, 0, sizeof (mbstate_t));
  tmp = mbrtowc (&wc, buf + ind, l - ind, &ps);
  if (MB_INVALIDCH (tmp) || MB_NULLWCH (tmp))  
    return ((wchar_t) buf[ind]);
  return wc;
}"
local.oob.memfunc.length-misuse.maxcover.v5,local.oob.memfunc.length-misuse.maxcover.v5,warning,low,"CWE-120,CWE-125,CWE-787",/mnt/WorkDrive/SAILR/dataset/19910/binutils_19910_fix/readline/readline/bind.c,1968,7,1968,19,High-coverage OOB risk: length/count may be unbounded for strncasecmp().,,1963,1973,"}

static int
sv_editmode (const char *value)
{
  if (_rl_strnicmp (value, ""vi"", 2) == 0)
    {
#if defined (VI_MODE)
      _rl_keymap = vi_insertion_keymap;
      rl_editing_mode = vi_mode;
#endif /* VI_MODE */"
local.oob.memfunc.length-misuse.maxcover.v5,local.oob.memfunc.length-misuse.maxcover.v5,warning,low,"CWE-120,CWE-125,CWE-787",/mnt/WorkDrive/SAILR/dataset/19910/binutils_19910_fix/readline/readline/kill.c,548,17,548,76,High-coverage OOB risk: length/count may be unbounded for strncmp().,,543,553,"      return 1;
    }

  l = strlen (rl_kill_ring[rl_kill_index]);
  n = rl_point - l;
  if (n >= 0 && STREQN (rl_line_buffer + n, rl_kill_ring[rl_kill_index], l))
    {
      rl_delete_text (n, rl_point);
      rl_point = n;
      rl_kill_index--;
      if (rl_kill_index < 0)"
local.oob.memfunc.length-misuse.maxcover.v5,local.oob.memfunc.length-misuse.maxcover.v5,warning,low,"CWE-120,CWE-125,CWE-787",/mnt/WorkDrive/SAILR/dataset/19910/binutils_19910_fix/readline/readline/bind.c,1976,12,1976,24,High-coverage OOB risk: length/count may be unbounded for strncasecmp().,,1971,1981,"      _rl_keymap = vi_insertion_keymap;
      rl_editing_mode = vi_mode;
#endif /* VI_MODE */
      return 0;
    }
  else if (_rl_strnicmp (value, ""emacs"", 5) == 0)
    {
      _rl_keymap = emacs_standard_keymap;
      rl_editing_mode = emacs_mode;
      return 0;
    }"
local.oob.memfunc.length-misuse.maxcover.v5,local.oob.memfunc.length-misuse.maxcover.v5,warning,low,"CWE-120,CWE-125,CWE-787",/mnt/WorkDrive/SAILR/dataset/19910/binutils_19910_fix/readline/readline/display.c,1518,4,1518,10,High-coverage OOB risk: length/count may be unbounded for memset().,,1513,1523,"	     _rl_wrapped_multicolumn */
	  if (current_line < line_state_invisible->wbsize && line_state_invisible->wrapped_line[current_line] > 0)
	    _rl_clear_to_eol (line_state_invisible->wrapped_line[current_line]);

	  /* 1. how many screen positions does first char in old consume? */
	  memset (&ps, 0, sizeof (mbstate_t));
	  ret = mbrtowc (&wc, old, mb_cur_max, &ps);
	  oldbytes = ret;
	  if (MB_INVALIDCH (ret))
	    {
	      oldwidth = 1;"
local.oob.memfunc.length-misuse.maxcover.v5,local.oob.memfunc.length-misuse.maxcover.v5,warning,low,"CWE-120,CWE-125,CWE-787",/mnt/WorkDrive/SAILR/dataset/19910/binutils_19910_fix/readline/readline/display.c,1534,4,1534,10,High-coverage OOB risk: length/count may be unbounded for memset().,,1529,1539,"	    oldwidth = WCWIDTH (wc);
	  if (oldwidth < 0)
	    oldwidth = 1;

	  /* 2. how many screen positions does the first char in new consume? */
	  memset (&ps, 0, sizeof (mbstate_t));
	  ret = mbrtowc (&wc, new, mb_cur_max, &ps);
	  newbytes = ret;
	  if (MB_INVALIDCH (ret))
	    {
	      newwidth = 1;"
local.oob.memfunc.length-misuse.maxcover.v5,local.oob.memfunc.length-misuse.maxcover.v5,warning,low,"CWE-120,CWE-125,CWE-787",/mnt/WorkDrive/SAILR/dataset/19910/binutils_19910_fix/readline/readline/kill.c,516,17,516,76,High-coverage OOB risk: length/count may be unbounded for strncmp().,,511,521,"      return 1;
    }

  l = strlen (rl_kill_ring[rl_kill_index]);
  n = rl_point - l;
  if (n >= 0 && STREQN (rl_line_buffer + n, rl_kill_ring[rl_kill_index], l))
    {
      rl_delete_text (n, rl_point);
      rl_point = n;
      rl_kill_index--;
      if (rl_kill_index < 0)"
local.oob.memfunc.length-misuse.maxcover.v5,local.oob.memfunc.length-misuse.maxcover.v5,warning,low,"CWE-120,CWE-125,CWE-787",/mnt/WorkDrive/SAILR/dataset/19910/binutils_19910_fix/readline/readline/mbutil.c,364,6,364,12,High-coverage OOB risk: length/count may be unbounded for memset().,,359,369,"	     a single character anyway. */
	  pos++;
	  /* clear the state of the byte sequence, because
	     in this case effect of mbstate is undefined  */
	  if (ps)
	    memset (ps, 0, sizeof (mbstate_t));
	}
      else if (MB_NULLWCH (tmp))
	pos++;
      else
	pos += tmp;"
local.oob.memfunc.length-misuse.maxcover.v5,local.oob.memfunc.length-misuse.maxcover.v5,warning,low,"CWE-120,CWE-125,CWE-787",/mnt/WorkDrive/SAILR/dataset/19910/binutils_19910_fix/readline/readline/display.c,1622,5,1622,12,High-coverage OOB risk: length/count may be unbounded for memmove().,,1617,1627,"		{
		  /* We have written as many bytes from new as we need to
		     consume the first character of old. Fix up `old' so it
		     reflects the new screen contents.  We use +1 in the
		     memmove call to copy the trailing NUL. */
		  memmove (old+newbytes, old+oldbytes, strlen (old+oldbytes) + 1);
		  memcpy (old, new, newbytes);
		  j = newbytes - oldbytes;
		      
		  omax += j;
		  /* Fix up indices if we copy data from one line to another */"
local.oob.memfunc.length-misuse.maxcover.v5,local.oob.memfunc.length-misuse.maxcover.v5,warning,low,"CWE-120,CWE-125,CWE-787",/mnt/WorkDrive/SAILR/dataset/19910/binutils_19910_fix/readline/readline/display.c,1623,5,1623,11,High-coverage OOB risk: length/count may be unbounded for memcpy().,,1618,1628,"		  /* We have written as many bytes from new as we need to
		     consume the first character of old. Fix up `old' so it
		     reflects the new screen contents.  We use +1 in the
		     memmove call to copy the trailing NUL. */
		  memmove (old+newbytes, old+oldbytes, strlen (old+oldbytes) + 1);
		  memcpy (old, new, newbytes);
		  j = newbytes - oldbytes;
		      
		  omax += j;
		  /* Fix up indices if we copy data from one line to another */
		  for (i = current_line+1; i <= inv_botlin+1; i++)"
local.oob.memfunc.length-misuse.maxcover.v5,local.oob.memfunc.length-misuse.maxcover.v5,warning,low,"CWE-120,CWE-125,CWE-787",/mnt/WorkDrive/SAILR/dataset/19910/binutils_19910_fix/readline/readline/mbutil.c,293,2,293,8,High-coverage OOB risk: length/count may be unbounded for memset().,,288,298,"    }
  if (tmp == (size_t)(-2))
    {
      /* too short to compose multibyte char */
      if (ps)
	memset (ps, 0, sizeof(mbstate_t));
      return -2;
    }
  else if (tmp == (size_t)(-1))
    {
      /* invalid to compose multibyte char */"
local.oob.memfunc.length-misuse.maxcover.v5,local.oob.memfunc.length-misuse.maxcover.v5,warning,low,"CWE-120,CWE-125,CWE-787",/mnt/WorkDrive/SAILR/dataset/19910/binutils_19910_fix/readline/readline/mbutil.c,301,2,301,8,High-coverage OOB risk: length/count may be unbounded for memset().,,296,306,"  else if (tmp == (size_t)(-1))
    {
      /* invalid to compose multibyte char */
      /* initialize the conversion state */
      if (ps)
	memset (ps, 0, sizeof(mbstate_t));
      return -1;
    }
  else if (tmp == (size_t)0)
    return 0;
  else"
local.oob.memfunc.length-misuse.maxcover.v5,local.oob.memfunc.length-misuse.maxcover.v5,warning,low,"CWE-120,CWE-125,CWE-787",/mnt/WorkDrive/SAILR/dataset/19910/binutils_19910_fix/readline/readline/mbutil.c,217,3,217,9,High-coverage OOB risk: length/count may be unbounded for memset().,,212,222,"  mbstate_t ps;
  int prev, non_zero_prev, point, length;
  size_t tmp;
  wchar_t wc;

  memset(&ps, 0, sizeof(mbstate_t));
  length = strlen(string);
  
  if (seed < 0)
    return 0;
  else if (length < seed)"
local.oob.memfunc.length-misuse.maxcover.v5,local.oob.memfunc.length-misuse.maxcover.v5,warning,low,"CWE-120,CWE-125,CWE-787",/mnt/WorkDrive/SAILR/dataset/19910/binutils_19910_fix/readline/readline/display.c,1662,11,1662,17,High-coverage OOB risk: length/count may be unbounded for memcmp().,,1657,1667,"  if (mb_cur_max > 1 && rl_byte_oriented == 0)
    {
      /* See if the old line is a subset of the new line, so that the
	 only change is adding characters. */
      temp = (omax < nmax) ? omax : nmax;
      if (memcmp (old, new, temp) == 0)		/* adding at the end */
	{
	  new_offset = old_offset = temp;
	  ofd = old + temp;
	  nfd = new + temp;
	}"
local.oob.memfunc.length-misuse.maxcover.v5,local.oob.memfunc.length-misuse.maxcover.v5,warning,low,"CWE-120,CWE-125,CWE-787",/mnt/WorkDrive/SAILR/dataset/19910/binutils_19910_fix/readline/readline/display.c,1670,4,1670,10,High-coverage OOB risk: length/count may be unbounded for memset().,,1665,1675,"	  ofd = old + temp;
	  nfd = new + temp;
	}
      else
	{      
	  memset (&ps_new, 0, sizeof(mbstate_t));
	  memset (&ps_old, 0, sizeof(mbstate_t));

	  /* Are the old and new lines the same? */
	  if (omax == nmax && STREQN (new, old, omax))
	    {"
local.oob.memfunc.length-misuse.maxcover.v5,local.oob.memfunc.length-misuse.maxcover.v5,warning,low,"CWE-120,CWE-125,CWE-787",/mnt/WorkDrive/SAILR/dataset/19910/binutils_19910_fix/readline/readline/display.c,1671,4,1671,10,High-coverage OOB risk: length/count may be unbounded for memset().,,1666,1676,"	  nfd = new + temp;
	}
      else
	{      
	  memset (&ps_new, 0, sizeof(mbstate_t));
	  memset (&ps_old, 0, sizeof(mbstate_t));

	  /* Are the old and new lines the same? */
	  if (omax == nmax && STREQN (new, old, omax))
	    {
	      old_offset = omax;"
local.oob.memfunc.length-misuse.maxcover.v5,local.oob.memfunc.length-misuse.maxcover.v5,warning,low,"CWE-120,CWE-125,CWE-787",/mnt/WorkDrive/SAILR/dataset/19910/binutils_19910_fix/readline/readline/mbutil.c,232,4,232,10,High-coverage OOB risk: length/count may be unbounded for memset().,,227,237,"    {
      if (_rl_utf8locale && UTF8_SINGLEBYTE(string[point]))
	{
	  tmp = 1;
	  wc = (wchar_t) string[point];
	  memset(&ps, 0, sizeof(mbstate_t));
	}
      else
	tmp = mbrtowc (&wc, string + point, length - point, &ps);
      if (MB_INVALIDCH ((size_t)tmp))
	{"
local.oob.memfunc.length-misuse.maxcover.v5,local.oob.memfunc.length-misuse.maxcover.v5,warning,low,"CWE-120,CWE-125,CWE-787",/mnt/WorkDrive/SAILR/dataset/19910/binutils_19910_fix/readline/readline/display.c,1674,24,1674,47,High-coverage OOB risk: length/count may be unbounded for strncmp().,,1669,1679,"	{      
	  memset (&ps_new, 0, sizeof(mbstate_t));
	  memset (&ps_old, 0, sizeof(mbstate_t));

	  /* Are the old and new lines the same? */
	  if (omax == nmax && STREQN (new, old, omax))
	    {
	      old_offset = omax;
	      new_offset = nmax;
	      ofd = old + omax;
	      nfd = new + nmax;"
local.oob.memfunc.length-misuse.maxcover.v5,local.oob.memfunc.length-misuse.maxcover.v5,warning,low,"CWE-120,CWE-125,CWE-787",/mnt/WorkDrive/SAILR/dataset/19910/binutils_19910_fix/readline/readline/mbutil.c,244,4,244,10,High-coverage OOB risk: length/count may be unbounded for memset().,,239,249,"	     multibyte char, so assume that the first byte represents
	     a single character anyway. */
	  tmp = 1;
	  /* clear the state of the byte sequence, because
	     in this case effect of mbstate is undefined  */
	  memset(&ps, 0, sizeof (mbstate_t));

	  /* Since we're assuming that this byte represents a single
	     non-zero-width character, don't forget about it. */
	  prev = point;
	}"
local.oob.memfunc.length-misuse.maxcover.v5,local.oob.memfunc.length-misuse.maxcover.v5,warning,low,"CWE-120,CWE-125,CWE-787",/mnt/WorkDrive/SAILR/dataset/19910/binutils_19910_fix/readline/readline/mbutil.c,139,3,139,9,High-coverage OOB risk: length/count may be unbounded for memset().,,134,144,"  int point;
  wchar_t wc;

  tmp = 0;

  memset(&ps, 0, sizeof (mbstate_t));
  if (seed < 0)
    seed = 0;
  if (count <= 0)
    return seed;
"
local.oob.memfunc.length-misuse.maxcover.v5,local.oob.memfunc.length-misuse.maxcover.v5,warning,low,"CWE-120,CWE-125,CWE-787",/mnt/WorkDrive/SAILR/dataset/19910/binutils_19910_fix/readline/readline/mbutil.c,166,4,166,10,High-coverage OOB risk: length/count may be unbounded for memset().,,161,171,"	break;
      if (_rl_utf8locale && UTF8_SINGLEBYTE(string[point]))
	{
	  tmp = 1;
	  wc = (wchar_t) string[point];
	  memset(&ps, 0, sizeof(mbstate_t));
	}
      else
	tmp = mbrtowc (&wc, string+point, len, &ps);
      if (MB_INVALIDCH ((size_t)tmp))
	{"
local.oob.memfunc.length-misuse.maxcover.v5,local.oob.memfunc.length-misuse.maxcover.v5,warning,low,"CWE-120,CWE-125,CWE-787",/mnt/WorkDrive/SAILR/dataset/19910/binutils_19910_fix/readline/readline/mbutil.c,176,4,176,10,High-coverage OOB risk: length/count may be unbounded for memset().,,171,181,"	{
	  /* invalid bytes. assume a byte represents a character */
	  point++;
	  count--;
	  /* reset states. */
	  memset(&ps, 0, sizeof(mbstate_t));
	}
      else if (MB_NULLWCH (tmp))
	break;			/* found wide '\0' */
      else
	{"
local.oob.memfunc.length-misuse.maxcover.v5,local.oob.memfunc.length-misuse.maxcover.v5,warning,low,"CWE-120,CWE-125,CWE-787",/mnt/WorkDrive/SAILR/dataset/19910/binutils_19910_fix/readline/readline/display.c,1749,4,1749,10,High-coverage OOB risk: length/count may be unbounded for memset().,,1744,1754,"      ols = old + _rl_find_prev_mbchar (old, oe - old, MB_FIND_ANY);
      nls = new + _rl_find_prev_mbchar (new, ne - new, MB_FIND_ANY);

      while ((ols > ofd) && (nls > nfd))
	{
	  memset (&ps_old, 0, sizeof (mbstate_t));
	  memset (&ps_new, 0, sizeof (mbstate_t));

#if 0
	  /* On advice from jir@yamato.ibm.com */
	  _rl_adjust_point (old, ols - old, &ps_old);"
local.oob.memfunc.length-misuse.maxcover.v5,local.oob.memfunc.length-misuse.maxcover.v5,warning,low,"CWE-120,CWE-125,CWE-787",/mnt/WorkDrive/SAILR/dataset/19910/binutils_19910_fix/readline/readline/display.c,1750,4,1750,10,High-coverage OOB risk: length/count may be unbounded for memset().,,1745,1755,"      nls = new + _rl_find_prev_mbchar (new, ne - new, MB_FIND_ANY);

      while ((ols > ofd) && (nls > nfd))
	{
	  memset (&ps_old, 0, sizeof (mbstate_t));
	  memset (&ps_new, 0, sizeof (mbstate_t));

#if 0
	  /* On advice from jir@yamato.ibm.com */
	  _rl_adjust_point (old, ols - old, &ps_old);
	  _rl_adjust_point (new, nls - new, &ps_new);"
local.oob.memfunc.length-misuse.maxcover.v5,local.oob.memfunc.length-misuse.maxcover.v5,warning,low,"CWE-120,CWE-125,CWE-787",/mnt/WorkDrive/SAILR/dataset/19910/binutils_19910_fix/libiberty/regex.c,8099,18,8099,24,High-coverage OOB risk: length/count may be unbounded for memcpy().,,8094,8104,"regerror (int errcode, const regex_t *preg ATTRIBUTE_UNUSED,
          char *errbuf, size_t errbuf_size)
{
  const char *msg;
  size_t msg_size;

  if (errcode < 0
      || errcode >= (int) (sizeof (re_error_msgid)
			   / sizeof (re_error_msgid[0])))
    /* Only error codes returned by the rest of the code should be passed
       to this routine.  If we are given anything else, or if other regex"
local.oob.memfunc.length-misuse.maxcover.v5,local.oob.memfunc.length-misuse.maxcover.v5,warning,low,"CWE-120,CWE-125,CWE-787",/mnt/WorkDrive/SAILR/dataset/19910/binutils_19910_fix/libiberty/regex.c,8104,16,8104,22,High-coverage OOB risk: length/count may be unbounded for memcpy().,,8099,8109,"
  if (errcode < 0
      || errcode >= (int) (sizeof (re_error_msgid)
			   / sizeof (re_error_msgid[0])))
    /* Only error codes returned by the rest of the code should be passed
       to this routine.  If we are given anything else, or if other regex
       code generates an invalid error code, then the program has a bug.
       Dump core so we can fix it.  */
    abort ();

  msg = gettext (re_error_msgid[errcode]);"
local.oob.memfunc.length-misuse.maxcover.v5,local.oob.memfunc.length-misuse.maxcover.v5,warning,low,"CWE-120,CWE-125,CWE-787",/mnt/WorkDrive/SAILR/dataset/19910/binutils_19910_fix/readline/readline/bind.c,1169,27,1169,39,High-coverage OOB risk: length/count may be unbounded for strncasecmp().,,1164,1174,"    args[i++] = '\0';

  /* Handle ""$if term=foo"" and ""$if mode=emacs"" constructs.  If this
     isn't term=foo, or mode=emacs, then check to see if the first
     word in ARGS is the same as the value stored in rl_readline_name. */
  if (rl_terminal_name && _rl_strnicmp (args, ""term="", 5) == 0)
    {
      char *tem, *tname;

      /* Terminals like ""aaa-60"" are equivalent to ""aaa"". */
      tname = savestring (rl_terminal_name);"
local.oob.memfunc.length-misuse.maxcover.v5,local.oob.memfunc.length-misuse.maxcover.v5,warning,low,"CWE-120,CWE-125,CWE-787",/mnt/WorkDrive/SAILR/dataset/19910/binutils_19910_fix/readline/readline/bind.c,1188,12,1188,24,High-coverage OOB risk: length/count may be unbounded for strncasecmp().,,1183,1193,"      _rl_parsing_conditionalized_out = _rl_stricmp (args + 5, tname) &&
					_rl_stricmp (args + 5, rl_terminal_name);
      xfree (tname);
    }
#if defined (VI_MODE)
  else if (_rl_strnicmp (args, ""mode="", 5) == 0)
    {
      int mode;

      if (_rl_stricmp (args + 5, ""emacs"") == 0)
	mode = emacs_mode;"
local.oob.memfunc.length-misuse.maxcover.v5,local.oob.memfunc.length-misuse.maxcover.v5,warning,low,"CWE-120,CWE-125,CWE-787",/mnt/WorkDrive/SAILR/dataset/19910/binutils_19910_fix/readline/readline/bind.c,1202,12,1202,24,High-coverage OOB risk: length/count may be unbounded for strncasecmp().,,1197,1207,"	mode = no_mode;

      _rl_parsing_conditionalized_out = mode != rl_editing_mode;
    }
#endif /* VI_MODE */
  else if (_rl_strnicmp (args, ""version"", 7) == 0)
    {
      int rlversion, versionarg, op, previ, major, minor;

      _rl_parsing_conditionalized_out = 1;
      rlversion = RL_VERSION_MAJOR*10 + RL_VERSION_MINOR;"
local.oob.memfunc.length-misuse.maxcover.v5,local.oob.memfunc.length-misuse.maxcover.v5,warning,low,"CWE-120,CWE-125,CWE-787",/mnt/WorkDrive/SAILR/dataset/19910/binutils_19910_fix/readline/readline/display.c,736,4,736,11,High-coverage OOB risk: length/count may be unbounded for strncpy().,,731,741,"	    {
	      line_size = (temp + 1024) - (temp % 1024);
	      visible_line = (char *)xrealloc (visible_line, line_size);
	      line = invisible_line = (char *)xrealloc (invisible_line, line_size);
	    }
	  strncpy (line + out, local_prompt, local_prompt_len);
	  out += local_prompt_len;
	}
      line[out] = '\0';
      wrap_offset = local_prompt_len - prompt_visible_length;
    }"
local.oob.memfunc.length-misuse.maxcover.v5,local.oob.memfunc.length-misuse.maxcover.v5,warning,low,"CWE-120,CWE-125,CWE-787",/mnt/WorkDrive/SAILR/dataset/19910/binutils_19910_fix/readline/readline/display.c,770,7,770,14,High-coverage OOB risk: length/count may be unbounded for strncpy().,,765,775,"	{
	  line_size = (temp + 1024) - (temp % 1024);
	  visible_line = (char *)xrealloc (visible_line, line_size);
	  line = invisible_line = (char *)xrealloc (invisible_line, line_size);
	}
      strncpy (line + out,  prompt_this_line, pmtlen);
      out += pmtlen;
      line[out] = '\0';
      wrap_offset = prompt_invis_chars_first_line = 0;
    }
"
local.oob.memfunc.length-misuse.maxcover.v5,local.oob.memfunc.length-misuse.maxcover.v5,warning,low,"CWE-120,CWE-125,CWE-787",/mnt/WorkDrive/SAILR/dataset/19910/binutils_19910_fix/readline/readline/display.c,849,3,849,9,High-coverage OOB risk: length/count may be unbounded for memset().,,844,854,"     characters into account, and if lpos exceeds the screen width, we copy
     the data in the loop below. */
  lpos = prompt_physical_chars + modmark;

#if defined (HANDLE_MULTIBYTE)
  memset (line_state_invisible->wrapped_line, 0, line_state_invisible->wbsize * sizeof (int));
  num = 0;
#endif

  /* prompt_invis_chars_first_line is the number of invisible characters in
     the first physical line of the prompt."
local.oob.memfunc.length-misuse.maxcover.v5,local.oob.memfunc.length-misuse.maxcover.v5,warning,low,"CWE-120,CWE-125,CWE-787",/mnt/WorkDrive/SAILR/dataset/19910/binutils_19910_fix/readline/readline/display.c,894,7,894,13,High-coverage OOB risk: length/count may be unbounded for memset().,,889,899,"  lb_linenum = 0;
#if defined (HANDLE_MULTIBYTE)
  in = 0;
  if (mb_cur_max > 1 && rl_byte_oriented == 0)
    {
      memset (&ps, 0, sizeof (mbstate_t));
      if (_rl_utf8locale && UTF8_SINGLEBYTE(rl_line_buffer[0]))
	{
	  wc = (wchar_t)rl_line_buffer[0];
	  wc_bytes = 1;
	}"
local.oob.memfunc.length-misuse.maxcover.v5,local.oob.memfunc.length-misuse.maxcover.v5,warning,low,"CWE-120,CWE-125,CWE-787",/mnt/WorkDrive/SAILR/dataset/19910/binutils_19910_fix/readline/readline/display.c,922,8,922,14,High-coverage OOB risk: length/count may be unbounded for memset().,,917,927,"	      /* Byte sequence is invalid or shortened.  Assume that the
	         first byte represents a character. */
	      wc_bytes = 1;
	      /* Assume that a character occupies a single column. */
	      wc_width = 1;
	      memset (&ps, 0, sizeof (mbstate_t));
	    }
	  else if (MB_NULLWCH (wc_bytes))
	    break;			/* Found '\0' */
	  else
	    {"
local.oob.memfunc.length-misuse.maxcover.v5,local.oob.memfunc.length-misuse.maxcover.v5,warning,low,"CWE-120,CWE-125,CWE-787",/mnt/WorkDrive/SAILR/dataset/19910/binutils_19910_fix/readline/readline/display.c,1074,8,1074,14,High-coverage OOB risk: length/count may be unbounded for memset().,,1069,1079,"	  in += wc_bytes;
	  if (_rl_utf8locale && UTF8_SINGLEBYTE(rl_line_buffer[in]))
	    {
	      wc = (wchar_t)rl_line_buffer[in];
	      wc_bytes = 1;
	      memset (&ps, 0, sizeof (mbstate_t));	/* re-init state */
	    }
	  else
	    wc_bytes = mbrtowc (&wc, rl_line_buffer + in, rl_end - in, &ps);
	}
      else"
local.oob.memfunc.length-misuse.maxcover.v5,local.oob.memfunc.length-misuse.maxcover.v5,warning,low,"CWE-120,CWE-125,CWE-787",/mnt/WorkDrive/SAILR/dataset/19910/binutils_19910_fix/readline/readline/bind.c,892,7,892,11,High-coverage OOB risk: length/count may be unbounded for read().,,887,897,"      return ((char *)NULL);
    }

  /* Read the file into BUFFER. */
  buffer = (char *)xmalloc (file_size + 1);
  i = read (file, buffer, file_size);
  close (file);

  if (i < 0)
    {
      xfree (buffer);"
local.oob.memfunc.length-misuse.maxcover.v5,local.oob.memfunc.length-misuse.maxcover.v5,warning,low,"CWE-120,CWE-125,CWE-787",/mnt/WorkDrive/SAILR/dataset/19910/binutils_19910_fix/libiberty/regex.c,285,4,285,51,High-coverage OOB risk: length/count may be unbounded for memset().,,280,290,"init_syntax_once (void)
{
   register int c;
   static int done = 0;

   if (done)
     return;
   bzero (re_syntax_table, sizeof re_syntax_table);

   for (c = 0; c < CHAR_SET_SIZE; ++c)
     if (ISALNUM (c))"
local.oob.memfunc.length-misuse.maxcover.v5,local.oob.memfunc.length-misuse.maxcover.v5,warning,low,"CWE-120,CWE-125,CWE-787",/mnt/WorkDrive/SAILR/dataset/19910/binutils_19910_fix/readline/readline/tilde.c,214,7,214,14,High-coverage OOB risk: length/count may be unbounded for strncpy().,,209,219,"
      /* Copy the skipped text into the result. */
      if ((result_index + start + 1) > result_size)
	result = (char *)xrealloc (result, 1 + (result_size += (start + 20)));

      strncpy (result + result_index, string, start);
      result_index += start;

      /* Advance STRING to the starting tilde. */
      string += start;
"
local.oob.memfunc.length-misuse.maxcover.v5,local.oob.memfunc.length-misuse.maxcover.v5,warning,low,"CWE-120,CWE-125,CWE-787",/mnt/WorkDrive/SAILR/dataset/19910/binutils_19910_fix/readline/readline/tilde.c,230,7,230,14,High-coverage OOB risk: length/count may be unbounded for strncpy().,,225,235,"      if (!start && !end)
	break;

      /* Expand the entire tilde word, and copy it into RESULT. */
      tilde_word = (char *)xmalloc (1 + end);
      strncpy (tilde_word, string, end);
      tilde_word[end] = '\0';
      string += end;

      expansion = tilde_expand_word (tilde_word);
"
local.oob.memfunc.length-misuse.maxcover.v5,local.oob.memfunc.length-misuse.maxcover.v5,warning,low,"CWE-120,CWE-125,CWE-787",/mnt/WorkDrive/SAILR/dataset/19910/binutils_19910_fix/readline/readline/display.c,349,7,349,13,High-coverage OOB risk: length/count may be unbounded for memcpy().,,344,354,"  ms = (((pmt == rl_prompt) ^ (flags & PMT_MULTILINE)) && _rl_show_mode_in_prompt) ? prompt_modestr (&mlen) : 0;
  if (ms)
    {
      l = strlen (pmt);
      nprompt = (char *)xmalloc (l + mlen + 1);
      memcpy (nprompt, ms, mlen);
      strcpy (nprompt + mlen, pmt);
    }
  else
    nprompt = pmt;
"
local.oob.memfunc.length-misuse.maxcover.v5,local.oob.memfunc.length-misuse.maxcover.v5,warning,low,"CWE-120,CWE-125,CWE-787",/mnt/WorkDrive/SAILR/dataset/19910/binutils_19910_fix/readline/readline/search.c,581,7,581,14,High-coverage OOB risk: length/count may be unbounded for strncpy().,,576,586,"	  history_search_string = (char *)xrealloc (history_search_string, history_string_size);
	}
      sind = 0;
      if (flags & ANCHORED_SEARCH)
	history_search_string[sind++] = '^';
      strncpy (history_search_string + sind, rl_line_buffer, rl_point);
      history_search_string[rl_point + sind] = '\0';
    }
  _rl_free_saved_history_line ();
}
"
local.oob.memfunc.length-misuse.maxcover.v5,local.oob.memfunc.length-misuse.maxcover.v5,warning,low,"CWE-120,CWE-125,CWE-787",/mnt/WorkDrive/SAILR/dataset/19910/binutils_19910_fix/readline/readline/bind.c,513,12,513,19,High-coverage OOB risk: length/count may be unbounded for strncmp().,,508,518,"
	  /* Handle \C- and \M- prefixes. */
	  if ((c == 'C' || c == 'M') && seq[i + 1] == '-')
	    {
	      /* Handle special case of backwards define. */
	      if (strncmp (&seq[i], ""C-\\M-"", 5) == 0)
		{
		  array[l++] = ESC;	/* ESC is meta-prefix */
		  i += 5;
		  array[l++] = CTRL (_rl_to_upper (seq[i]));
		}"
local.oob.memfunc.length-misuse.maxcover.v5,local.oob.memfunc.length-misuse.maxcover.v5,warning,low,"CWE-120,CWE-125,CWE-787",/mnt/WorkDrive/SAILR/dataset/19910/binutils_19910_fix/readline/readline/text.c,1408,3,1408,9,High-coverage OOB risk: length/count may be unbounded for memset().,,1403,1413,"
  if (count < 0)
    SWAP (start, end);

#if defined (HANDLE_MULTIBYTE)
  memset (&mps, 0, sizeof (mbstate_t));
#endif

  /* We are going to modify some text, so let's prepare to undo it. */
  rl_modifying (start, end);
"
local.oob.memfunc.length-misuse.maxcover.v5,local.oob.memfunc.length-misuse.maxcover.v5,warning,low,"CWE-120,CWE-125,CWE-787",/mnt/WorkDrive/SAILR/dataset/19910/binutils_19910_fix/readline/readline/text.c,1463,3,1463,9,High-coverage OOB risk: length/count may be unbounded for memcpy().,,1458,1468,"	      /* what to do if m != mlen? adjust below */
	      /* m == length of old char, mlen == length of new char */
	      s = rl_line_buffer + start;
	      e = rl_line_buffer + rl_end;
	      if (m == mlen)
		memcpy (s, mb, mlen);
	      else if (m > mlen)
		{
		  memcpy (s, mb, mlen);
		  memmove (s + mlen, s + m, (e - s) - m);
		  next -= m - mlen;	/* next char changes */"
local.oob.memfunc.length-misuse.maxcover.v5,local.oob.memfunc.length-misuse.maxcover.v5,warning,low,"CWE-120,CWE-125,CWE-787",/mnt/WorkDrive/SAILR/dataset/19910/binutils_19910_fix/readline/readline/text.c,1466,5,1466,11,High-coverage OOB risk: length/count may be unbounded for memcpy().,,1461,1471,"	      e = rl_line_buffer + rl_end;
	      if (m == mlen)
		memcpy (s, mb, mlen);
	      else if (m > mlen)
		{
		  memcpy (s, mb, mlen);
		  memmove (s + mlen, s + m, (e - s) - m);
		  next -= m - mlen;	/* next char changes */
		  end -= m - mlen;	/* end of word changes */
		  rl_end -= m - mlen;	/* end of line changes */
		  rl_line_buffer[rl_end] = 0;"
local.oob.memfunc.length-misuse.maxcover.v5,local.oob.memfunc.length-misuse.maxcover.v5,warning,low,"CWE-120,CWE-125,CWE-787",/mnt/WorkDrive/SAILR/dataset/19910/binutils_19910_fix/readline/readline/text.c,1467,5,1467,12,High-coverage OOB risk: length/count may be unbounded for memmove().,,1462,1472,"	      if (m == mlen)
		memcpy (s, mb, mlen);
	      else if (m > mlen)
		{
		  memcpy (s, mb, mlen);
		  memmove (s + mlen, s + m, (e - s) - m);
		  next -= m - mlen;	/* next char changes */
		  end -= m - mlen;	/* end of word changes */
		  rl_end -= m - mlen;	/* end of line changes */
		  rl_line_buffer[rl_end] = 0;
		}"
local.oob.memfunc.length-misuse.maxcover.v5,local.oob.memfunc.length-misuse.maxcover.v5,warning,low,"CWE-120,CWE-125,CWE-787",/mnt/WorkDrive/SAILR/dataset/19910/binutils_19910_fix/readline/readline/text.c,1476,5,1476,12,High-coverage OOB risk: length/count may be unbounded for memmove().,,1471,1481,"		  rl_line_buffer[rl_end] = 0;
		}
	      else if (m < mlen)
		{
		  rl_extend_line_buffer (mlen - m + 1);
		  memmove (s + mlen, s + m, (e - s) - m);
		  memcpy (s, mb, mlen);
		  next += mlen - m;	/* next char changes */
		  end += mlen - m;	/* end of word changes */
		  rl_end += mlen - m;	/* end of line changes */
		  rl_line_buffer[rl_end] = 0;"
local.oob.memfunc.length-misuse.maxcover.v5,local.oob.memfunc.length-misuse.maxcover.v5,warning,low,"CWE-120,CWE-125,CWE-787",/mnt/WorkDrive/SAILR/dataset/19910/binutils_19910_fix/readline/readline/text.c,1477,5,1477,11,High-coverage OOB risk: length/count may be unbounded for memcpy().,,1472,1482,"		}
	      else if (m < mlen)
		{
		  rl_extend_line_buffer (mlen - m + 1);
		  memmove (s + mlen, s + m, (e - s) - m);
		  memcpy (s, mb, mlen);
		  next += mlen - m;	/* next char changes */
		  end += mlen - m;	/* end of word changes */
		  rl_end += mlen - m;	/* end of line changes */
		  rl_line_buffer[rl_end] = 0;
		}"
local.oob.memfunc.length-misuse.maxcover.v5,local.oob.memfunc.length-misuse.maxcover.v5,warning,low,"CWE-120,CWE-125,CWE-787",/mnt/WorkDrive/SAILR/dataset/19910/binutils_19910_fix/readline/readline/text.c,1331,11,1331,67,High-coverage OOB risk: length/count may be unbounded for strncmp().,,1326,1336,"  if (rl_explicit_arg == 0)
    rl_insert_text (rl_comment_text);
  else
    {
      rl_comment_len = strlen (rl_comment_text);
      if (STREQN (rl_comment_text, rl_line_buffer, rl_comment_len))
	rl_delete_text (rl_point, rl_point + rl_comment_len);
      else
	rl_insert_text (rl_comment_text);
    }
"
local.oob.memfunc.length-misuse.maxcover.v5,local.oob.memfunc.length-misuse.maxcover.v5,warning,low,"CWE-120,CWE-125,CWE-787",/mnt/WorkDrive/SAILR/dataset/19910/binutils_19910_fix/readline/readline/isearch.c,379,6,379,12,High-coverage OOB risk: length/count may be unbounded for memcpy().,,374,384,"	    {
	      cxt->pmb[0] = c;		/* XXX should be == cxt->mb[0] */
	      cxt->pmb[1] = '\0';
	    }
	  else
	    memcpy (cxt->pmb, cxt->mb, sizeof (cxt->pmb));
	}
#endif
      return 1;
    }
"
local.oob.memfunc.length-misuse.maxcover.v5,local.oob.memfunc.length-misuse.maxcover.v5,warning,low,"CWE-120,CWE-125,CWE-787",/mnt/WorkDrive/SAILR/dataset/19910/binutils_19910_fix/readline/readline/signals.c,360,5,360,11,High-coverage OOB risk: length/count may be unbounded for memcpy().,,355,365,"
  /* XXX -- assume we have memcpy */
  /* If rl_set_signals is called twice in a row, don't set the old handler to
     rl_signal_handler, because that would cause infinite recursion. */
  if (handler != rl_signal_handler || old_handler.sa_handler != rl_signal_handler)
    memcpy (ohandler, &old_handler, sizeof (sighandler_cxt));

  return (ohandler->sa_handler);
}

/* Set disposition of SIG to HANDLER, returning old state in OHANDLER.  Don't"
local.oob.memfunc.length-misuse.maxcover.v5,local.oob.memfunc.length-misuse.maxcover.v5,warning,low,"CWE-120,CWE-125,CWE-787",/mnt/WorkDrive/SAILR/dataset/19910/binutils_19910_fix/readline/readline/isearch.c,450,3,450,9,High-coverage OOB risk: length/count may be unbounded for memcpy().,,445,455,"		{
		  cxt->mb[0] = cxt->lastc;	/* == cxt->prevc */
		  cxt->mb[1] = '\0';
		}
	      else
		memcpy (cxt->mb, cxt->pmb, sizeof (cxt->mb));
	    }
#endif
	  cxt->prevc = 0;	  
	}
      else if (cxt->lastc > 0 && cxt->prevc > 0 && f && f != rl_insert)"
local.oob.memfunc.length-misuse.maxcover.v5,local.oob.memfunc.length-misuse.maxcover.v5,warning,low,"CWE-120,CWE-125,CWE-787",/mnt/WorkDrive/SAILR/dataset/19910/binutils_19910_fix/readline/readline/text.c,754,4,754,11,High-coverage OOB risk: length/count may be unbounded for memmove().,,749,759,"	     as a single character. */
	  incoming[0] = pending_bytes[0];
	  incoming[1] = '\0';
	  incoming_length = 1;
	  pending_bytes_length--;
	  memmove (pending_bytes, pending_bytes + 1, pending_bytes_length);
	  /* Clear the state of the byte sequence, because in this case the
	     effect of mbstate is undefined. */
	  memset (&ps, 0, sizeof (mbstate_t));
	}
      else if (ret == (size_t)0)"
local.oob.memfunc.length-misuse.maxcover.v5,local.oob.memfunc.length-misuse.maxcover.v5,warning,low,"CWE-120,CWE-125,CWE-787",/mnt/WorkDrive/SAILR/dataset/19910/binutils_19910_fix/readline/readline/text.c,757,4,757,10,High-coverage OOB risk: length/count may be unbounded for memset().,,752,762,"	  incoming_length = 1;
	  pending_bytes_length--;
	  memmove (pending_bytes, pending_bytes + 1, pending_bytes_length);
	  /* Clear the state of the byte sequence, because in this case the
	     effect of mbstate is undefined. */
	  memset (&ps, 0, sizeof (mbstate_t));
	}
      else if (ret == (size_t)0)
	{
	  incoming[0] = '\0';
	  incoming_length = 0;"
local.oob.memfunc.length-misuse.maxcover.v5,local.oob.memfunc.length-misuse.maxcover.v5,warning,low,"CWE-120,CWE-125,CWE-787",/mnt/WorkDrive/SAILR/dataset/19910/binutils_19910_fix/readline/readline/text.c,766,4,766,10,High-coverage OOB risk: length/count may be unbounded for memset().,,761,771,"	  incoming[0] = '\0';
	  incoming_length = 0;
	  pending_bytes_length--;
	  /* Clear the state of the byte sequence, because in this case the
	     effect of mbstate is undefined. */
	  memset (&ps, 0, sizeof (mbstate_t));
	}
      else if (ret == 1)
	{
	  incoming[0] = pending_bytes[0];
	  incoming[incoming_length = 1] = '\0';"
local.oob.memfunc.length-misuse.maxcover.v5,local.oob.memfunc.length-misuse.maxcover.v5,warning,low,"CWE-120,CWE-125,CWE-787",/mnt/WorkDrive/SAILR/dataset/19910/binutils_19910_fix/readline/readline/text.c,777,4,777,10,High-coverage OOB risk: length/count may be unbounded for memcpy().,,772,782,"	  pending_bytes_length = 0;
	}
      else
	{
	  /* We successfully read a single multibyte character. */
	  memcpy (incoming, pending_bytes, pending_bytes_length);
	  incoming[pending_bytes_length] = '\0';
	  incoming_length = pending_bytes_length;
	  pending_bytes_length = 0;
	}
    }"
local.oob.memfunc.length-misuse.maxcover.v5,local.oob.memfunc.length-misuse.maxcover.v5,warning,low,"CWE-120,CWE-125,CWE-787",/mnt/WorkDrive/SAILR/dataset/19910/binutils_19910_fix/readline/readline/text.c,800,8,800,15,High-coverage OOB risk: length/count may be unbounded for strncpy().,,795,805,"	{
	  if (incoming_length == 1)
	    string[i++] = *incoming;
	  else
	    {
	      strncpy (string + i, incoming, incoming_length);
	      i += incoming_length;
	    }
	}
      incoming_length = 0;
      stored_count = 0;"
local.oob.memfunc.length-misuse.maxcover.v5,local.oob.memfunc.length-misuse.maxcover.v5,warning,low,"CWE-120,CWE-125,CWE-787",/mnt/WorkDrive/SAILR/dataset/19910/binutils_19910_fix/readline/readline/text.c,834,8,834,15,High-coverage OOB risk: length/count may be unbounded for strncpy().,,829,839,"	{
	  if (incoming_length == 1)
	    string[i++] = *incoming;
	  else
	    {
	      strncpy (string + i, incoming, incoming_length);
	      i += incoming_length;
	    }
	}

      while (count)"
local.oob.memfunc.length-misuse.maxcover.v5,local.oob.memfunc.length-misuse.maxcover.v5,warning,low,"CWE-120,CWE-125,CWE-787",/mnt/WorkDrive/SAILR/dataset/19910/binutils_19910_fix/readline/readline/isearch.c,688,8,688,92,High-coverage OOB risk: length/count may be unbounded for strncmp().,,683,693,"      limit = cxt->sline_len - cxt->search_string_index + 1;

      /* Search the current line. */
      while ((cxt->sflags & SF_REVERSE) ? (cxt->sline_index >= 0) : (cxt->sline_index < limit))
	{
	  if (STREQN (cxt->search_string, cxt->sline + cxt->sline_index, cxt->search_string_index))
	    {
	      cxt->sflags |= SF_FOUND;
	      break;
	    }
	  else"
local.oob.memfunc.length-misuse.maxcover.v5,local.oob.memfunc.length-misuse.maxcover.v5,warning,low,"CWE-120,CWE-125,CWE-787",/mnt/WorkDrive/SAILR/dataset/19910/binutils_19910_fix/zlib/gzread.c,586,32,586,38,High-coverage OOB risk: length/count may be unbounded for memchr().,,581,591,"            break;                      /* return what we have */
        }

        /* look for end-of-line in current output buffer */
        n = state->x.have > left ? left : state->x.have;
        eol = (unsigned char *)memchr(state->x.next, '\n', n);
        if (eol != NULL)
            n = (unsigned)(eol - state->x.next) + 1;

        /* copy through end-of-line, or remainder if not found */
        memcpy(buf, state->x.next, n);"
local.oob.memfunc.length-misuse.maxcover.v5,local.oob.memfunc.length-misuse.maxcover.v5,warning,low,"CWE-120,CWE-125,CWE-787",/mnt/WorkDrive/SAILR/dataset/19910/binutils_19910_fix/zlib/gzread.c,591,9,591,15,High-coverage OOB risk: length/count may be unbounded for memcpy().,,586,596,"        eol = (unsigned char *)memchr(state->x.next, '\n', n);
        if (eol != NULL)
            n = (unsigned)(eol - state->x.next) + 1;

        /* copy through end-of-line, or remainder if not found */
        memcpy(buf, state->x.next, n);
        state->x.have -= n;
        state->x.next += n;
        state->x.pos += n;
        left -= n;
        buf += n;"
local.oob.memfunc.length-misuse.maxcover.v5,local.oob.memfunc.length-misuse.maxcover.v5,warning,low,"CWE-120,CWE-125,CWE-787",/mnt/WorkDrive/SAILR/dataset/19910/binutils_19910_fix/zlib/conftest.c,187,7,187,11,High-coverage OOB risk: length/count may be unbounded for read().,,0,0,
local.oob.memfunc.length-misuse.maxcover.v5,local.oob.memfunc.length-misuse.maxcover.v5,warning,low,"CWE-120,CWE-125,CWE-787",/mnt/WorkDrive/SAILR/dataset/19910/binutils_19910_fix/zlib/gzread.c,325,13,325,19,High-coverage OOB risk: length/count may be unbounded for memcpy().,,320,330,"
        /* first just try copying data from the output buffer */
        if (state->x.have) {
            if (state->x.have < n)
                n = state->x.have;
            memcpy(buf, state->x.next, n);
            state->x.next += n;
            state->x.have -= n;
        }

        /* output buffer empty -- return if we're at the end of the input */"
local.oob.memfunc.length-misuse.maxcover.v5,local.oob.memfunc.length-misuse.maxcover.v5,warning,low,"CWE-120,CWE-125,CWE-787",/mnt/WorkDrive/SAILR/dataset/19910/binutils_19910_fix/zlib/gzwrite.c,444,9,444,15,High-coverage OOB risk: length/count may be unbounded for memcpy().,,439,449,"    if (strm->avail_in >= state->size) {
        left = strm->avail_in - state->size;
        strm->avail_in = state->size;
        if (gz_comp(state, Z_NO_FLUSH) == -1)
            return state->err;
        memcpy(state->in, state->in + state->size, left);
        strm->next_in = state->in;
        strm->avail_in = left;
    }
    return len;
}"
local.oob.memfunc.length-misuse.maxcover.v5,local.oob.memfunc.length-misuse.maxcover.v5,warning,low,"CWE-120,CWE-125,CWE-787",/mnt/WorkDrive/SAILR/dataset/19910/binutils_19910_fix/readline/readline/text.c,99,3,99,10,High-coverage OOB risk: length/count may be unbounded for strncpy().,,94,104,"  if (rl_end + l >= rl_line_buffer_len)
    rl_extend_line_buffer (rl_end + l);

  for (i = rl_end; i >= rl_point; i--)
    rl_line_buffer[i + l] = rl_line_buffer[i];
  strncpy (rl_line_buffer + rl_point, string, l);

  /* Remember how to undo this if we aren't undoing something. */
  if (_rl_doing_an_undo == 0)
    {
      /* If possible and desirable, concatenate the undos. */"
local.oob.memfunc.length-misuse.maxcover.v5,local.oob.memfunc.length-misuse.maxcover.v5,warning,low,"CWE-120,CWE-125,CWE-787",/mnt/WorkDrive/SAILR/dataset/19910/binutils_19910_fix/readline/readline/vi_mode.c,2053,7,2053,14,High-coverage OOB risk: length/count may be unbounded for strncpy().,,2048,2058,"  int c;
  char mb[MB_LEN_MAX+1];

  if (_rl_vi_redoing)
    {
      strncpy (mb, _rl_vi_last_replacement, MB_LEN_MAX);
      c = (unsigned char)_rl_vi_last_replacement[0];	/* XXX */
      mb[MB_LEN_MAX] = '\0';
    }
#if defined (READLINE_CALLBACKS)
  else if (RL_ISSTATE (RL_STATE_CALLBACK))"
local.oob.memfunc.length-misuse.maxcover.v5,local.oob.memfunc.length-misuse.maxcover.v5,warning,low,"CWE-120,CWE-125,CWE-787",/mnt/WorkDrive/SAILR/dataset/19910/binutils_19910_fix/readline/readline/vi_mode.c,2069,7,2069,14,High-coverage OOB risk: length/count may be unbounded for strncpy().,,2064,2074,"#endif
  else
    {
      c = _rl_vi_callback_getchar (mb, MB_LEN_MAX);
#ifdef HANDLE_MULTIBYTE
      strncpy (_rl_vi_last_replacement, mb, MB_LEN_MAX);
#else
      _rl_vi_last_replacement[0] = c;
#endif
      _rl_vi_last_replacement[MB_LEN_MAX] = '\0';	/* just in case */      
    }"
local.oob.memfunc.length-misuse.maxcover.v5,local.oob.memfunc.length-misuse.maxcover.v5,warning,low,"CWE-120,CWE-125,CWE-787",/mnt/WorkDrive/SAILR/dataset/19910/binutils_19910_fix/readline/readline/vi_mode.c,2029,3,2029,10,High-coverage OOB risk: length/count may be unbounded for strncpy().,,2024,2034,"  int c;
  char mb[MB_LEN_MAX+1];

  c = _rl_vi_callback_getchar (mb, MB_LEN_MAX);
#if defined (HANDLE_MULTIBYTE)
  strncpy (_rl_vi_last_replacement, mb, MB_LEN_MAX);
#else
  _rl_vi_last_replacement[0] = c;
#endif
  _rl_vi_last_replacement[MB_LEN_MAX] = '\0';	/* XXX */
"
local.oob.memfunc.length-misuse.maxcover.v5,local.oob.memfunc.length-misuse.maxcover.v5,warning,low,"CWE-120,CWE-125,CWE-787",/mnt/WorkDrive/SAILR/dataset/19910/binutils_19910_fix/zlib/gzwrite.c,213,13,213,19,High-coverage OOB risk: length/count may be unbounded for memcpy().,,208,218,"            have = (unsigned)((state->strm.next_in + state->strm.avail_in) -
                              state->in);
            copy = state->size - have;
            if (copy > len)
                copy = len;
            memcpy(state->in + have, buf, copy);
            state->strm.avail_in += copy;
            state->x.pos += copy;
            buf = (const char *)buf + copy;
            len -= copy;
            if (len && gz_comp(state, Z_NO_FLUSH) == -1)"
local.oob.memfunc.length-misuse.maxcover.v5,local.oob.memfunc.length-misuse.maxcover.v5,warning,low,"CWE-120,CWE-125,CWE-787",/mnt/WorkDrive/SAILR/dataset/19910/binutils_19910_fix/zlib/gzread.c,161,9,161,15,High-coverage OOB risk: length/count may be unbounded for memcpy().,,156,166,"    /* doing raw i/o, copy any leftover input to output -- this assumes that
       the output buffer is larger than the input buffer, which also assures
       space for gzungetc() */
    state->x.next = state->out;
    if (strm->avail_in) {
        memcpy(state->x.next, strm->next_in, strm->avail_in);
        state->x.have = strm->avail_in;
        strm->avail_in = 0;
    }
    state->how = COPY;
    state->direct = 1;"
local.oob.memfunc.length-misuse.maxcover.v5,local.oob.memfunc.length-misuse.maxcover.v5,warning,low,"CWE-120,CWE-125,CWE-787",/mnt/WorkDrive/SAILR/dataset/19910/binutils_19910_fix/zlib/gzwrite.c,163,13,163,19,High-coverage OOB risk: length/count may be unbounded for memset().,,158,168,"    first = 1;
    while (len) {
        n = GT_OFF(state->size) || (z_off64_t)state->size > len ?
            (unsigned)len : state->size;
        if (first) {
            memset(state->in, 0, n);
            first = 0;
        }
        strm->avail_in = n;
        strm->next_in = state->in;
        state->x.pos += n;"
local.oob.memfunc.length-misuse.maxcover.v5,local.oob.memfunc.length-misuse.maxcover.v5,warning,low,"CWE-120,CWE-125,CWE-787",/mnt/WorkDrive/SAILR/dataset/19910/binutils_19910_fix/zlib/inflate.c,1490,5,1490,12,High-coverage OOB risk: length/count may be unbounded for memcpy().,,1485,1495,"            return Z_MEM_ERROR;
        }
    }

    /* copy state */
    zmemcpy((voidpf)dest, (voidpf)source, sizeof(z_stream));
    zmemcpy((voidpf)copy, (voidpf)state, sizeof(struct inflate_state));
    copy->strm = dest;
    if (state->lencode >= state->codes &&
        state->lencode <= state->codes + ENOUGH - 1) {
        copy->lencode = copy->codes + (state->lencode - state->codes);"
local.oob.memfunc.length-misuse.maxcover.v5,local.oob.memfunc.length-misuse.maxcover.v5,warning,low,"CWE-120,CWE-125,CWE-787",/mnt/WorkDrive/SAILR/dataset/19910/binutils_19910_fix/zlib/inflate.c,1491,5,1491,12,High-coverage OOB risk: length/count may be unbounded for memcpy().,,1486,1496,"        }
    }

    /* copy state */
    zmemcpy((voidpf)dest, (voidpf)source, sizeof(z_stream));
    zmemcpy((voidpf)copy, (voidpf)state, sizeof(struct inflate_state));
    copy->strm = dest;
    if (state->lencode >= state->codes &&
        state->lencode <= state->codes + ENOUGH - 1) {
        copy->lencode = copy->codes + (state->lencode - state->codes);
        copy->distcode = copy->codes + (state->distcode - state->codes);"
local.oob.memfunc.length-misuse.maxcover.v5,local.oob.memfunc.length-misuse.maxcover.v5,warning,low,"CWE-120,CWE-125,CWE-787",/mnt/WorkDrive/SAILR/dataset/19910/binutils_19910_fix/zlib/gzread.c,35,15,35,19,High-coverage OOB risk: length/count may be unbounded for read().,,30,40,"    *have = 0;
    do {
        get = len - *have;
        if (get > max)
            get = max;
        ret = read(state->fd, buf + *have, get);
        if (ret <= 0)
            break;
        *have += (unsigned)ret;
    } while (*have < len);
    if (ret < 0) {"
local.oob.memfunc.length-misuse.maxcover.v5,local.oob.memfunc.length-misuse.maxcover.v5,warning,low,"CWE-120,CWE-125,CWE-787",/mnt/WorkDrive/SAILR/dataset/19910/binutils_19910_fix/zlib/inflate.c,1501,9,1501,16,High-coverage OOB risk: length/count may be unbounded for memcpy().,,1496,1506,"        copy->distcode = copy->codes + (state->distcode - state->codes);
    }
    copy->next = copy->codes + (state->next - state->codes);
    if (window != Z_NULL) {
        wsize = 1U << state->wbits;
        zmemcpy(window, state->window, wsize);
    }
    copy->window = window;
    dest->state = (struct internal_state FAR *)copy;
    return Z_OK;
}"
local.oob.memfunc.length-misuse.maxcover.v5,local.oob.memfunc.length-misuse.maxcover.v5,warning,low,"CWE-120,CWE-125,CWE-787",/mnt/WorkDrive/SAILR/dataset/19910/binutils_19910_fix/zlib/inflate.c,1304,9,1304,16,High-coverage OOB risk: length/count may be unbounded for memcpy().,,1299,1309,"    if (inflateStateCheck(strm)) return Z_STREAM_ERROR;
    state = (struct inflate_state FAR *)strm->state;

    /* copy dictionary */
    if (state->whave && dictionary != Z_NULL) {
        zmemcpy(dictionary, state->window + state->wnext,
                state->whave - state->wnext);
        zmemcpy(dictionary + state->whave - state->wnext,
                state->window, state->wnext);
    }
    if (dictLength != Z_NULL)"
local.oob.memfunc.length-misuse.maxcover.v5,local.oob.memfunc.length-misuse.maxcover.v5,warning,low,"CWE-120,CWE-125,CWE-787",/mnt/WorkDrive/SAILR/dataset/19910/binutils_19910_fix/zlib/inflate.c,1306,9,1306,16,High-coverage OOB risk: length/count may be unbounded for memcpy().,,1301,1311,"
    /* copy dictionary */
    if (state->whave && dictionary != Z_NULL) {
        zmemcpy(dictionary, state->window + state->wnext,
                state->whave - state->wnext);
        zmemcpy(dictionary + state->whave - state->wnext,
                state->window, state->wnext);
    }
    if (dictLength != Z_NULL)
        *dictLength = state->whave;
    return Z_OK;"
local.oob.memfunc.length-misuse.maxcover.v5,local.oob.memfunc.length-misuse.maxcover.v5,warning,low,"CWE-120,CWE-125,CWE-787",/mnt/WorkDrive/SAILR/dataset/19910/binutils_19910_fix/zlib/deflate.c,1711,13,1711,20,High-coverage OOB risk: length/count may be unbounded for memcpy().,,1706,1716,"
        /* Copy uncompressed bytes from the window to next_out. */
        if (left) {
            if (left > len)
                left = len;
            zmemcpy(s->strm->next_out, s->window + s->block_start, left);
            s->strm->next_out += left;
            s->strm->avail_out -= left;
            s->strm->total_out += left;
            s->block_start += left;
            len -= left;"
local.oob.memfunc.length-misuse.maxcover.v5,local.oob.memfunc.length-misuse.maxcover.v5,warning,low,"CWE-120,CWE-125,CWE-787",/mnt/WorkDrive/SAILR/dataset/19910/binutils_19910_fix/zlib/trees.c,873,5,873,12,High-coverage OOB risk: length/count may be unbounded for memcpy().,,868,878,"{
    send_bits(s, (STORED_BLOCK<<1)+last, 3);    /* send block type */
    bi_windup(s);        /* align on byte boundary */
    put_short(s, (ush)stored_len);
    put_short(s, (ush)~stored_len);
    zmemcpy(s->pending_buf + s->pending, (Bytef *)buf, stored_len);
    s->pending += stored_len;
#ifdef ZLIB_DEBUG
    s->compressed_len = (s->compressed_len + 3 + 7) & (ulg)~7L;
    s->compressed_len += (stored_len + 4) << 3;
    s->bits_sent += 2*16;"
local.oob.memfunc.length-misuse.maxcover.v5,local.oob.memfunc.length-misuse.maxcover.v5,warning,low,"CWE-120,CWE-125,CWE-787",/mnt/WorkDrive/SAILR/dataset/19910/binutils_19910_fix/zlib/deflate.c,1743,13,1743,20,High-coverage OOB risk: length/count may be unbounded for memcpy().,,1738,1748,"        /* If any input was used, then no unused input remains in the window,
         * therefore s->block_start == s->strstart.
         */
        if (used >= s->w_size) {    /* supplant the previous history */
            s->matches = 2;         /* clear hash */
            zmemcpy(s->window, s->strm->next_in - s->w_size, s->w_size);
            s->strstart = s->w_size;
        }
        else {
            if (s->window_size - s->strstart <= used) {
                /* Slide the window down. */"
local.oob.memfunc.length-misuse.maxcover.v5,local.oob.memfunc.length-misuse.maxcover.v5,warning,low,"CWE-120,CWE-125,CWE-787",/mnt/WorkDrive/SAILR/dataset/19910/binutils_19910_fix/zlib/deflate.c,1750,17,1750,24,High-coverage OOB risk: length/count may be unbounded for memcpy().,,1745,1755,"        }
        else {
            if (s->window_size - s->strstart <= used) {
                /* Slide the window down. */
                s->strstart -= s->w_size;
                zmemcpy(s->window, s->window + s->w_size, s->strstart);
                if (s->matches < 2)
                    s->matches++;   /* add a pending slide_hash() */
            }
            zmemcpy(s->window + s->strstart, s->strm->next_in - used, used);
            s->strstart += used;"
local.oob.memfunc.length-misuse.maxcover.v5,local.oob.memfunc.length-misuse.maxcover.v5,warning,low,"CWE-120,CWE-125,CWE-787",/mnt/WorkDrive/SAILR/dataset/19910/binutils_19910_fix/zlib/deflate.c,1754,13,1754,20,High-coverage OOB risk: length/count may be unbounded for memcpy().,,1749,1759,"                s->strstart -= s->w_size;
                zmemcpy(s->window, s->window + s->w_size, s->strstart);
                if (s->matches < 2)
                    s->matches++;   /* add a pending slide_hash() */
            }
            zmemcpy(s->window + s->strstart, s->strm->next_in - used, used);
            s->strstart += used;
        }
        s->block_start = s->strstart;
        s->insert += MIN(used, s->w_size - s->insert);
    }"
local.oob.memfunc.length-misuse.maxcover.v5,local.oob.memfunc.length-misuse.maxcover.v5,warning,low,"CWE-120,CWE-125,CWE-787",/mnt/WorkDrive/SAILR/dataset/19910/binutils_19910_fix/zlib/deflate.c,1778,9,1778,16,High-coverage OOB risk: length/count may be unbounded for memcpy().,,1773,1783,"    have = s->window_size - s->strstart - 1;
    if (s->strm->avail_in > have && s->block_start >= (long)s->w_size) {
        /* Slide the window down. */
        s->block_start -= s->w_size;
        s->strstart -= s->w_size;
        zmemcpy(s->window, s->window + s->w_size, s->strstart);
        if (s->matches < 2)
            s->matches++;           /* add a pending slide_hash() */
        have += s->w_size;          /* more space now */
    }
    if (have > s->strm->avail_in)"
local.oob.memfunc.length-misuse.maxcover.v5,local.oob.memfunc.length-misuse.maxcover.v5,warning,low,"CWE-120,CWE-125,CWE-787",/mnt/WorkDrive/SAILR/dataset/19910/binutils_19910_fix/zlib/inflate.c,764,25,764,32,High-coverage OOB risk: length/count may be unbounded for memcpy().,,759,769,"                if (copy > have) copy = have;
                if (copy) {
                    if (state->head != Z_NULL &&
                        state->head->extra != Z_NULL) {
                        len = state->head->extra_len - state->length;
                        zmemcpy(state->head->extra + len, next,
                                len + copy > state->head->extra_max ?
                                state->head->extra_max - len : copy);
                    }
                    if ((state->flags & 0x0200) && (state->wrap & 4))
                        state->check = crc32(state->check, next, copy);"
local.oob.memfunc.length-misuse.maxcover.v5,local.oob.memfunc.length-misuse.maxcover.v5,warning,low,"CWE-120,CWE-125,CWE-787",/mnt/WorkDrive/SAILR/dataset/19910/binutils_19910_fix/zlib/deflate.c,1512,13,1512,20,High-coverage OOB risk: length/count may be unbounded for memcpy().,,1507,1517,"        /* If the window is almost full and there is insufficient lookahead,
         * move the upper half to the lower one to make room in the upper half.
         */
        if (s->strstart >= wsize+MAX_DIST(s)) {

            zmemcpy(s->window, s->window+wsize, (unsigned)wsize - more);
            s->match_start -= wsize;
            s->strstart    -= wsize; /* we now have strstart >= MAX_DIST */
            s->block_start -= (long) wsize;
            slide_hash(s);
            more += wsize;"
local.oob.memfunc.length-misuse.maxcover.v5,local.oob.memfunc.length-misuse.maxcover.v5,warning,low,"CWE-120,CWE-125,CWE-787",/mnt/WorkDrive/SAILR/dataset/19910/binutils_19910_fix/zlib/deflate.c,1581,13,1581,55,High-coverage OOB risk: length/count may be unbounded for memset().,,1576,1586,"             * bytes or up to end of window, whichever is less.
             */
            init = s->window_size - curr;
            if (init > WIN_INIT)
                init = WIN_INIT;
            zmemzero(s->window + curr, (unsigned)init);
            s->high_water = curr + init;
        }
        else if (s->high_water < (ulg)curr + WIN_INIT) {
            /* High water mark at or above current data, but below current data
             * plus WIN_INIT -- zero out to current data plus WIN_INIT, or up"
local.oob.memfunc.length-misuse.maxcover.v5,local.oob.memfunc.length-misuse.maxcover.v5,warning,low,"CWE-120,CWE-125,CWE-787",/mnt/WorkDrive/SAILR/dataset/19910/binutils_19910_fix/zlib/deflate.c,1592,13,1592,64,High-coverage OOB risk: length/count may be unbounded for memset().,,1587,1597,"             * to end of window, whichever is less.
             */
            init = (ulg)curr + WIN_INIT - s->high_water;
            if (init > s->window_size - s->high_water)
                init = s->window_size - s->high_water;
            zmemzero(s->window + s->high_water, (unsigned)init);
            s->high_water += init;
        }
    }

    Assert((ulg)s->strstart <= s->window_size - MIN_LOOKAHEAD,"
local.oob.memfunc.length-misuse.maxcover.v5,local.oob.memfunc.length-misuse.maxcover.v5,warning,low,"CWE-120,CWE-125,CWE-787",/mnt/WorkDrive/SAILR/dataset/19910/binutils_19910_fix/zlib/inflate.c,909,17,909,24,High-coverage OOB risk: length/count may be unbounded for memcpy().,,904,914,"            copy = state->length;
            if (copy) {
                if (copy > have) copy = have;
                if (copy > left) copy = left;
                if (copy == 0) goto inf_leave;
                zmemcpy(put, next, copy);
                have -= copy;
                next += copy;
                left -= copy;
                put += copy;
                state->length -= copy;"
local.oob.memfunc.length-misuse.maxcover.v5,local.oob.memfunc.length-misuse.maxcover.v5,warning,low,"CWE-120,CWE-125,CWE-787",/mnt/WorkDrive/SAILR/dataset/19910/binutils_19910_fix/zlib/deflate.c,1199,5,1199,18,High-coverage OOB risk: length/count may be unbounded for memset().,,1194,1204,"local void lm_init (s)
    deflate_state *s;
{
    s->window_size = (ulg)2L*s->w_size;

    CLEAR_HASH(s);

    /* Set the default configuration parameters:
     */
    s->max_lazy_match   = configuration_table[s->level].max_lazy;
    s->good_match       = configuration_table[s->level].good_length;"
local.oob.memfunc.length-misuse.maxcover.v5,local.oob.memfunc.length-misuse.maxcover.v5,warning,low,"CWE-120,CWE-125,CWE-787",/mnt/WorkDrive/SAILR/dataset/19910/binutils_19910_fix/zlib/deflate.c,1176,5,1176,12,High-coverage OOB risk: length/count may be unbounded for memcpy().,,1171,1181,"    if (len > size) len = size;
    if (len == 0) return 0;

    strm->avail_in  -= len;

    zmemcpy(buf, strm->next_in, len);
    if (strm->state->wrap == 1) {
        strm->adler = adler32(strm->adler, buf, len);
    }
#ifdef GZIP
    else if (strm->state->wrap == 2) {"
local.oob.memfunc.length-misuse.maxcover.v5,local.oob.memfunc.length-misuse.maxcover.v5,warning,low,"CWE-120,CWE-125,CWE-787",/mnt/WorkDrive/SAILR/dataset/19910/binutils_19910_fix/readline/readline/util.c,325,9,325,21,High-coverage OOB risk: length/count may be unbounded for strncasecmp().,,320,330,"_rl_strindex (const char *s1, const char *s2)
{
  register int i, l, len;

  for (i = 0, l = strlen (s2), len = strlen (s1); (len - i) >= l; i++)
    if (_rl_strnicmp (s1 + i, s2, l) == 0)
      return ((char *) (s1 + i));
  return ((char *)NULL);
}

#ifndef HAVE_STRPBRK"
local.oob.memfunc.length-misuse.maxcover.v5,local.oob.memfunc.length-misuse.maxcover.v5,warning,low,"CWE-120,CWE-125,CWE-787",/mnt/WorkDrive/SAILR/dataset/19910/binutils_19910_fix/zlib/deflate.c,1120,5,1120,12,High-coverage OOB risk: length/count may be unbounded for memcpy().,,1115,1125,"        return Z_STREAM_ERROR;
    }

    ss = source->state;

    zmemcpy((voidpf)dest, (voidpf)source, sizeof(z_stream));

    ds = (deflate_state *) ZALLOC(dest, 1, sizeof(deflate_state));
    if (ds == Z_NULL) return Z_MEM_ERROR;
    dest->state = (struct internal_state FAR *) ds;
    zmemcpy((voidpf)ds, (voidpf)ss, sizeof(deflate_state));"
local.oob.memfunc.length-misuse.maxcover.v5,local.oob.memfunc.length-misuse.maxcover.v5,warning,low,"CWE-120,CWE-125,CWE-787",/mnt/WorkDrive/SAILR/dataset/19910/binutils_19910_fix/zlib/deflate.c,1125,5,1125,12,High-coverage OOB risk: length/count may be unbounded for memcpy().,,1120,1130,"    zmemcpy((voidpf)dest, (voidpf)source, sizeof(z_stream));

    ds = (deflate_state *) ZALLOC(dest, 1, sizeof(deflate_state));
    if (ds == Z_NULL) return Z_MEM_ERROR;
    dest->state = (struct internal_state FAR *) ds;
    zmemcpy((voidpf)ds, (voidpf)ss, sizeof(deflate_state));
    ds->strm = dest;

    ds->window = (Bytef *) ZALLOC(dest, ds->w_size, 2*sizeof(Byte));
    ds->prev   = (Posf *)  ZALLOC(dest, ds->w_size, sizeof(Pos));
    ds->head   = (Posf *)  ZALLOC(dest, ds->hash_size, sizeof(Pos));"
local.oob.memfunc.length-misuse.maxcover.v5,local.oob.memfunc.length-misuse.maxcover.v5,warning,low,"CWE-120,CWE-125,CWE-787",/mnt/WorkDrive/SAILR/dataset/19910/binutils_19910_fix/readline/readline/vi_mode.c,938,3,938,9,High-coverage OOB risk: length/count may be unbounded for memset().,,933,943,"  char mb[MB_LEN_MAX+1];
  int mlen, p;
  size_t m;
  mbstate_t ps;

  memset (&ps, 0, sizeof (mbstate_t));
  if (_rl_adjust_point (rl_line_buffer, rl_point, &ps) > 0)
    count--;
  while (count-- && rl_point < rl_end)
    {
      m = mbrtowc (&wc, rl_line_buffer + rl_point, rl_end - rl_point, &ps);"
local.oob.memfunc.length-misuse.maxcover.v5,local.oob.memfunc.length-misuse.maxcover.v5,warning,low,"CWE-120,CWE-125,CWE-787",/mnt/WorkDrive/SAILR/dataset/19910/binutils_19910_fix/zlib/deflate.c,1140,5,1140,12,High-coverage OOB risk: length/count may be unbounded for memcpy().,,1135,1145,"        ds->pending_buf == Z_NULL) {
        deflateEnd (dest);
        return Z_MEM_ERROR;
    }
    /* following zmemcpy do not work for 16-bit MSDOS */
    zmemcpy(ds->window, ss->window, ds->w_size * 2 * sizeof(Byte));
    zmemcpy((voidpf)ds->prev, (voidpf)ss->prev, ds->w_size * sizeof(Pos));
    zmemcpy((voidpf)ds->head, (voidpf)ss->head, ds->hash_size * sizeof(Pos));
    zmemcpy(ds->pending_buf, ss->pending_buf, (uInt)ds->pending_buf_size);

    ds->pending_out = ds->pending_buf + (ss->pending_out - ss->pending_buf);"
local.oob.memfunc.length-misuse.maxcover.v5,local.oob.memfunc.length-misuse.maxcover.v5,warning,low,"CWE-120,CWE-125,CWE-787",/mnt/WorkDrive/SAILR/dataset/19910/binutils_19910_fix/zlib/deflate.c,1141,5,1141,12,High-coverage OOB risk: length/count may be unbounded for memcpy().,,1136,1146,"        deflateEnd (dest);
        return Z_MEM_ERROR;
    }
    /* following zmemcpy do not work for 16-bit MSDOS */
    zmemcpy(ds->window, ss->window, ds->w_size * 2 * sizeof(Byte));
    zmemcpy((voidpf)ds->prev, (voidpf)ss->prev, ds->w_size * sizeof(Pos));
    zmemcpy((voidpf)ds->head, (voidpf)ss->head, ds->hash_size * sizeof(Pos));
    zmemcpy(ds->pending_buf, ss->pending_buf, (uInt)ds->pending_buf_size);

    ds->pending_out = ds->pending_buf + (ss->pending_out - ss->pending_buf);
    ds->d_buf = overlay + ds->lit_bufsize/sizeof(ush);"
local.oob.memfunc.length-misuse.maxcover.v5,local.oob.memfunc.length-misuse.maxcover.v5,warning,low,"CWE-120,CWE-125,CWE-787",/mnt/WorkDrive/SAILR/dataset/19910/binutils_19910_fix/zlib/deflate.c,1142,5,1142,12,High-coverage OOB risk: length/count may be unbounded for memcpy().,,1137,1147,"        return Z_MEM_ERROR;
    }
    /* following zmemcpy do not work for 16-bit MSDOS */
    zmemcpy(ds->window, ss->window, ds->w_size * 2 * sizeof(Byte));
    zmemcpy((voidpf)ds->prev, (voidpf)ss->prev, ds->w_size * sizeof(Pos));
    zmemcpy((voidpf)ds->head, (voidpf)ss->head, ds->hash_size * sizeof(Pos));
    zmemcpy(ds->pending_buf, ss->pending_buf, (uInt)ds->pending_buf_size);

    ds->pending_out = ds->pending_buf + (ss->pending_out - ss->pending_buf);
    ds->d_buf = overlay + ds->lit_bufsize/sizeof(ush);
    ds->l_buf = ds->pending_buf + (1+sizeof(ush))*ds->lit_bufsize;"
local.oob.memfunc.length-misuse.maxcover.v5,local.oob.memfunc.length-misuse.maxcover.v5,warning,low,"CWE-120,CWE-125,CWE-787",/mnt/WorkDrive/SAILR/dataset/19910/binutils_19910_fix/zlib/deflate.c,1143,5,1143,12,High-coverage OOB risk: length/count may be unbounded for memcpy().,,1138,1148,"    }
    /* following zmemcpy do not work for 16-bit MSDOS */
    zmemcpy(ds->window, ss->window, ds->w_size * 2 * sizeof(Byte));
    zmemcpy((voidpf)ds->prev, (voidpf)ss->prev, ds->w_size * sizeof(Pos));
    zmemcpy((voidpf)ds->head, (voidpf)ss->head, ds->hash_size * sizeof(Pos));
    zmemcpy(ds->pending_buf, ss->pending_buf, (uInt)ds->pending_buf_size);

    ds->pending_out = ds->pending_buf + (ss->pending_out - ss->pending_buf);
    ds->d_buf = overlay + ds->lit_bufsize/sizeof(ush);
    ds->l_buf = ds->pending_buf + (1+sizeof(ush))*ds->lit_bufsize;
"
local.oob.memfunc.length-misuse.maxcover.v5,local.oob.memfunc.length-misuse.maxcover.v5,warning,low,"CWE-120,CWE-125,CWE-787",/mnt/WorkDrive/SAILR/dataset/19910/binutils_19910_fix/zlib/infback.c,347,17,347,24,High-coverage OOB risk: length/count may be unbounded for memcpy().,,342,352,"                copy = state->length;
                PULL();
                ROOM();
                if (copy > have) copy = have;
                if (copy > left) copy = left;
                zmemcpy(put, next, copy);
                have -= copy;
                next += copy;
                left -= copy;
                put += copy;
                state->length -= copy;"
local.oob.memfunc.length-misuse.maxcover.v5,local.oob.memfunc.length-misuse.maxcover.v5,warning,low,"CWE-120,CWE-125,CWE-787",/mnt/WorkDrive/SAILR/dataset/19910/binutils_19910_fix/readline/readline/vi_mode.c,816,3,816,10,High-coverage OOB risk: length/count may be unbounded for strncpy().,,811,821,"  if (len >= vi_insert_buffer_size)
    {
      vi_insert_buffer_size += (len + 32) - (len % 32);
      vi_insert_buffer = (char *)xrealloc (vi_insert_buffer, vi_insert_buffer_size);
    }
  strncpy (vi_insert_buffer, rl_line_buffer + start, len - 1);
  vi_insert_buffer[len-1] = '\0';
}

static void
_rl_vi_save_replace (void)"
local.oob.memfunc.length-misuse.maxcover.v5,local.oob.memfunc.length-misuse.maxcover.v5,warning,low,"CWE-120,CWE-125,CWE-787",/mnt/WorkDrive/SAILR/dataset/19910/binutils_19910_fix/readline/readline/util.c,218,7,218,14,High-coverage OOB risk: length/count may be unbounded for strncpy().,,213,223,"     nothing. */
  if (rl_line_buffer[start] == '~')
    {
      len = end - start + 1;
      temp = (char *)xmalloc (len + 1);
      strncpy (temp, rl_line_buffer + start, len);
      temp[len] = '\0';
      homedir = tilde_expand (temp);
      xfree (temp);

      _rl_replace_text (homedir, start, end);"
local.oob.memfunc.length-misuse.maxcover.v5,local.oob.memfunc.length-misuse.maxcover.v5,warning,low,"CWE-120,CWE-125,CWE-787",/mnt/WorkDrive/SAILR/dataset/19910/binutils_19910_fix/readline/readline/util.c,156,3,156,10,High-coverage OOB risk: length/count may be unbounded for strncpy().,,151,161,"  if (from > to)
    SWAP (from, to);

  length = to - from;
  copy = (char *)xmalloc (1 + length);
  strncpy (copy, rl_line_buffer + from, length);
  copy[length] = '\0';
  return (copy);
}

/* Increase the size of RL_LINE_BUFFER until it has enough space to hold"
local.oob.memfunc.length-misuse.maxcover.v5,local.oob.memfunc.length-misuse.maxcover.v5,warning,low,"CWE-120,CWE-125,CWE-787",/mnt/WorkDrive/SAILR/dataset/19910/binutils_19910_fix/zlib/deflate.c,906,17,906,24,High-coverage OOB risk: length/count may be unbounded for memcpy().,,901,911,"        if (s->gzhead->extra != Z_NULL) {
            ulg beg = s->pending;   /* start of bytes to update crc */
            uInt left = (s->gzhead->extra_len & 0xffff) - s->gzindex;
            while (s->pending + left > s->pending_buf_size) {
                uInt copy = s->pending_buf_size - s->pending;
                zmemcpy(s->pending_buf + s->pending,
                        s->gzhead->extra + s->gzindex, copy);
                s->pending = s->pending_buf_size;
                HCRC_UPDATE(beg);
                s->gzindex += copy;
                flush_pending(strm);"
local.oob.memfunc.length-misuse.maxcover.v5,local.oob.memfunc.length-misuse.maxcover.v5,warning,low,"CWE-120,CWE-125,CWE-787",/mnt/WorkDrive/SAILR/dataset/19910/binutils_19910_fix/zlib/deflate.c,919,13,919,20,High-coverage OOB risk: length/count may be unbounded for memcpy().,,914,924,"                    return Z_OK;
                }
                beg = 0;
                left -= copy;
            }
            zmemcpy(s->pending_buf + s->pending,
                    s->gzhead->extra + s->gzindex, left);
            s->pending += left;
            HCRC_UPDATE(beg);
            s->gzindex = 0;
        }"
local.oob.memfunc.length-misuse.maxcover.v5,local.oob.memfunc.length-misuse.maxcover.v5,warning,low,"CWE-120,CWE-125,CWE-787",/mnt/WorkDrive/SAILR/dataset/19910/binutils_19910_fix/zlib/inflate.c,423,9,423,16,High-coverage OOB risk: length/count may be unbounded for memcpy().,,418,428,"        state->whave = 0;
    }

    /* copy state->wsize or less output bytes into the circular window */
    if (copy >= state->wsize) {
        zmemcpy(state->window, end - state->wsize, state->wsize);
        state->wnext = 0;
        state->whave = state->wsize;
    }
    else {
        dist = state->wsize - state->wnext;"
local.oob.memfunc.length-misuse.maxcover.v5,local.oob.memfunc.length-misuse.maxcover.v5,warning,low,"CWE-120,CWE-125,CWE-787",/mnt/WorkDrive/SAILR/dataset/19910/binutils_19910_fix/zlib/inflate.c,430,9,430,16,High-coverage OOB risk: length/count may be unbounded for memcpy().,,425,435,"        state->whave = state->wsize;
    }
    else {
        dist = state->wsize - state->wnext;
        if (dist > copy) dist = copy;
        zmemcpy(state->window + state->wnext, end - copy, dist);
        copy -= dist;
        if (copy) {
            zmemcpy(state->window, end - copy, copy);
            state->wnext = copy;
            state->whave = state->wsize;"
local.oob.memfunc.length-misuse.maxcover.v5,local.oob.memfunc.length-misuse.maxcover.v5,warning,low,"CWE-120,CWE-125,CWE-787",/mnt/WorkDrive/SAILR/dataset/19910/binutils_19910_fix/zlib/inflate.c,433,13,433,20,High-coverage OOB risk: length/count may be unbounded for memcpy().,,428,438,"        dist = state->wsize - state->wnext;
        if (dist > copy) dist = copy;
        zmemcpy(state->window + state->wnext, end - copy, dist);
        copy -= dist;
        if (copy) {
            zmemcpy(state->window, end - copy, copy);
            state->wnext = copy;
            state->whave = state->wsize;
        }
        else {
            state->wnext += dist;"
local.oob.memfunc.length-misuse.maxcover.v5,local.oob.memfunc.length-misuse.maxcover.v5,warning,low,"CWE-120,CWE-125,CWE-787",/mnt/WorkDrive/SAILR/dataset/19910/binutils_19910_fix/zlib/deflate.c,1030,21,1030,34,High-coverage OOB risk: length/count may be unbounded for memset().,,1025,1035,"                _tr_stored_block(s, (char*)0, 0L, 0);
                /* For a full flush, this empty block will be recognized
                 * as a special marker by inflate_sync().
                 */
                if (flush == Z_FULL_FLUSH) {
                    CLEAR_HASH(s);             /* forget history */
                    if (s->lookahead == 0) {
                        s->strstart = 0;
                        s->block_start = 0L;
                        s->insert = 0;
                    }"
local.oob.memfunc.length-misuse.maxcover.v5,local.oob.memfunc.length-misuse.maxcover.v5,warning,low,"CWE-120,CWE-125,CWE-787",/mnt/WorkDrive/SAILR/dataset/19910/binutils_19910_fix/zlib/deflate.c,741,5,741,12,High-coverage OOB risk: length/count may be unbounded for memcpy().,,736,746,"    _tr_flush_bits(s);
    len = s->pending;
    if (len > strm->avail_out) len = strm->avail_out;
    if (len == 0) return;

    zmemcpy(strm->next_out, s->pending_out, len);
    strm->next_out  += len;
    s->pending_out  += len;
    strm->total_out += len;
    strm->avail_out -= len;
    s->pending      -= len;"
local.oob.memfunc.length-misuse.maxcover.v5,local.oob.memfunc.length-misuse.maxcover.v5,warning,low,"CWE-120,CWE-125,CWE-787",/mnt/WorkDrive/SAILR/dataset/19910/binutils_19910_fix/zlib/deflate.c,603,17,603,30,High-coverage OOB risk: length/count may be unbounded for memset().,,598,608,"    if (s->level != level) {
        if (s->level == 0 && s->matches != 0) {
            if (s->matches == 1)
                slide_hash(s);
            else
                CLEAR_HASH(s);
            s->matches = 0;
        }
        s->level = level;
        s->max_lazy_match   = configuration_table[level].max_lazy;
        s->good_match       = configuration_table[level].good_length;"
local.oob.memfunc.length-misuse.maxcover.v5,local.oob.memfunc.length-misuse.maxcover.v5,warning,low,"CWE-120,CWE-125,CWE-787",/mnt/WorkDrive/SAILR/dataset/19910/binutils_19910_fix/zlib/deflate.c,460,9,460,16,High-coverage OOB risk: length/count may be unbounded for memcpy().,,455,465,"    s = strm->state;
    len = s->strstart + s->lookahead;
    if (len > s->w_size)
        len = s->w_size;
    if (dictionary != Z_NULL && len)
        zmemcpy(dictionary, s->window + s->strstart + s->lookahead - len, len);
    if (dictLength != Z_NULL)
        *dictLength = len;
    return Z_OK;
}
"
local.oob.memfunc.length-misuse.maxcover.v5,local.oob.memfunc.length-misuse.maxcover.v5,warning,low,"CWE-120,CWE-125,CWE-787",/mnt/WorkDrive/SAILR/dataset/19910/binutils_19910_fix/zlib/deflate.c,402,13,402,26,High-coverage OOB risk: length/count may be unbounded for memset().,,397,407,"    s->wrap = 0;                    /* avoid computing Adler-32 in read_buf */

    /* if dictionary would fill window, just replace the history */
    if (dictLength >= s->w_size) {
        if (wrap == 0) {            /* already empty otherwise */
            CLEAR_HASH(s);
            s->strstart = 0;
            s->block_start = 0L;
            s->insert = 0;
        }
        dictionary += dictLength - s->w_size;  /* use the tail */"
